date,Banxico,Fed,VIX,USD_MXN
11/08/2016,4.25,0.4,11.680000305175781,18.2678
12/08/2016,4.25,0.4,11.550000190734863,18.2455
15/08/2016,4.25,0.4,11.81000042,18.0363
16/08/2016,4.25,0.4,12.640000343322754,17.9869
17/08/2016,4.25,0.4,12.18999958,18.2598
18/08/2016,4.25,0.4,11.430000305175781,18.0832
19/08/2016,4.25,0.4,11.34000015258789,18.2674
22/08/2016,4.25,0.4,12.270000457763672,18.3023
23/08/2016,4.25,0.4,12.380000114440918,18.3202
24/08/2016,4.25,0.4,13.449999809265137,18.4971
25/08/2016,4.25,0.4,13.630000114440918,18.446
26/08/2016,4.25,0.4,13.649999618530273,18.283
29/08/2016,4.25,0.4,12.93999958,18.5773
30/08/2016,4.25,0.4,13.119999885559082,18.7953
31/08/2016,4.25,0.3,13.420000076293945,18.8611
01/09/2016,4.25,0.4,13.479999542236328,18.8523
02/09/2016,4.25,0.4,11.979999542236328,18.6589
05/09/2016,4.25,0.4,11.979999542236328,18.5581
06/09/2016,4.25,0.4,12.020000457763672,18.3524
07/09/2016,4.25,0.4,11.93999958,18.3689
08/09/2016,4.25,0.4,12.510000228881836,18.5427
09/09/2016,4.25,0.4,17.5,18.8451
12/09/2016,4.25,0.4,15.15999984741211,19.0646
13/09/2016,4.25,0.4,17.850000381469727,19.152
14/09/2016,4.25,0.4,18.139999389648438,19.2275
15/09/2016,4.25,0.4,16.299999237060547,19.2514
16/09/2016,4.25,0.4,15.369999885559082,19.2514
19/09/2016,4.25,0.4,15.529999732971191,19.6097
20/09/2016,4.25,0.4,15.920000076293945,19.777
21/09/2016,4.25,0.4,13.300000190734863,19.8394
22/09/2016,4.25,0.4,12.020000457763672,19.5965
23/09/2016,4.25,0.4,12.289999961853027,19.7211
26/09/2016,4.25,0.4,14.5,19.8322
27/09/2016,4.25,0.4,13.100000381469727,19.5044
28/09/2016,4.25,0.4,12.390000343322754,19.5002
29/09/2016,4.75,0.4,14.020000457763672,19.4086
30/09/2016,4.75,0.29,13.289999961853027,19.3776
03/10/2016,4.75,0.4,13.569999694824219,19.3211
04/10/2016,4.75,0.4,13.630000114440918,19.2138
05/10/2016,4.75,0.4,12.989999771118164,19.2554
06/10/2016,4.75,0.4,12.84000015258789,19.2433
07/10/2016,4.75,0.4,13.479999542236328,19.2994
10/10/2016,4.75,0.4,13.380000114440918,18.8786
11/10/2016,4.75,0.41,15.359999656677246,18.9531
12/10/2016,4.75,0.41,15.90999984741211,18.9622
13/10/2016,4.75,0.41,16.690000534057617,19.0399
14/10/2016,4.75,0.41,16.12000084,19.0046
17/10/2016,4.75,0.41,16.209999084472656,18.8723
18/10/2016,4.75,0.41,15.279999732971191,18.6726
19/10/2016,4.75,0.41,14.40999984741211,18.5894
20/10/2016,4.75,0.41,13.75,18.5945
21/10/2016,4.75,0.41,13.34000015258789,18.6481
24/10/2016,4.75,0.41,13.020000457763672,18.5658
25/10/2016,4.75,0.41,13.460000038146973,18.5147
26/10/2016,4.75,0.41,14.239999771118164,18.6485
27/10/2016,4.75,0.41,15.359999656677246,18.8443
28/10/2016,4.75,0.41,16.190000534057617,18.7304
31/10/2016,4.75,0.31,17.059999465942383,18.8887
01/11/2016,4.75,0.41,18.559999465942383,19.1306
02/11/2016,4.75,0.41,19.31999969482422,19.1306
03/11/2016,4.75,0.41,22.079999923706055,19.2014
04/11/2016,4.75,0.41,22.510000228881836,19.0792
07/11/2016,4.75,0.41,18.709999084472656,18.6192
08/11/2016,4.75,0.41,18.739999771118164,18.5089
09/11/2016,4.75,0.41,14.380000114440918,19.925
10/11/2016,4.75,0.41,14.739999771118164,20.4812
11/11/2016,4.75,0.41,14.170000076293945,21.0511
14/11/2016,4.75,0.41,14.479999542236328,20.8729
15/11/2016,4.75,0.41,13.369999885559082,20.349
16/11/2016,4.75,0.41,13.720000267028809,20.2884
17/11/2016,5.25,0.41,13.350000381469727,20.1898
18/11/2016,5.25,0.41,12.850000381469727,20.4193
21/11/2016,5.25,0.41,12.420000076293945,20.4193
22/11/2016,5.25,0.41,12.40999984741211,20.5205
23/11/2016,5.25,0.41,12.430000305175781,20.6901
24/11/2016,5.25,0.41,12.430000305175781,20.7051
25/11/2016,5.25,0.41,12.34000015258789,20.6475
28/11/2016,5.25,0.41,13.149999618530273,20.5521
29/11/2016,5.25,0.41,12.899999618530273,20.6225
30/11/2016,5.25,0.31,13.329999923706055,20.5155
01/12/2016,5.25,0.41,14.069999694824219,20.7488
02/12/2016,5.25,0.41,14.119999885559082,20.6149
05/12/2016,5.25,0.41,12.140000343322754,20.5927
06/12/2016,5.25,0.41,11.789999961853027,20.3863
07/12/2016,5.25,0.41,12.220000267028809,20.2967
08/12/2016,5.25,0.41,12.640000343322754,20.4162
09/12/2016,5.25,0.41,11.75,20.3305
12/12/2016,5.25,0.41,12.640000343322754,20.3305
13/12/2016,5.25,0.41,12.720000267028809,20.2567
14/12/2016,5.25,0.41,13.18999958,20.2226
15/12/2016,5.75,0.66,12.789999961853027,20.5973
16/12/2016,5.75,0.66,12.199999809265137,20.428
19/12/2016,5.75,0.66,11.710000038146973,20.4098
20/12/2016,5.75,0.66,11.449999809265137,20.43
21/12/2016,5.75,0.66,11.270000457763672,20.4921
22/12/2016,5.75,0.66,11.430000305175781,20.7179
23/12/2016,5.75,0.66,11.43999958,20.6271
26/12/2016,5.75,0.66,11.43999958,20.6445
27/12/2016,5.75,0.66,11.989999771118164,20.7052
28/12/2016,5.75,0.66,12.949999809265137,20.7314
29/12/2016,5.75,0.66,13.369999885559082,20.664
30/12/2016,5.75,0.55,14.039999961853027,20.6194
02/01/2017,5.75,0.55,14.039999961853027,20.7323
03/01/2017,5.75,0.66,12.850000381469727,20.852
04/01/2017,5.75,0.66,11.850000381469727,21.3799
05/01/2017,5.75,0.66,11.670000076293945,21.3661
06/01/2017,5.75,0.66,11.319999694824219,21.3144
09/01/2017,5.75,0.66,11.56000042,21.3219
10/01/2017,5.75,0.66,11.489999771118164,21.6168
11/01/2017,5.75,0.66,11.260000228881836,21.9076
12/01/2017,5.75,0.66,11.539999961853027,21.7204
13/01/2017,5.75,0.66,11.229999542236328,21.633
16/01/2017,5.75,0.66,11.229999542236328,21.6643
17/01/2017,5.75,0.66,11.869999885559082,21.5738
18/01/2017,5.75,0.66,12.479999542236328,21.8514
19/01/2017,5.75,0.66,12.779999732971191,21.9044
20/01/2017,5.75,0.66,11.539999961853027,21.7002
23/01/2017,5.75,0.66,11.770000457763672,21.4512
24/01/2017,5.75,0.66,11.069999694824219,21.3692
25/01/2017,5.75,0.66,10.81000042,21.3439
26/01/2017,5.75,0.66,10.630000114440918,21.2024
27/01/2017,5.75,0.66,10.579999923706055,21.0212
30/01/2017,5.75,0.66,11.880000114440918,20.7588
31/01/2017,5.75,0.56,11.989999771118164,20.7908
01/02/2017,5.75,0.66,11.81000042,20.7752
02/02/2017,5.75,0.66,11.930000305175781,20.5757
03/02/2017,5.75,0.66,10.970000267028809,20.3439
06/02/2017,5.75,0.66,11.369999885559082,20.3439
07/02/2017,5.75,0.66,11.289999961853027,20.637
08/02/2017,5.75,0.66,11.449999809265137,20.4994
09/02/2017,6.25,0.66,10.880000114440918,20.4163
10/02/2017,6.25,0.66,10.850000381469727,20.3535
13/02/2017,6.25,0.66,11.069999694824219,20.328
14/02/2017,6.25,0.66,10.739999771118164,20.3507
15/02/2017,6.25,0.66,11.970000267028809,20.3254
16/02/2017,6.25,0.66,11.760000228881836,20.3325
17/02/2017,6.25,0.66,11.489999771118164,20.4526
20/02/2017,6.25,0.66,11.489999771118164,20.4059
21/02/2017,6.25,0.66,11.569999694824219,20.4489
22/02/2017,6.25,0.66,11.739999771118164,19.9127
23/02/2017,6.25,0.66,11.710000038146973,19.7011
24/02/2017,6.25,0.66,11.470000267028809,19.8335
27/02/2017,6.25,0.66,12.09000015258789,19.8322
28/02/2017,6.25,0.57,12.920000076293945,19.9957
01/03/2017,6.25,0.66,12.539999961853027,19.9007
02/03/2017,6.25,0.66,11.81000042,19.9373
03/03/2017,6.25,0.66,10.960000038146973,19.6147
06/03/2017,6.25,0.66,11.239999771118164,19.5538
07/03/2017,6.25,0.66,11.449999809265137,19.521
08/03/2017,6.25,0.66,11.859999656677246,19.6007
09/03/2017,6.25,0.66,12.300000190734863,19.7974
10/03/2017,6.25,0.66,11.65999984741211,19.6279
13/03/2017,6.25,0.66,11.350000381469727,19.5803
14/03/2017,6.25,0.66,12.300000190734863,19.6543
15/03/2017,6.25,0.66,11.630000114440918,19.4493
16/03/2017,6.25,0.91,11.210000038146973,19.173
17/03/2017,6.25,0.91,11.279999732971191,19.117
20/03/2017,6.25,0.91,11.34000015258789,19.117
21/03/2017,6.25,0.91,12.470000267028809,19.107
22/03/2017,6.25,0.91,12.81000042,19.0837
23/03/2017,6.25,0.91,13.119999885559082,18.9877
24/03/2017,6.25,0.91,12.960000038146973,18.8528
27/03/2017,6.25,0.91,12.5,18.8661
28/03/2017,6.25,0.91,11.529999732971191,18.8853
29/03/2017,6.25,0.91,11.420000076293945,18.8092
30/03/2017,6.5,0.91,11.539999961853027,18.7079
31/03/2017,6.5,0.82,12.369999885559082,18.7955
03/04/2017,6.5,0.91,12.380000114440918,18.732
04/04/2017,6.5,0.91,11.789999961853027,18.8334
05/04/2017,6.5,0.91,12.890000343322754,18.7192
06/04/2017,6.5,0.91,12.390000343322754,18.7696
07/04/2017,6.5,0.91,12.869999885559082,18.656
10/04/2017,6.5,0.91,14.050000190734863,18.6923
11/04/2017,6.5,0.91,15.069999694824219,18.7646
12/04/2017,6.5,0.91,15.770000457763672,18.7528
13/04/2017,6.5,0.91,15.960000038146973,18.7528
14/04/2017,6.5,0.91,15.960000038146973,18.7528
17/04/2017,6.5,0.91,14.65999984741211,18.5582
18/04/2017,6.5,0.91,14.420000076293945,18.4863
19/04/2017,6.5,0.91,14.930000305175781,18.8374
20/04/2017,6.5,0.91,14.149999618530273,18.8187
21/04/2017,6.5,0.91,14.630000114440918,18.8413
24/04/2017,6.5,0.91,10.84000015258789,18.6521
25/04/2017,6.5,0.91,10.760000228881836,18.9225
26/04/2017,6.5,0.91,10.850000381469727,19.1119
27/04/2017,6.5,0.91,10.359999656677246,19.067
28/04/2017,6.5,0.83,10.819999694824219,18.9594
01/05/2017,6.5,0.91,10.109999656677246,18.9594
02/05/2017,6.5,0.91,10.59000015258789,18.7731
03/05/2017,6.5,0.91,10.680000305175781,18.8031
04/05/2017,6.5,0.91,10.460000038146973,19.0019
05/05/2017,6.5,0.91,10.569999694824219,19.0137
08/05/2017,6.5,0.91,9.770000457763672,19.1164
09/05/2017,6.5,0.91,9.960000038146973,19.1364
10/05/2017,6.5,0.91,10.210000038146973,18.9587
11/05/2017,6.5,0.91,10.600000381469727,18.9039
12/05/2017,6.5,0.91,10.399999618530273,18.7594
15/05/2017,6.5,0.91,10.420000076293945,18.67
16/05/2017,6.5,0.91,10.649999618530273,18.6183
17/05/2017,6.5,0.91,15.59000015258789,18.6761
18/05/2017,6.75,0.91,14.65999984741211,18.8898
19/05/2017,6.75,0.91,12.039999961853027,18.6859
22/05/2017,6.75,0.91,10.930000305175781,18.6633
23/05/2017,6.75,0.91,10.720000267028809,18.615
24/05/2017,6.75,0.91,10.020000457763672,18.5689
25/05/2017,6.75,0.91,9.989999771118164,18.4185
26/05/2017,6.75,0.91,9.81000042,18.4849
29/05/2017,6.75,0.91,9.81000042,18.5121
30/05/2017,6.75,0.91,10.380000114440918,18.6643
31/05/2017,6.75,0.83,10.40999984741211,18.6909
01/06/2017,6.75,0.91,9.890000343322754,18.5941
02/06/2017,6.75,0.91,9.75,18.6204
05/06/2017,6.75,0.91,10.069999694824219,18.3819
06/06/2017,6.75,0.91,10.449999809265137,18.2762
07/06/2017,6.75,0.91,10.390000343322754,18.2278
08/06/2017,6.75,0.91,10.15999984741211,18.1946
09/06/2017,6.75,0.91,10.699999809265137,18.1939
12/06/2017,6.75,0.91,11.460000038146973,18.1802
13/06/2017,6.75,0.91,10.420000076293945,18.0725
14/06/2017,6.75,0.91,10.640000343322754,17.9343
15/06/2017,6.75,1.16,10.899999618530273,18.1154
16/06/2017,6.75,1.16,10.380000114440918,17.9321
19/06/2017,6.75,1.16,10.369999885559082,17.9519
20/06/2017,6.75,1.16,10.859999656677246,18.1167
21/06/2017,6.75,1.16,10.75,18.157
22/06/2017,7,1.16,10.479999542236328,18.127
23/06/2017,7,1.16,10.020000457763672,17.99
26/06/2017,7,1.16,9.899999618530273,17.8775
27/06/2017,7,1.16,11.06000042,17.9862
28/06/2017,7,1.16,10.029999732971191,17.8973
29/06/2017,7,1.16,11.43999958,18.0279
30/06/2017,7,1.06,11.180000305175781,18.0626
03/07/2017,7,1.16,11.220000267028809,18.2064
04/07/2017,7,1.16,11.220000267028809,18.2036
05/07/2017,7,1.16,11.069999694824219,18.3556
06/07/2017,7,1.16,12.539999961853027,18.3227
07/07/2017,7,1.16,11.18999958,18.1394
10/07/2017,7,1.16,11.109999656677246,17.9751
11/07/2017,7,1.16,10.890000343322754,17.9482
12/07/2017,7,1.16,10.300000190734863,17.7708
13/07/2017,7,1.16,9.899999618530273,17.7422
14/07/2017,7,1.16,9.510000228881836,17.5613
17/07/2017,7,1.16,9.819999694824219,17.5836
18/07/2017,7,1.16,9.890000343322754,17.5134
19/07/2017,7,1.16,9.789999961853027,17.4937
20/07/2017,7,1.16,9.579999923706055,17.526
21/07/2017,7,1.16,9.359999656677246,17.5618
24/07/2017,7,1.16,9.430000305175781,17.6893
25/07/2017,7,1.16,9.430000305175781,17.7492
26/07/2017,7,1.16,9.600000381469727,17.7561
27/07/2017,7,1.16,10.109999656677246,17.6886
28/07/2017,7,1.16,10.289999961853027,17.7435
31/07/2017,7,1.07,10.260000228881836,17.8646
01/08/2017,7,1.16,10.09000015258789,17.8108
02/08/2017,7,1.16,10.279999732971191,17.8696
03/08/2017,7,1.16,10.43999958,17.8733
04/08/2017,7,1.16,10.029999732971191,17.8798
07/08/2017,7,1.16,9.930000305175781,17.9641
08/08/2017,7,1.16,10.960000038146973,17.916
09/08/2017,7,1.16,11.109999656677246,17.9671
10/08/2017,7,1.16,16.040000915527344,17.9073
11/08/2017,7,1.16,15.510000228881836,17.847
14/08/2017,7,1.16,12.329999923706055,17.7755
15/08/2017,7,1.16,12.039999961853027,17.8483
16/08/2017,7,1.16,11.739999771118164,17.716
17/08/2017,7,1.16,15.550000190734863,17.7324
18/08/2017,7,1.16,14.260000228881836,17.8584
21/08/2017,7,1.16,13.18999958,17.6501
22/08/2017,7,1.16,11.350000381469727,17.6458
23/08/2017,7,1.16,12.25,17.7113
24/08/2017,7,1.16,12.229999542236328,17.6977
25/08/2017,7,1.16,11.279999732971191,17.6205
28/08/2017,7,1.16,11.319999694824219,17.8049
29/08/2017,7,1.16,11.699999809265137,17.876
30/08/2017,7,1.16,11.220000267028809,17.7753
31/08/2017,7,1.07,10.59000015258789,17.8145
01/09/2017,7,1.16,10.130000114440918,17.7861
04/09/2017,7,1.16,10.130000114440918,17.8683
05/09/2017,7,1.16,12.229999542236328,17.836
06/09/2017,7,1.16,11.630000114440918,17.8136
07/09/2017,7,1.16,11.550000190734863,17.6965
08/09/2017,7,1.16,12.119999885559082,17.7331
11/09/2017,7,1.16,10.729999542236328,17.6443
12/09/2017,7,1.16,10.579999923706055,17.781
13/09/2017,7,1.16,10.5,17.7836
14/09/2017,7,1.16,10.43999958,17.7278
15/09/2017,7,1.16,10.170000076293945,17.6857
18/09/2017,7,1.16,10.149999618530273,17.761
19/09/2017,7,1.16,10.180000305175781,17.7643
20/09/2017,7,1.16,9.779999732971191,17.7009
21/09/2017,7,1.16,9.670000076293945,17.8545
22/09/2017,7,1.16,9.590000153,17.7487
25/09/2017,7,1.16,10.210000038146973,17.8831
26/09/2017,7,1.16,10.170000076293945,17.9933
27/09/2017,7,1.16,9.869999885559082,18.13
28/09/2017,7,1.16,9.550000190734863,18.1979
29/09/2017,7,1.06,9.510000228881836,18.159
02/10/2017,7,1.16,9.449999809265137,18.2337
03/10/2017,7,1.16,9.510000228881836,18.2113
04/10/2017,7,1.16,9.630000114440918,18.2282
05/10/2017,7,1.16,9.18999958,18.306
06/10/2017,7,1.16,9.649999618530273,18.5522
09/10/2017,7,1.16,10.329999923706055,18.6646
10/10/2017,7,1.16,10.079999923706055,18.6327
11/10/2017,7,1.16,9.850000381469727,18.718
12/10/2017,7,1.16,9.909999847,18.7631
13/10/2017,7,1.16,9.609999656677246,18.9008
16/10/2017,7,1.16,9.909999847,19.0753
17/10/2017,7,1.16,10.31000042,19.0117
18/10/2017,7,1.16,10.069999694824219,18.8869
19/10/2017,7,1.16,10.050000190734863,18.8248
20/10/2017,7,1.16,9.970000267028809,19.008
23/10/2017,7,1.16,11.069999694824219,19.0489
24/10/2017,7,1.16,11.15999984741211,19.2009
25/10/2017,7,1.16,11.229999542236328,19.077
26/10/2017,7,1.16,11.300000190734863,19.096
27/10/2017,7,1.16,9.800000190734863,19.1474
30/10/2017,7,1.16,10.5,19.2188
31/10/2017,7,1.07,10.180000305175781,19.1478
01/11/2017,7,1.16,10.199999809265137,19.1241
02/11/2017,7,1.16,9.930000305175781,19.1241
03/11/2017,7,1.16,9.140000343322754,19.185
06/11/2017,7,1.16,9.399999618530273,19.0814
07/11/2017,7,1.16,9.890000343322754,19.1349
08/11/2017,7,1.16,9.779999732971191,19.0718
09/11/2017,7,1.16,10.5,19.09
10/11/2017,7,1.16,11.289999961853027,19.0526
13/11/2017,7,1.16,11.5,19.168
14/11/2017,7,1.16,11.59000015258789,19.1334
15/11/2017,7,1.16,13.130000114440918,19.2268
16/11/2017,7,1.16,11.760000228881836,19.1224
17/11/2017,7,1.16,11.430000305175781,18.9724
20/11/2017,7,1.16,10.649999618530273,18.9724
21/11/2017,7,1.16,9.729999542236328,18.8242
22/11/2017,7,1.16,9.880000114440918,18.74
23/11/2017,7,1.16,9.880000114440918,18.6041
24/11/2017,7,1.16,9.670000076293945,18.5379
27/11/2017,7,1.16,9.869999885559082,18.52
28/11/2017,7,1.16,10.029999732971191,18.5848
29/11/2017,7,1.16,10.699999809265137,18.519
30/11/2017,7,1.07,11.279999732971191,18.6229
01/12/2017,7,1.16,11.430000305175781,18.6399
04/12/2017,7,1.16,11.680000305175781,18.642
05/12/2017,7,1.16,11.329999923706055,18.6958
06/12/2017,7,1.16,11.020000457763672,18.8897
07/12/2017,7,1.16,10.15999984741211,18.9315
08/12/2017,7,1.16,9.579999923706055,18.9445
11/12/2017,7,1.16,9.340000153,18.974
12/12/2017,7,1.17,9.920000076293945,18.974
13/12/2017,7,1.17,10.180000305175781,19.1391
14/12/2017,7.25,1.41,10.489999771118164,19.1202
15/12/2017,7.25,1.41,9.420000076293945,19.1289
18/12/2017,7.25,1.42,9.529999732971191,19.0289
19/12/2017,7.25,1.42,10.029999732971191,19.1913
20/12/2017,7.25,1.42,9.720000267028809,19.2291
21/12/2017,7.25,1.42,9.619999885559082,19.3962
22/12/2017,7.25,1.42,9.899999618530273,19.5848
25/12/2017,7.25,1.42,9.899999618530273,19.5848
26/12/2017,7.25,1.42,10.25,19.7223
27/12/2017,7.25,1.42,10.470000267028809,19.7867
28/12/2017,7.25,1.42,10.180000305175781,19.7354
29/12/2017,7.25,1.33,11.039999961853027,19.6629
01/01/2018,7.25,1.33,11.039999961853027,19.6629
02/01/2018,7.25,1.42,9.770000457763672,19.4899
03/01/2018,7.25,1.42,9.149999618530273,19.3717
04/01/2018,7.25,1.42,9.220000267028809,19.2427
05/01/2018,7.25,1.42,9.220000267028809,19.2737
08/01/2018,7.25,1.42,9.520000457763672,19.2323
09/01/2018,7.25,1.42,10.079999923706055,19.3065
10/01/2018,7.25,1.42,9.819999694824219,19.2405
11/01/2018,7.25,1.42,9.880000114440918,19.3433
12/01/2018,7.25,1.42,10.15999984741211,19.0446
15/01/2018,7.25,1.42,10.15999984741211,18.8113
16/01/2018,7.25,1.42,11.65999984741211,18.8362
17/01/2018,7.25,1.42,11.90999984741211,18.655
18/01/2018,7.25,1.42,12.220000267028809,18.6361
19/01/2018,7.25,1.42,11.270000457763672,18.5813
22/01/2018,7.25,1.42,11.029999732971191,18.7118
23/01/2018,7.25,1.42,11.100000381469727,18.798
24/01/2018,7.25,1.42,11.470000267028809,18.5178
25/01/2018,7.25,1.42,11.579999923706055,18.478
26/01/2018,7.25,1.42,11.079999923706055,18.4672
29/01/2018,7.25,1.42,13.84000015258789,18.6196
30/01/2018,7.25,1.42,14.789999961853027,18.6982
31/01/2018,7.25,1.34,13.539999961853027,18.6069
01/02/2018,7.25,1.42,13.470000267028809,18.4004
02/02/2018,7.25,1.42,17.309999465942383,18.5248
05/02/2018,7.25,1.42,37.31999969482422,18.5248
06/02/2018,7.25,1.42,29.979999542236328,18.7009
07/02/2018,7.25,1.42,27.729999542236328,18.6492
08/02/2018,7.5,1.42,33.459999084472656,18.8815
09/02/2018,7.5,1.42,29.059999465942383,18.8623
12/02/2018,7.5,1.42,25.610000610351562,18.6703
13/02/2018,7.5,1.42,24.969999313354492,18.6269
14/02/2018,7.5,1.42,19.260000228881836,18.6025
15/02/2018,7.5,1.42,19.12999916,18.5159
16/02/2018,7.5,1.42,19.459999084472656,18.4797
19/02/2018,7.5,1.42,19.459999084472656,18.536
20/02/2018,7.5,1.42,20.600000381469727,18.6594
21/02/2018,7.5,1.42,20.020000457763672,18.6518
22/02/2018,7.5,1.42,18.719999313354492,18.6574
23/02/2018,7.5,1.42,16.489999771118164,18.5659
26/02/2018,7.5,1.42,15.800000190734863,18.6456
27/02/2018,7.5,1.42,18.59000015258789,18.7902
28/02/2018,7.5,1.35,19.850000381469727,18.8331
01/03/2018,7.5,1.42,22.469999313354492,18.861
02/03/2018,7.5,1.42,19.59000015258789,18.8909
05/03/2018,7.5,1.42,18.729999542236328,18.8838
06/03/2018,7.5,1.42,18.360000610351562,18.7246
07/03/2018,7.5,1.42,17.760000228881836,18.7922
08/03/2018,7.5,1.42,16.540000915527344,18.7148
09/03/2018,7.5,1.42,14.640000343322754,18.5812
12/03/2018,7.5,1.42,15.779999732971191,18.6199
13/03/2018,7.5,1.42,16.350000381469727,18.5604
14/03/2018,7.5,1.42,17.229999542236328,18.5854
15/03/2018,7.5,1.43,16.59000015258789,18.7023
16/03/2018,7.5,1.43,15.800000190734863,18.7216
19/03/2018,7.5,1.43,19.020000457763672,18.7216
20/03/2018,7.5,1.44,18.200000762939453,18.7614
21/03/2018,7.5,1.44,17.860000610351562,18.6001
22/03/2018,7.5,1.68,23.34000015258789,18.5078
23/03/2018,7.5,1.68,24.87000084,18.5364
26/03/2018,7.5,1.68,21.030000686645508,18.3268
27/03/2018,7.5,1.68,22.5,18.3445
28/03/2018,7.5,1.68,22.87000084,18.2709
29/03/2018,7.5,1.68,19.969999313354492,18.2709
30/03/2018,7.5,1.67,19.969999313354492,18.2709
02/04/2018,7.5,1.68,23.62000084,18.2967
03/04/2018,7.5,1.69,21.100000381469727,18.2044
04/04/2018,7.5,1.69,20.059999465942383,18.2244
05/04/2018,7.5,1.69,18.940000534057617,18.1081
06/04/2018,7.5,1.69,21.489999771118164,18.2888
09/04/2018,7.5,1.69,21.770000457763672,18.2753
10/04/2018,7.5,1.69,20.469999313354492,18.2882
11/04/2018,7.5,1.69,20.239999771118164,18.2018
12/04/2018,7.5,1.69,18.489999771118164,18.1353
13/04/2018,7.5,1.69,17.40999984741211,18.087
16/04/2018,7.5,1.69,16.559999465942383,18.0394
17/04/2018,7.5,1.69,15.25,17.9787
18/04/2018,7.5,1.69,15.600000381469727,18.0333
19/04/2018,7.5,1.69,15.960000038146973,18.2819
20/04/2018,7.5,1.7,16.87999916,18.621
23/04/2018,7.5,1.7,16.34000015258789,18.8628
24/04/2018,7.5,1.7,18.020000457763672,18.8139
25/04/2018,7.5,1.7,17.84000015258789,19.053
26/04/2018,7.5,1.7,16.239999771118164,18.8644
27/04/2018,7.5,1.7,15.40999984741211,18.6847
30/04/2018,7.5,1.69,15.930000305175781,18.7878
01/05/2018,7.5,1.7,15.489999771118164,18.7878
02/05/2018,7.5,1.7,15.970000267028809,19.0943
03/05/2018,7.5,1.7,15.899999618530273,19.1223
04/05/2018,7.5,1.7,14.770000457763672,19.2017
07/05/2018,7.5,1.7,14.75,19.4232
08/05/2018,7.5,1.7,14.710000038146973,19.5781
09/05/2018,7.5,1.7,13.420000076293945,19.5387
10/05/2018,7.5,1.7,13.229999542236328,19.2989
11/05/2018,7.5,1.7,12.649999618530273,19.3539
14/05/2018,7.5,1.7,12.930000305175781,19.5214
15/05/2018,7.5,1.7,14.630000114440918,19.7854
16/05/2018,7.5,1.7,13.420000076293945,19.7094
17/05/2018,7.5,1.7,13.430000305175781,19.7033
18/05/2018,7.5,1.7,13.420000076293945,19.9319
21/05/2018,7.5,1.7,13.079999923706055,19.9054
22/05/2018,7.5,1.7,13.220000267028809,19.7528
23/05/2018,7.5,1.7,12.579999923706055,19.7661
24/05/2018,7.5,1.7,12.529999732971191,19.7048
25/05/2018,7.5,1.7,13.220000267028809,19.5608
28/05/2018,7.5,1.7,13.220000267028809,19.5915
29/05/2018,7.5,1.7,17.020000457763672,19.7499
30/05/2018,7.5,1.7,14.93999958,19.7322
31/05/2018,7.5,1.7,15.430000305175781,19.9759
01/06/2018,7.5,1.7,13.460000038146973,19.8662
04/06/2018,7.5,1.7,12.739999771118164,19.9934
05/06/2018,7.5,1.7,12.399999618530273,20.3863
06/06/2018,7.5,1.7,11.640000343322754,20.3129
07/06/2018,7.5,1.7,12.130000114440918,20.46
08/06/2018,7.5,1.7,12.180000305175781,20.5281
11/06/2018,7.5,1.7,12.350000381469727,20.4722
12/06/2018,7.5,1.7,12.34000015258789,20.596
13/06/2018,7.5,1.7,12.93999958,20.6259
14/06/2018,7.5,1.9,12.119999885559082,20.6953
15/06/2018,7.5,1.9,11.979999542236328,20.716
18/06/2018,7.5,1.9,12.31000042,20.6968
19/06/2018,7.5,1.91,13.350000381469727,20.5531
20/06/2018,7.5,1.92,12.789999961853027,20.3937
21/06/2018,7.75,1.92,14.640000343322754,20.3689
22/06/2018,7.75,1.92,13.770000457763672,20.1264
25/06/2018,7.75,1.92,17.329999923706055,20.0908
26/06/2018,7.75,1.92,15.920000076293945,19.8754
27/06/2018,7.75,1.91,17.90999984741211,20.0553
28/06/2018,7.75,1.91,16.850000381469727,19.8633
29/06/2018,7.75,1.91,16.09000015258789,19.6912
02/07/2018,7.75,1.91,15.600000381469727,20.1453
03/07/2018,7.75,1.91,16.139999389648438,19.5974
04/07/2018,7.75,1.91,16.139999389648438,19.4284
05/07/2018,7.75,1.91,14.970000267028809,19.2513
06/07/2018,7.75,1.91,13.369999885559082,19.0719
09/07/2018,7.75,1.91,12.68999958,19.1563
10/07/2018,7.75,1.91,12.640000343322754,19.0559
11/07/2018,7.75,1.91,13.630000114440918,18.9632
12/07/2018,7.75,1.91,12.579999923706055,18.8241
13/07/2018,7.75,1.91,12.180000305175781,18.8854
16/07/2018,7.75,1.91,12.829999923706055,18.836
17/07/2018,7.75,1.91,12.06000042,18.8763
18/07/2018,7.75,1.91,12.100000381469727,18.91
19/07/2018,7.75,1.91,12.869999885559082,19.079
20/07/2018,7.75,1.91,12.859999656677246,19.0694
23/07/2018,7.75,1.91,12.619999885559082,19.0761
24/07/2018,7.75,1.91,12.40999984741211,18.8506
25/07/2018,7.75,1.91,12.289999961853027,18.7709
26/07/2018,7.75,1.91,12.140000343322754,18.6234
27/07/2018,7.75,1.91,13.029999732971191,18.5515
30/07/2018,7.75,1.91,14.260000228881836,18.5413
31/07/2018,7.75,1.91,12.829999923706055,18.6457
01/08/2018,7.75,1.91,13.149999618530273,18.5899
02/08/2018,7.75,1.91,12.18999958,18.6349
03/08/2018,7.75,1.91,11.640000343322754,18.5725
06/08/2018,7.75,1.91,11.270000457763672,18.5433
07/08/2018,7.75,1.91,10.930000305175781,18.4631
08/08/2018,7.75,1.91,10.850000381469727,18.4542
09/08/2018,7.75,1.91,11.270000457763672,18.6511
10/08/2018,7.75,1.91,13.15999984741211,18.9273
13/08/2018,7.75,1.91,14.779999732971191,19.1801
14/08/2018,7.75,1.91,13.31000042,18.9973
15/08/2018,7.75,1.91,14.640000343322754,19.2339
16/08/2018,7.75,1.92,13.449999809265137,19.01
17/08/2018,7.75,1.92,12.640000343322754,19.0615
20/08/2018,7.75,1.92,12.489999771118164,19.0305
21/08/2018,7.75,1.92,12.859999656677246,18.8784
22/08/2018,7.75,1.92,12.25,18.8176
23/08/2018,7.75,1.92,12.40999984741211,18.8672
24/08/2018,7.75,1.92,11.989999771118164,18.8339
27/08/2018,7.75,1.92,12.15999984741211,18.6697
28/08/2018,7.75,1.92,12.5,18.9354
29/08/2018,7.75,1.92,12.25,19.0659
30/08/2018,7.75,1.92,13.529999732971191,19.1258
31/08/2018,7.75,1.91,12.859999656677246,19.1792
03/09/2018,7.75,1.91,12.859999656677246,19.2137
04/09/2018,7.75,1.92,13.15999984741211,19.3609
05/09/2018,7.75,1.92,13.90999984741211,19.4433
06/09/2018,7.75,1.92,14.649999618530273,19.3546
07/09/2018,7.75,1.92,14.880000114440918,19.2394
10/09/2018,7.75,1.92,14.15999984741211,19.2989
11/09/2018,7.75,1.92,13.220000267028809,19.268
12/09/2018,7.75,1.92,13.140000343322754,19.0511
13/09/2018,7.75,1.92,12.369999885559082,18.8775
14/09/2018,7.75,1.92,12.069999694824219,18.8689
17/09/2018,7.75,1.92,13.680000305175781,18.8399
18/09/2018,7.75,1.92,12.789999961853027,18.7694
19/09/2018,7.75,1.92,11.75,18.7672
20/09/2018,7.75,1.92,11.800000190734863,18.8296
21/09/2018,7.75,1.92,11.680000305175781,18.8539
24/09/2018,7.75,1.93,12.199999809265137,18.8516
25/09/2018,7.75,1.93,12.420000076293945,18.987
26/09/2018,7.75,1.93,12.890000343322754,18.8986
27/09/2018,7.75,2.18,12.40999984741211,18.812
28/09/2018,7.75,2.18,12.119999885559082,18.7231
01/10/2018,7.75,2.18,12,18.6531
02/10/2018,7.75,2.18,12.050000190734863,18.7503
03/10/2018,7.75,2.18,11.609999656677246,18.8014
04/10/2018,7.75,2.18,14.220000267028809,19.1328
05/10/2018,7.75,2.18,14.819999694824219,18.9444
08/10/2018,7.75,2.18,15.68999958,18.9234
09/10/2018,7.75,2.18,15.949999809265137,19
10/10/2018,7.75,2.18,22.959999084472656,19.1183
11/10/2018,7.75,2.18,24.979999542236328,19.0217
12/10/2018,7.75,2.18,21.309999465942383,18.9202
15/10/2018,7.75,2.18,21.299999237060547,18.8096
16/10/2018,7.75,2.18,17.62000084,18.7693
17/10/2018,7.75,2.19,17.399999618530273,18.8012
18/10/2018,7.75,2.19,20.059999465942383,19.1018
19/10/2018,7.75,2.19,19.889999389648438,19.2183
22/10/2018,7.75,2.19,19.639999389648438,19.3669
23/10/2018,7.75,2.2,20.709999084472656,19.4169
24/10/2018,7.75,2.2,25.229999542236328,19.4623
25/10/2018,7.75,2.2,24.219999313354492,19.4383
26/10/2018,7.75,2.2,24.15999984741211,19.479
29/10/2018,7.75,2.2,24.700000762939453,19.8022
30/10/2018,7.75,2.2,23.350000381469727,20.0258
31/10/2018,7.75,2.2,21.229999542236328,20.3177
01/11/2018,7.75,2.2,19.34000015258789,20.1329
02/11/2018,7.75,2.19,19.510000228881836,20.1329
05/11/2018,7.75,2.2,19.959999084472656,19.9636
06/11/2018,7.75,2.2,19.90999984741211,19.8609
07/11/2018,7.75,2.2,16.360000610351562,19.8245
08/11/2018,7.75,2.2,16.719999313354492,20.0438
09/11/2018,7.75,2.19,17.360000610351562,20.3614
12/11/2018,7.75,2.19,20.450000762939453,20.3179
13/11/2018,7.75,2.2,20.020000457763672,20.5158
14/11/2018,7.75,2.2,21.25,20.3979
15/11/2018,8,2.2,19.979999542236328,20.3371
16/11/2018,8,2.2,18.139999389648438,20.155
19/11/2018,8,2.2,20.100000381469727,20.155
20/11/2018,8,2.2,22.479999542236328,20.4123
21/11/2018,8,2.2,20.799999237060547,20.2023
22/11/2018,8,2.2,20.799999237060547,20.2984
23/11/2018,8,2.2,21.520000457763672,20.3935
26/11/2018,8,2.2,18.899999618530273,20.5304
27/11/2018,8,2.2,19.020000457763672,20.4977
28/11/2018,8,2.2,18.489999771118164,20.4108
29/11/2018,8,2.2,18.790000915527344,20.2217
30/11/2018,8,2.2,18.06999969482422,20.3455
03/12/2018,8,2.19,16.440000534057617,20.2346
04/12/2018,8,2.2,20.739999771118164,20.5123
05/12/2018,8,2.2,20.739999771118164,20.5672
06/12/2018,8,2.2,21.190000534057617,20.4705
07/12/2018,8,2.19,23.229999542236328,20.2609
10/12/2018,8,2.2,22.639999389648438,20.3621
11/12/2018,8,2.19,21.760000228881836,20.2889
12/12/2018,8,2.19,21.459999084472656,20.2889
13/12/2018,8,2.19,20.649999618530273,20.2566
14/12/2018,8,2.19,21.62999916,20.3337
17/12/2018,8,2.2,24.520000457763672,20.1126
18/12/2018,8,2.2,25.579999923706055,20.1277
19/12/2018,8,2.2,25.579999923706055,20.0293
20/12/2018,8.25,2.4,28.37999916,19.9082
21/12/2018,8.25,2.4,30.110000610351562,19.9275
24/12/2018,8.25,2.4,36.06999969482422,19.8473
25/12/2018,8.25,2.4,36.06999969482422,19.8473
26/12/2018,8.25,2.4,30.40999984741211,19.8823
27/12/2018,8.25,2.4,29.959999084472656,19.6829
28/12/2018,8.25,2.4,28.34000015258789,19.6566
31/12/2018,8.25,2.4,25.420000076293945,19.6512
01/01/2019,8.25,2.4,25.420000076293945,19.6512
02/01/2019,8.25,2.4,23.219999313354492,19.5878
03/01/2019,8.25,2.4,25.450000762939453,19.6073
04/01/2019,8.25,2.4,21.37999916,19.4902
07/01/2019,8.25,2.4,21.399999618530273,19.3208
08/01/2019,8.25,2.4,20.469999313354492,19.3479
09/01/2019,8.25,2.4,19.979999542236328,19.2456
10/01/2019,8.25,2.4,19.5,19.1714
11/01/2019,8.25,2.4,18.190000534057617,19.1236
14/01/2019,8.25,2.4,19.06999969482422,19.0064
15/01/2019,8.25,2.4,18.600000381469727,19.0457
16/01/2019,8.25,2.4,19.040000915527344,18.9908
17/01/2019,8.25,2.4,18.059999465942383,19.063
18/01/2019,8.25,2.4,17.799999237060547,19.0844
21/01/2019,8.25,2.4,17.799999237060547,19.1902
22/01/2019,8.25,2.4,20.799999237060547,19.1297
23/01/2019,8.25,2.4,19.520000457763672,19.0771
24/01/2019,8.25,2.4,18.889999389648438,18.9859
25/01/2019,8.25,2.4,17.420000076293945,18.928
28/01/2019,8.25,2.4,18.87000084,19.0381
29/01/2019,8.25,2.4,19.12999916,18.9972
30/01/2019,8.25,2.4,17.65999984741211,19.1623
31/01/2019,8.25,2.4,16.56999969482422,19.0388
01/02/2019,8.25,2.4,16.139999389648438,19.1098
04/02/2019,8.25,2.4,15.729999542236328,19.1098
05/02/2019,8.25,2.4,15.569999694824219,19.0824
06/02/2019,8.25,2.4,15.380000114440918,19.1058
07/02/2019,8.25,2.4,16.37000084,19.08
08/02/2019,8.25,2.4,15.720000267028809,19.0893
11/02/2019,8.25,2.4,15.970000267028809,19.2524
12/02/2019,8.25,2.4,15.430000305175781,19.2592
13/02/2019,8.25,2.4,15.649999618530273,19.4084
14/02/2019,8.25,2.4,16.219999313354492,19.3569
15/02/2019,8.25,2.4,14.90999984741211,19.3625
18/02/2019,8.25,2.4,14.90999984741211,19.2578
19/02/2019,8.25,2.4,14.880000114440918,19.1778
20/02/2019,8.25,2.4,14.020000457763672,19.1835
21/02/2019,8.25,2.4,14.460000038146973,19.2652
22/02/2019,8.25,2.4,13.510000228881836,19.1394
25/02/2019,8.25,2.4,14.850000381469727,19.1185
26/02/2019,8.25,2.4,15.170000076293945,19.163
27/02/2019,8.25,2.4,14.699999809265137,19.2201
28/02/2019,8.25,2.4,14.779999732971191,19.2607
01/03/2019,8.25,2.4,13.569999694824219,19.2978
04/03/2019,8.25,2.4,14.630000114440918,19.3039
05/03/2019,8.25,2.4,14.739999771118164,19.2597
06/03/2019,8.25,2.4,15.739999771118164,19.3708
07/03/2019,8.25,2.4,16.59000015258789,19.5225
08/03/2019,8.25,2.4,16.049999237060547,19.4902
11/03/2019,8.25,2.4,14.329999923706055,19.4243
12/03/2019,8.25,2.4,13.770000457763672,19.3049
13/03/2019,8.25,2.4,13.40999984741211,19.332
14/03/2019,8.25,2.4,13.5,19.3233
15/03/2019,8.25,2.4,12.880000114440918,19.2176
18/03/2019,8.25,2.4,13.100000381469727,19.2176
19/03/2019,8.25,2.4,13.56000042,19.0004
20/03/2019,8.25,2.41,13.90999984741211,18.9098
21/03/2019,8.25,2.41,13.630000114440918,18.8694
22/03/2019,8.25,2.41,16.479999542236328,19.1369
25/03/2019,8.25,2.4,16.329999923706055,19.0151
26/03/2019,8.25,2.4,14.680000305175781,19.0989
27/03/2019,8.25,2.41,15.149999618530273,19.3201
28/03/2019,8.25,2.41,14.430000305175781,19.3793
29/03/2019,8.25,2.43,13.710000038146973,19.3779
01/04/2019,8.25,2.41,13.399999618530273,19.2169
02/04/2019,8.25,2.41,13.359999656677246,19.2279
03/04/2019,8.25,2.41,13.739999771118164,19.1805
04/04/2019,8.25,2.41,13.579999923706055,19.1728
05/04/2019,8.25,2.41,12.819999694824219,19.0805
08/04/2019,8.25,2.41,13.180000305175781,18.9701
09/04/2019,8.25,2.41,14.279999732971191,18.9229
10/04/2019,8.25,2.41,13.300000190734863,18.836
11/04/2019,8.25,2.41,13.020000457763672,18.8432
12/04/2019,8.25,2.41,12.010000228881836,18.7719
15/04/2019,8.25,2.41,12.319999694824219,18.8489
16/04/2019,8.25,2.41,12.180000305175781,18.9516
17/04/2019,8.25,2.42,12.600000381469727,18.848
18/04/2019,8.25,2.43,12.09000015258789,18.848
19/04/2019,8.25,2.44,12.09000015258789,18.848
22/04/2019,8.25,2.44,12.420000076293945,18.8359
23/04/2019,8.25,2.44,12.279999732971191,18.9578
24/04/2019,8.25,2.44,13.140000343322754,19.0046
25/04/2019,8.25,2.44,13.25,19.0942
26/04/2019,8.25,2.44,12.729999542236328,18.9414
29/04/2019,8.25,2.45,13.109999656677246,19.012
30/04/2019,8.25,2.45,13.119999885559082,19.0099
01/05/2019,8.25,2.45,14.800000190734863,19.0099
02/05/2019,8.25,2.41,14.420000076293945,19.1014
03/05/2019,8.25,2.4,12.869999885559082,19.0012
06/05/2019,8.25,2.4,15.43999958,18.9781
07/05/2019,8.25,2.4,19.31999969482422,19.0499
08/05/2019,8.25,2.39,19.399999618530273,19.0837
09/05/2019,8.25,2.38,19.100000381469727,19.2623
10/05/2019,8.25,2.38,16.040000915527344,19.1374
13/05/2019,8.25,2.38,20.549999237060547,19.1928
14/05/2019,8.25,2.38,18.059999465942383,19.1427
15/05/2019,8.25,2.4,16.440000534057617,19.1236
16/05/2019,8.25,2.39,15.289999961853027,19.071
17/05/2019,8.25,2.39,15.960000038146973,19.1454
20/05/2019,8.25,2.39,16.309999465942383,19.0908
21/05/2019,8.25,2.39,14.949999809265137,19.0309
22/05/2019,8.25,2.38,14.75,18.9755
23/05/2019,8.25,2.38,16.920000076293945,19.0122
24/05/2019,8.25,2.38,15.850000381469727,19.0658
27/05/2019,8.25,2.38,15.850000381469727,19.0521
28/05/2019,8.25,2.39,17.5,19.1652
29/05/2019,8.25,2.39,17.899999618530273,19.2395
30/05/2019,8.25,2.39,17.299999237060547,19.0683
31/05/2019,8.25,2.4,18.709999084472656,19.6426
03/06/2019,8.25,2.38,18.860000610351562,19.7609
04/06/2019,8.25,2.38,16.969999313354492,19.6007
05/06/2019,8.25,2.38,16.09000015258789,19.5418
06/06/2019,8.25,2.37,15.930000305175781,19.7084
07/06/2019,8.25,2.37,16.299999237060547,19.6528
10/06/2019,8.25,2.37,15.93999958,19.204
11/06/2019,8.25,2.37,15.989999771118164,19.1222
12/06/2019,8.25,2.37,15.90999984741211,19.1383
13/06/2019,8.25,2.37,15.819999694824219,19.1645
14/06/2019,8.25,2.36,15.279999732971191,19.1487
17/06/2019,8.25,2.38,15.350000381469727,19.1924
18/06/2019,8.25,2.37,15.149999618530273,19.1011
19/06/2019,8.25,2.37,14.329999923706055,19.1753
20/06/2019,8.25,2.37,14.75,18.9804
21/06/2019,8.25,2.38,15.399999618530273,19.0661
24/06/2019,8.25,2.38,15.260000228881836,19.1833
25/06/2019,8.25,2.38,16.280000686645508,19.2271
26/06/2019,8.25,2.38,16.209999084472656,19.1442
27/06/2019,8.25,2.38,15.819999694824219,19.1685
28/06/2019,8.25,2.4,15.079999923706055,19.2087
01/07/2019,8.25,2.39,14.06000042,19.076
02/07/2019,8.25,2.4,12.930000305175781,19.0694
03/07/2019,8.25,2.41,12.569999694824219,19.0502
04/07/2019,8.25,2.41,12.569999694824219,18.9947
05/07/2019,8.25,2.42,13.279999732971191,19.0446
08/07/2019,8.25,2.41,13.960000038146973,18.9116
09/07/2019,8.25,2.41,14.09000015258789,19.0043
10/07/2019,8.25,2.41,13.029999732971191,19.2425
11/07/2019,8.25,2.4,12.930000305175781,19.1227
12/07/2019,8.25,2.38,12.390000343322754,19.0307
15/07/2019,8.25,2.4,12.680000305175781,18.9803
16/07/2019,8.25,2.41,12.859999656677246,19.0781
17/07/2019,8.25,2.41,13.970000267028809,19.0233
18/07/2019,8.25,2.41,13.529999732971191,19.0108
19/07/2019,8.25,2.41,14.449999809265137,19.0123
22/07/2019,8.25,2.4,13.529999732971191,19.0659
23/07/2019,8.25,2.4,12.609999656677246,19.1315
24/07/2019,8.25,2.4,12.069999694824219,19.0894
25/07/2019,8.25,2.4,12.739999771118164,19.0623
26/07/2019,8.25,2.4,12.15999984741211,19.0699
29/07/2019,8.25,2.4,12.829999923706055,19.09
30/07/2019,8.25,2.39,13.93999958,19.0747
31/07/2019,8.25,2.4,16.12000084,18.9929
01/08/2019,8.25,2.14,17.87000084,19.1627
02/08/2019,8.25,2.14,17.610000610351562,19.3116
05/08/2019,8.25,2.13,24.59000015258789,19.5731
06/08/2019,8.25,2.13,20.170000076293945,19.6291
07/08/2019,8.25,2.12,19.489999771118164,19.6953
08/08/2019,8.25,2.12,16.90999984741211,19.5118
09/08/2019,8.25,2.12,17.969999313354492,19.4283
12/08/2019,8.25,2.12,21.09000015258789,19.5803
13/08/2019,8.25,2.12,17.520000457763672,19.463
14/08/2019,8.25,2.12,22.100000381469727,19.5763
15/08/2019,8,2.13,21.18000030517578,19.6365
16/08/2019,8,2.13,18.469999313354492,19.5669
19/08/2019,8,2.13,16.87999916,19.8153
20/08/2019,8,2.13,17.5,19.7522
21/08/2019,8,2.12,15.800000190734863,19.6798
22/08/2019,8,2.12,16.68000030517578,19.7467
23/08/2019,8,2.12,19.87000084,19.8402
26/08/2019,8,2.12,19.31999969482422,19.9086
27/08/2019,8,2.12,20.309999465942383,19.9934
28/08/2019,8,2.12,19.350000381469727,20.0314
29/08/2019,8,2.12,17.87999916,20.0988
30/08/2019,8,2.13,18.979999542236328,20.0696
02/09/2019,8,2.13,18.979999542236328,20.1253
03/09/2019,8,2.13,19.65999984741211,20.0039
04/09/2019,8,2.13,17.329999923706055,19.7806
05/09/2019,8,2.13,16.270000457763672,19.6834
06/09/2019,8,2.12,15,19.5623
09/09/2019,8,2.13,15.270000457763672,19.5398
10/09/2019,8,2.13,15.199999809265137,19.5354
11/09/2019,8,2.13,14.609999656677246,19.5478
12/09/2019,8,2.13,14.220000267028809,19.4265
13/09/2019,8,2.14,13.739999771118164,19.3665
16/09/2019,8,2.25,14.670000076293945,19.3665
17/09/2019,8,2.3,14.43999958,19.4262
18/09/2019,8,2.25,13.949999809265137,19.3528
19/09/2019,8,1.9,14.050000190734863,19.3981
20/09/2019,8,1.9,15.319999694824219,19.4478
23/09/2019,8,1.9,14.90999984741211,19.4459
24/09/2019,8,1.9,17.049999237060547,19.4587
25/09/2019,8,1.9,15.960000038146973,19.5775
26/09/2019,7.75,1.85,16.06999969482422,19.6363
27/09/2019,7.75,1.83,17.219999313354492,19.6808
30/09/2019,7.75,1.9,16.239999771118164,19.7345
01/10/2019,7.75,1.88,18.559999465942383,19.7792
02/10/2019,7.75,1.85,20.559999465942383,19.7985
03/10/2019,7.75,1.83,19.12000084,19.7368
04/10/2019,7.75,1.82,17.040000915527344,19.5255
07/10/2019,7.75,1.82,17.860000610351562,19.5522
08/10/2019,7.75,1.82,20.280000686645508,19.584
09/10/2019,7.75,1.82,18.639999389648438,19.5689
10/10/2019,7.75,1.82,17.56999969482422,19.4764
11/10/2019,7.75,1.82,15.579999923706055,19.3217
14/10/2019,7.75,1.82,14.569999694824219,19.2652
15/10/2019,7.75,1.9,13.539999961853027,19.252
16/10/2019,7.75,1.9,13.680000305175781,19.2135
17/10/2019,7.75,1.85,13.789999961853027,19.1602
18/10/2019,7.75,1.85,14.25,19.1492
21/10/2019,7.75,1.85,14,19.1422
22/10/2019,7.75,1.85,14.460000038146973,19.105
23/10/2019,7.75,1.85,14.010000228881836,19.1258
24/10/2019,7.75,1.85,13.710000038146973,19.0878
25/10/2019,7.75,1.83,12.649999618530273,19.082
28/10/2019,7.75,1.83,13.109999656677246,19.0543
29/10/2019,7.75,1.82,13.199999809265137,19.1167
30/10/2019,7.75,1.82,12.329999923706055,19.1643
31/10/2019,7.75,1.58,13.220000267028809,19.1948
01/11/2019,7.75,1.57,12.300000190734863,19.1058
04/11/2019,7.75,1.56,12.829999923706055,19.1525
05/11/2019,7.75,1.56,13.100000381469727,19.2125
06/11/2019,7.75,1.55,12.619999885559082,19.1953
07/11/2019,7.75,1.55,12.729999542236328,19.1327
08/11/2019,7.75,1.55,12.069999694824219,19.1068
11/11/2019,7.75,1.55,12.68999958,19.109
12/11/2019,7.75,1.55,12.680000305175781,19.2178
13/11/2019,7.75,1.55,13,19.4543
14/11/2019,7.5,1.55,13.050000190734863,19.4228
15/11/2019,7.5,1.55,12.050000190734863,19.2063
18/11/2019,7.5,1.55,12.460000038146973,19.2063
19/11/2019,7.5,1.55,12.859999656677246,19.3687
20/11/2019,7.5,1.55,12.779999732971191,19.48
21/11/2019,7.5,1.55,13.130000114440918,19.4138
22/11/2019,7.5,1.55,12.34000015258789,19.3987
25/11/2019,7.5,1.55,11.869999885559082,19.4468
26/11/2019,7.5,1.55,11.539999961853027,19.5185
27/11/2019,7.5,1.55,11.75,19.5607
28/11/2019,7.5,1.55,11.75,19.6113
29/11/2019,7.5,1.56,12.619999885559082,19.5352
02/12/2019,7.5,1.56,14.90999984741211,19.5717
03/12/2019,7.5,1.55,15.960000038146973,19.5678
04/12/2019,7.5,1.55,14.800000190734863,19.4707
05/12/2019,7.5,1.55,14.520000457763672,19.3688
06/12/2019,7.5,1.55,13.619999885559082,19.3247
09/12/2019,7.5,1.55,15.859999656677246,19.2302
10/12/2019,7.5,1.55,15.680000305175781,19.2362
11/12/2019,7.5,1.55,14.989999771118164,19.1785
12/12/2019,7.5,1.55,13.93999958,19.1785
13/12/2019,7.5,1.55,12.630000114440918,19.0455
16/12/2019,7.5,1.56,12.140000343322754,18.9702
17/12/2019,7.5,1.55,12.289999961853027,18.9165
18/12/2019,7.5,1.55,12.579999923706055,18.9542
19/12/2019,7.25,1.55,12.5,18.964
20/12/2019,7.25,1.55,12.510000228881836,18.9133
23/12/2019,7.25,1.55,12.609999656677246,18.9385
24/12/2019,7.25,1.55,12.670000076293945,18.9643
25/12/2019,7.25,1.55,12.670000076293945,18.9643
26/12/2019,7.25,1.55,12.649999618530273,18.9445
27/12/2019,7.25,1.55,13.430000305175781,18.8452
30/12/2019,7.25,1.55,14.819999694824219,18.8727
31/12/2019,7.25,1.55,13.779999732971191,18.8642
01/01/2020,7.25,1.55,13.779999732971191,18.8642
02/01/2020,7.25,1.55,12.470000267028809,18.8817
03/01/2020,7.25,1.55,14.020000457763672,18.8673
06/01/2020,7.25,1.55,13.850000381469727,18.827
07/01/2020,7.25,1.55,13.789999961853027,18.8852
08/01/2020,7.25,1.55,13.449999809265137,18.798
09/01/2020,7.25,1.55,12.539999961853027,18.8453
10/01/2020,7.25,1.54,12.56000042,18.7732
13/01/2020,7.25,1.54,12.319999694824219,18.8215
14/01/2020,7.25,1.54,12.390000343322754,18.812
15/01/2020,7.25,1.54,12.420000076293945,18.8077
16/01/2020,7.25,1.54,12.319999694824219,18.793
17/01/2020,7.25,1.55,12.100000381469727,18.7388
20/01/2020,7.25,1.55,12.100000381469727,18.6725
21/01/2020,7.25,1.55,12.850000381469727,18.7007
22/01/2020,7.25,1.55,12.90999984741211,18.6883
23/01/2020,7.25,1.55,12.979999542236328,18.8018
24/01/2020,7.25,1.55,14.56000042,18.8313
27/01/2020,7.25,1.55,18.229999542236328,18.9407
28/01/2020,7.25,1.55,16.280000686645508,18.8022
29/01/2020,7.25,1.55,16.389999389648438,18.7067
30/01/2020,7.25,1.6,15.489999771118164,18.7853
31/01/2020,7.25,1.59,18.84000015258789,18.9082
03/02/2020,7.25,1.59,17.969999313354492,18.9082
04/02/2020,7.25,1.59,16.049999237060547,18.6797
05/02/2020,7.25,1.59,15.149999618530273,18.6245
06/02/2020,7.25,1.59,14.960000038146973,18.6645
07/02/2020,7.25,1.58,15.470000267028809,18.7763
10/02/2020,7.25,1.58,15.039999961853027,18.7653
11/02/2020,7.25,1.58,15.180000305175781,18.674
12/02/2020,7.25,1.58,13.739999771118164,18.6308
13/02/2020,7,1.58,14.149999618530273,18.6458
14/02/2020,7,1.58,13.680000305175781,18.5712
17/02/2020,7,1.58,13.680000305175781,18.5715
18/02/2020,7,1.59,14.829999923706055,18.5952
19/02/2020,7,1.59,14.380000114440918,18.591
20/02/2020,7,1.59,15.56000042,18.7992
21/02/2020,7,1.58,17.079999923706055,18.9138
24/02/2020,7,1.58,25.030000686645508,19.1197
25/02/2020,7,1.58,27.850000381469727,19.0878
26/02/2020,7,1.58,27.559999465942383,19.1585
27/02/2020,7,1.58,39.15999984741211,19.3973
28/02/2020,7,1.58,40.11000061035156,19.776
02/03/2020,7,1.59,33.41999816894531,19.6985
03/03/2020,7,1.59,36.81999969482422,19.2837
04/03/2020,7,1.09,31.989999771118164,19.5335
05/03/2020,7,1.09,39.619998931884766,19.8095
06/03/2020,7,1.09,41.939998626708984,20.1623
09/03/2020,7,1.09,54.459999084472656,21.1117
10/03/2020,7,1.09,47.29999923706055,21.0267
11/03/2020,7,1.09,53.900001525878906,21.213
12/03/2020,7,1.1,75.47000122070312,22.1518
13/03/2020,7,1.1,57.83000183105469,21.9288
16/03/2020,7,0.25,82.69000244140625,21.9288
17/03/2020,7,0.25,75.91000366210938,23.0573
18/03/2020,7,0.25,76.44999694824219,23.9008
19/03/2020,7,0.2,72,24.0868
20/03/2020,6.5,0.15,66.04000091552734,24.1113
23/03/2020,6.5,0.15,61.59000015258789,25.0782
24/03/2020,6.5,0.12,61.66999816894531,25.1185
25/03/2020,6.5,0.1,63.95000076293945,24.2948
26/03/2020,6.5,0.1,61,23.097
27/03/2020,6.5,0.1,65.54000091552734,23.5122
30/03/2020,6.5,0.09,57.08000183105469,24.2853
31/03/2020,6.5,0.08,53.540000915527344,23.4847
01/04/2020,6.5,0.06,57.060001373291016,24.4918
02/04/2020,6.5,0.05,50.90999984741211,24.1087
03/04/2020,6.5,0.05,46.79999923706055,24.6938
06/04/2020,6.5,0.05,45.24000168,24.6895
07/04/2020,6.5,0.05,46.70000076293945,24.0388
08/04/2020,6.5,0.05,43.349998474121094,24.0925
09/04/2020,6.5,0.05,41.66999816894531,24.0925
10/04/2020,6.5,0.05,41.66999816894531,24.0925
13/04/2020,6.5,0.05,41.16999816894531,23.7427
14/04/2020,6.5,0.05,37.75999832,23.5645
15/04/2020,6.5,0.05,40.84000015258789,24.1155
16/04/2020,6.5,0.05,40.11000061035156,24.2098
17/04/2020,6.5,0.05,38.150001525878906,23.9012
20/04/2020,6.5,0.05,43.83000183105469,24.0077
21/04/2020,6,0.05,45.40999984741211,24.4248
22/04/2020,6,0.05,41.97999954223633,24.5883
23/04/2020,6,0.04,41.380001068115234,24.623
24/04/2020,6,0.05,35.93000030517578,24.8583
27/04/2020,6,0.04,33.290000915527344,24.8492
28/04/2020,6,0.04,33.56999969482422,24.3882
29/04/2020,6,0.04,31.229999542236328,24.0002
30/04/2020,6,0.05,34.150001525878906,23.9283
01/05/2020,6,0.05,37.189998626708984,23.9283
04/05/2020,6,0.05,35.970001220703125,24.3812
05/05/2020,6,0.05,33.61000061035156,23.8343
06/05/2020,6,0.05,34.119998931884766,24.2942
07/05/2020,6,0.05,31.440000534057617,24.0563
08/05/2020,6,0.05,27.979999542236328,23.6805
11/05/2020,6,0.05,27.56999969482422,23.8693
12/05/2020,6,0.05,33.040000915527344,24.0487
13/05/2020,6,0.05,35.279998779296875,24.2113
14/05/2020,5.5,0.05,32.61000061035156,24.2708
15/05/2020,5.5,0.05,31.889999389648438,23.958
18/05/2020,5.5,0.05,29.299999237060547,23.6032
19/05/2020,5.5,0.05,30.530000686645508,23.6023
20/05/2020,5.5,0.05,27.989999771118164,23.2962
21/05/2020,5.5,0.05,29.530000686645508,22.96
22/05/2020,5.5,0.05,28.15999984741211,22.7928
25/05/2020,5.5,0.05,28.15999984741211,22.563
26/05/2020,5.5,0.05,28.010000228881836,22.2932
27/05/2020,5.5,0.05,27.62000084,22.3633
28/05/2020,5.5,0.05,28.59000015258789,22.204
29/05/2020,5.5,0.05,27.510000228881836,22.1778
01/06/2020,5.5,0.05,28.229999542236328,22.0168
02/06/2020,5.5,0.06,26.84000015258789,21.6827
03/06/2020,5.5,0.06,25.65999984741211,21.6043
04/06/2020,5.5,0.06,25.809999465942383,21.8388
05/06/2020,5.5,0.07,24.520000457763672,21.5837
08/06/2020,5.5,0.07,25.809999465942383,21.6552
09/06/2020,5.5,0.07,27.56999969482422,21.7252
10/06/2020,5.5,0.08,27.56999969482422,21.923
11/06/2020,5.5,0.08,40.790000915527344,22.4252
12/06/2020,5.5,0.08,36.09000015258789,22.3347
15/06/2020,5.5,0.09,34.400001525878906,22.5435
16/06/2020,5.5,0.09,33.66999816894531,22.2168
17/06/2020,5.5,0.09,33.470001220703125,22.2783
18/06/2020,5.5,0.09,32.939998626708984,22.6088
19/06/2020,5.5,0.09,35.119998931884766,22.63
22/06/2020,5.5,0.08,31.770000457763672,22.4413
23/06/2020,5.5,0.08,31.37000084,22.413
24/06/2020,5.5,0.08,33.84000015258789,22.6662
25/06/2020,5,0.08,32.220001220703125,22.7963
26/06/2020,5,0.08,34.72999954223633,22.9715
29/06/2020,5,0.08,31.780000686645508,23.1325
30/06/2020,5,0.08,30.43000030517578,23.0893
01/07/2020,5,0.08,28.62000084,22.8078
02/07/2020,5,0.09,27.68000030517578,22.5225
03/07/2020,5,0.09,27.68000030517578,22.4147
06/07/2020,5,0.09,27.940000534057617,22.2808
07/07/2020,5,0.09,29.43000030517578,22.6213
08/07/2020,5,0.09,28.079999923706055,22.8225
09/07/2020,5,0.09,29.260000228881836,22.6945
10/07/2020,5,0.09,27.290000915527344,22.5342
13/07/2020,5,0.09,32.189998626708984,22.4633
14/07/2020,5,0.09,29.520000457763672,22.6173
15/07/2020,5,0.1,27.760000228881836,22.3647
16/07/2020,5,0.1,28,22.3032
17/07/2020,5,0.09,25.68000030517578,22.4897
20/07/2020,5,0.1,24.459999084472656,22.6278
21/07/2020,5,0.1,24.84000015258789,22.3597
22/07/2020,5,0.09,24.31999969482422,22.251
23/07/2020,5,0.09,26.079999923706055,22.3627
24/07/2020,5,0.09,25.84000015258789,22.3842
27/07/2020,5,0.1,24.739999771118164,22.0275
28/07/2020,5,0.1,25.440000534057617,21.9615
29/07/2020,5,0.1,24.100000381469727,21.9907
30/07/2020,5,0.1,24.760000228881836,22.1727
31/07/2020,5,0.1,24.459999084472656,22.2012
03/08/2020,5,0.1,24.280000686645508,22.614
04/08/2020,5,0.1,23.760000228881836,22.7845
05/08/2020,5,0.1,22.989999771118164,22.4068
06/08/2020,5,0.1,22.649999618530273,22.3652
07/08/2020,5,0.1,22.209999084472656,22.4892
10/08/2020,5,0.1,22.12999916,22.485
11/08/2020,5,0.1,24.030000686645508,22.349
12/08/2020,5,0.1,22.280000686645508,22.3457
13/08/2020,5,0.1,22.12999916,22.2628
14/08/2020,4.5,0.1,22.049999237060547,22.0313
17/08/2020,4.5,0.1,21.350000381469727,22.057
18/08/2020,4.5,0.09,21.510000228881836,22.1535
19/08/2020,4.5,0.09,22.540000915527344,22.0527
20/08/2020,4.5,0.09,22.719999313354492,22.176
21/08/2020,4.5,0.09,22.540000915527344,22.0362
24/08/2020,4.5,0.09,22.37000084,21.984
25/08/2020,4.5,0.09,22.030000686645508,21.9723
26/08/2020,4.5,0.09,23.270000457763672,21.9202
27/08/2020,4.5,0.08,24.469999313354492,22.1168
28/08/2020,4.5,0.09,22.959999084472656,21.8602
31/08/2020,4.5,0.09,26.40999984741211,21.888
01/09/2020,4.5,0.09,26.12000084,21.7445
02/09/2020,4.5,0.09,26.56999969482422,21.8393
03/09/2020,4.5,0.09,33.599998474121094,21.6383
04/09/2020,4.5,0.09,30.75,21.6115
07/09/2020,4.5,0.09,30.75,21.5887
08/09/2020,4.5,0.09,31.459999084472656,21.7138
09/09/2020,4.5,0.09,28.809999465942383,21.5377
10/09/2020,4.5,0.09,29.709999084472656,21.2773
11/09/2020,4.5,0.09,26.87000084,21.321
14/09/2020,4.5,0.09,25.850000381469727,21.0728
15/09/2020,4.5,0.09,25.59000015258789,21.0692
16/09/2020,4.5,0.09,26.040000915527344,21.0692
17/09/2020,4.5,0.09,26.459999084472656,20.985
18/09/2020,4.5,0.09,25.829999923706055,20.9697
21/09/2020,4.5,0.09,27.780000686645508,21.505
22/09/2020,4.5,0.09,26.860000610351562,21.5682
23/09/2020,4.5,0.09,28.579999923706055,22.0897
24/09/2020,4.5,0.09,28.510000228881836,22.3678
25/09/2020,4.25,0.09,26.37999916,22.4402
28/09/2020,4.25,0.09,26.190000534057617,22.4573
29/09/2020,4.25,0.09,26.270000457763672,22.3598
30/09/2020,4.25,0.09,26.37000084,22.1438
01/10/2020,4.25,0.09,26.700000762939453,21.9562
02/10/2020,4.25,0.09,27.62999916,21.7025
05/10/2020,4.25,0.09,27.959999084472656,21.396
06/10/2020,4.25,0.09,29.479999542236328,21.4507
07/10/2020,4.25,0.09,28.059999465942383,21.493
08/10/2020,4.25,0.09,26.360000610351562,21.4318
09/10/2020,4.25,0.09,25,21.1822
12/10/2020,4.25,0.09,25.06999969482422,21.2183
13/10/2020,4.25,0.09,26.06999969482422,21.3677
14/10/2020,4.25,0.09,26.399999618530273,21.2998
15/10/2020,4.25,0.09,26.969999313354492,21.3832
16/10/2020,4.25,0.09,27.40999984741211,21.1765
19/10/2020,4.25,0.09,29.18000030517578,21.1342
20/10/2020,4.25,0.09,29.350000381469727,21.0902
21/10/2020,4.25,0.09,28.649999618530273,21.064
22/10/2020,4.25,0.09,28.110000610351562,21.03
23/10/2020,4.25,0.09,27.549999237060547,20.9205
26/10/2020,4.25,0.09,32.459999084472656,20.9818
27/10/2020,4.25,0.09,33.349998474121094,20.8798
28/10/2020,4.25,0.09,40.279998779296875,21.1648
29/10/2020,4.25,0.09,37.59000015258789,21.377
30/10/2020,4.25,0.09,38.02000045776367,21.2508
02/11/2020,4.25,0.09,37.130001068115234,21.2508
03/11/2020,4.25,0.09,35.54999923706055,21.1555
04/11/2020,4.25,0.09,29.56999969482422,21.0345
05/11/2020,4.25,0.09,27.579999923706055,20.7612
06/11/2020,4.25,0.09,24.860000610351562,20.62
09/11/2020,4.25,0.09,25.75,20.36
10/11/2020,4.25,0.09,24.799999237060547,20.4018
11/11/2020,4.25,0.09,23.450000762939453,20.5772
12/11/2020,4.25,0.09,25.350000381469727,20.5303
13/11/2020,4.25,0.09,23.100000381469727,20.4833
16/11/2020,4.25,0.09,22.450000762939453,20.4833
17/11/2020,4.25,0.09,22.709999084472656,20.3212
18/11/2020,4.25,0.09,23.84000015258789,20.2388
19/11/2020,4.25,0.08,23.110000610351562,20.1858
20/11/2020,4.25,0.08,23.700000762939453,20.1172
23/11/2020,4.25,0.08,22.65999984741211,20.1012
24/11/2020,4.25,0.08,21.639999389648438,20.0577
25/11/2020,4.25,0.08,21.25,20.0465
26/11/2020,4.25,0.08,21.25,20.0467
27/11/2020,4.25,0.08,20.84000015258789,20.0777
30/11/2020,4.25,0.09,20.56999969482422,20.1398
01/12/2020,4.25,0.09,20.770000457763672,20.0508
02/12/2020,4.25,0.09,21.170000076293945,20.0497
03/12/2020,4.25,0.09,21.280000686645508,19.9083
04/12/2020,4.25,0.09,20.790000915527344,19.7838
07/12/2020,4.25,0.09,21.299999237060547,19.8213
08/12/2020,4.25,0.09,20.68000030517578,19.7537
09/12/2020,4.25,0.09,22.270000457763672,19.8368
10/12/2020,4.25,0.09,22.520000457763672,19.9572
11/12/2020,4.25,0.09,23.309999465942383,20.1075
14/12/2020,4.25,0.09,24.719999313354492,20.1778
15/12/2020,4.25,0.09,22.889999389648438,20.1113
16/12/2020,4.25,0.09,22.5,19.9513
17/12/2020,4.25,0.09,21.93000030517578,19.8173
18/12/2020,4.25,0.09,21.56999969482422,19.9487
21/12/2020,4.25,0.09,25.15999984741211,20.0905
22/12/2020,4.25,0.09,24.229999542236328,20.0562
23/12/2020,4.25,0.09,23.309999465942383,20.1175
24/12/2020,4.25,0.09,21.530000686645508,19.8517
25/12/2020,4.25,0.09,21.530000686645508,19.8517
28/12/2020,4.25,0.09,21.700000762939453,20.0477
29/12/2020,4.25,0.09,23.079999923706055,19.9487
30/12/2020,4.25,0.09,22.770000457763672,19.9352
31/12/2020,4.25,0.09,22.75,19.9087
01/01/2021,4.25,0.09,22.75,19.9087
04/01/2021,4.25,0.09,26.969999313354492,19.8457
05/01/2021,4.25,0.09,25.34000015258789,19.9437
06/01/2021,4.25,0.09,25.06999969482422,19.725
07/01/2021,4.25,0.09,22.37000084,19.91
08/01/2021,4.25,0.09,21.559999465942383,19.9705
11/01/2021,4.25,0.09,24.079999923706055,20.113
12/01/2021,4.25,0.09,23.329999923706055,19.9373
13/01/2021,4.25,0.09,22.209999084472656,19.7935
14/01/2021,4.25,0.09,23.25,19.7793
15/01/2021,4.25,0.09,24.34000015258789,19.7875
18/01/2021,4.25,0.09,24.34000015258789,19.757
19/01/2021,4.25,0.09,23.239999771118164,19.6788
20/01/2021,4.25,0.09,21.579999923706055,19.5793
21/01/2021,4.25,0.08,21.31999969482422,19.7393
22/01/2021,4.25,0.08,21.90999984741211,19.9833
25/01/2021,4.25,0.08,23.190000534057617,20.1598
26/01/2021,4.25,0.08,23.020000457763672,20.0152
27/01/2021,4.25,0.08,37.209999084472656,20.2168
28/01/2021,4.25,0.07,30.209999084472656,20.2697
29/01/2021,4.25,0.07,33.09000015258789,20.2248
01/02/2021,4.25,0.08,30.239999771118164,20.2248
02/02/2021,4.25,0.08,25.559999465942383,20.1722
03/02/2021,4.25,0.08,22.90999984741211,20.1953
04/02/2021,4.25,0.08,21.770000457763672,20.4435
05/02/2021,4.25,0.08,20.87000084,20.1388
08/02/2021,4.25,0.07,21.239999771118164,20.1227
09/02/2021,4.25,0.08,21.62999916,20.0913
10/02/2021,4.25,0.08,21.989999771118164,20.0588
11/02/2021,4.25,0.08,21.25,19.9535
12/02/2021,4,0.08,19.969999313354492,19.9622
15/02/2021,4,0.08,19.969999313354492,19.9518
16/02/2021,4,0.08,21.459999084472656,20.2023
17/02/2021,4,0.08,21.5,20.2257
18/02/2021,4,0.07,22.489999771118164,20.4165
19/02/2021,4,0.07,22.049999237060547,20.4222
22/02/2021,4,0.07,23.450000762939453,20.6783
23/02/2021,4,0.07,23.110000610351562,20.5833
24/02/2021,4,0.07,21.34000015258789,20.4752
25/02/2021,4,0.07,28.889999389648438,20.8523
26/02/2021,4,0.07,27.950000762939453,20.939
01/03/2021,4,0.07,23.350000381469727,20.6123
02/03/2021,4,0.07,24.100000381469727,20.6903
03/03/2021,4,0.07,26.670000076293945,20.8957
04/03/2021,4,0.07,28.56999969482422,20.8498
05/03/2021,4,0.07,24.65999984741211,21.2635
08/03/2021,4,0.07,25.469999313354492,21.4177
09/03/2021,4,0.07,24.030000686645508,21.2575
10/03/2021,4,0.07,22.559999465942383,20.9853
11/03/2021,4,0.07,21.90999984741211,20.7133
12/03/2021,4,0.07,20.690000534057617,20.7637
15/03/2021,4,0.07,20.030000686645508,20.7637
16/03/2021,4,0.07,19.790000915527344,20.5753
17/03/2021,4,0.07,19.229999542236328,20.6828
18/03/2021,4,0.07,21.579999923706055,20.4415
19/03/2021,4,0.07,20.950000762939453,20.4823
22/03/2021,4,0.07,18.87999916,20.5788
23/03/2021,4,0.07,20.299999237060547,20.6408
24/03/2021,4,0.07,21.200000762939453,20.7882
25/03/2021,4,0.07,19.809999465942383,20.7662
26/03/2021,4,0.07,18.860000610351562,20.5677
29/03/2021,4,0.07,20.739999771118164,20.6047
30/03/2021,4,0.07,19.610000610351562,20.6025
31/03/2021,4,0.06,19.399999618530273,20.44
01/04/2021,4,0.07,17.329999923706055,20.44
02/04/2021,4,0.07,17.329999923706055,20.44
05/04/2021,4,0.07,17.90999984741211,20.2483
06/04/2021,4,0.07,18.12000084,20.1612
07/04/2021,4,0.07,17.15999984741211,20.1765
08/04/2021,4,0.07,16.950000762939453,20.089
09/04/2021,4,0.07,16.690000534057617,20.163
12/04/2021,4,0.07,16.90999984741211,20.095
13/04/2021,4,0.07,16.649999618530273,20.0735
14/04/2021,4,0.07,16.989999771118164,20.0583
15/04/2021,4,0.07,16.56999969482422,19.927
16/04/2021,4,0.07,16.25,19.9158
19/04/2021,4,0.07,17.290000915527344,19.8145
20/04/2021,4,0.07,18.68000030517578,19.8877
21/04/2021,4,0.07,17.5,19.874
22/04/2021,4,0.07,18.709999084472656,19.8865
23/04/2021,4,0.07,17.329999923706055,19.8695
26/04/2021,4,0.07,17.639999389648438,19.8362
27/04/2021,4,0.07,17.559999465942383,19.9785
28/04/2021,4,0.07,17.280000686645508,19.9712
29/04/2021,4,0.06,17.610000610351562,20.0978
30/04/2021,4,0.05,18.610000610351562,20.1822
03/05/2021,4,0.06,18.309999465942383,20.1902
04/05/2021,4,0.06,19.479999542236328,20.2235
05/05/2021,4,0.06,19.149999618530273,20.2077
06/05/2021,4,0.06,18.389999389648438,20.1838
07/05/2021,4,0.06,16.690000534057617,19.9223
10/05/2021,4,0.06,19.65999984741211,19.886
11/05/2021,4,0.06,21.84000015258789,19.8848
12/05/2021,4,0.06,27.59000015258789,20.094
13/05/2021,4,0.06,23.12999916,20.0495
14/05/2021,4,0.06,18.809999465942383,19.8487
17/05/2021,4,0.06,19.719999313354492,19.8028
18/05/2021,4,0.06,21.34000015258789,19.8313
19/05/2021,4,0.06,22.18000030517578,19.8143
20/05/2021,4,0.06,20.670000076293945,19.881
21/05/2021,4,0.06,20.149999618530273,19.951
24/05/2021,4,0.06,18.399999618530273,19.872
25/05/2021,4,0.06,18.84000015258789,19.8903
26/05/2021,4,0.06,17.360000610351562,19.8783
27/05/2021,4,0.06,16.739999771118164,19.9487
28/05/2021,4,0.05,16.760000228881836,19.9442
31/05/2021,4,0.05,16.760000228881836,19.9213
01/06/2021,4,0.06,17.899999618530273,19.8927
02/06/2021,4,0.06,17.479999542236328,19.9277
03/06/2021,4,0.06,18.040000915527344,20.0605
04/06/2021,4,0.06,16.420000076293945,19.9328
07/06/2021,4,0.06,16.420000076293945,19.797
08/06/2021,4,0.06,17.06999969482422,19.7728
09/06/2021,4,0.06,17.889999389648438,19.6897
10/06/2021,4,0.06,16.100000381469727,19.7002
11/06/2021,4,0.06,15.649999618530273,19.8823
14/06/2021,4,0.06,16.389999389648438,19.9065
15/06/2021,4,0.06,17.020000457763672,20.1235
16/06/2021,4,0.06,18.149999618530273,20.0588
17/06/2021,4,0.1,17.75,20.4292
18/06/2021,4,0.1,20.700000762939453,20.7002
21/06/2021,4,0.1,17.889999389648438,20.6
22/06/2021,4,0.1,16.65999984741211,20.5712
23/06/2021,4,0.1,16.31999969482422,20.2505
24/06/2021,4,0.1,15.970000267028809,20.0483
25/06/2021,4.25,0.1,15.619999885559082,19.793
28/06/2021,4.25,0.1,15.760000228881836,19.8027
29/06/2021,4.25,0.1,16.020000457763672,19.8157
30/06/2021,4.25,0.08,15.829999923706055,19.9062
01/07/2021,4.25,0.1,15.479999542236328,20.0368
02/07/2021,4.25,0.1,15.069999694824219,19.8817
05/07/2021,4.25,0.1,15.069999694824219,19.8532
06/07/2021,4.25,0.1,16.440000534057617,19.9658
07/07/2021,4.25,0.1,16.200000762939453,19.9915
08/07/2021,4.25,0.1,19,20.007
09/07/2021,4.25,0.1,16.18000030517578,19.88
12/07/2021,4.25,0.1,16.170000076293945,19.8577
13/07/2021,4.25,0.1,17.12000084,19.9988
14/07/2021,4.25,0.1,16.329999923706055,19.8992
15/07/2021,4.25,0.1,17.010000228881836,19.9412
16/07/2021,4.25,0.1,18.450000762939453,19.8537
19/07/2021,4.25,0.1,22.5,20
20/07/2021,4.25,0.1,19.729999542236328,20.1348
21/07/2021,4.25,0.1,17.90999984741211,20.1907
22/07/2021,4.25,0.1,17.690000534057617,20.1812
23/07/2021,4.25,0.1,17.200000762939453,20.0238
26/07/2021,4.25,0.1,17.579999923706055,20.0245
27/07/2021,4.25,0.1,19.360000610351562,19.977
28/07/2021,4.25,0.1,18.309999465942383,19.9535
29/07/2021,4.25,0.1,17.700000762939453,19.8448
30/07/2021,4.25,0.07,18.239999771118164,19.8455
02/08/2021,4.25,0.1,19.459999084472656,19.852
03/08/2021,4.25,0.1,18.040000915527344,19.892
04/08/2021,4.25,0.1,17.969999313354492,19.9547
05/08/2021,4.25,0.1,17.280000686645508,19.9293
06/08/2021,4.25,0.1,16.149999618530273,20.0037
09/08/2021,4.25,0.1,16.719999313354492,20.0648
10/08/2021,4.25,0.1,16.790000915527344,20.1038
11/08/2021,4.25,0.1,16.170000076293945,19.953
12/08/2021,4.25,0.1,15.59000015258789,19.8907
13/08/2021,4.5,0.1,15.449999809265137,19.8603
16/08/2021,4.5,0.1,16.12000084,19.8863
17/08/2021,4.5,0.1,17.90999984741211,19.9912
18/08/2021,4.5,0.09,21.56999969482422,20.0107
19/08/2021,4.5,0.09,21.670000076293945,20.1175
20/08/2021,4.5,0.09,18.559999465942383,20.402
23/08/2021,4.5,0.09,17.149999618530273,20.3907
24/08/2021,4.5,0.09,17.219999313354492,20.2967
25/08/2021,4.5,0.09,16.790000915527344,20.2933
26/08/2021,4.5,0.09,18.84000015258789,20.3522
27/08/2021,4.5,0.08,16.389999389648438,20.2293
30/08/2021,4.5,0.08,16.190000534057617,20.1403
31/08/2021,4.5,0.06,16.479999542236328,20.0605
01/09/2021,4.5,0.08,16.110000610351562,19.9615
02/09/2021,4.5,0.08,16.40999984741211,19.9703
03/09/2021,4.5,0.08,16.40999984741211,19.8992
06/09/2021,4.5,0.08,16.40999984741211,19.8878
07/09/2021,4.5,0.08,18.139999389648438,19.944
08/09/2021,4.5,0.08,17.959999084472656,19.9383
09/09/2021,4.5,0.08,18.799999237060547,19.9318
10/09/2021,4.5,0.08,20.950000762939453,19.8717
13/09/2021,4.5,0.08,19.37000084,19.8677
14/09/2021,4.5,0.08,19.459999084472656,19.9035
15/09/2021,4.5,0.08,18.18000030517578,19.9003
16/09/2021,4.5,0.08,18.690000534057617,19.9003
17/09/2021,4.5,0.08,20.809999465942383,19.9853
20/09/2021,4.5,0.08,25.709999084472656,20.1735
21/09/2021,4.5,0.08,24.360000610351562,20.1438
22/09/2021,4.5,0.08,20.87000084,20.0328
23/09/2021,4.5,0.08,18.62999916,20.028
24/09/2021,4.5,0.08,17.75,20.1118
27/09/2021,4.5,0.08,18.760000228881836,20.1052
28/09/2021,4.5,0.08,23.25,20.306
29/09/2021,4.5,0.08,22.559999465942383,20.4977
30/09/2021,4.5,0.06,23.139999389648438,20.5623
01/10/2021,4.75,0.08,21.100000381469727,20.5103
04/10/2021,4.75,0.08,22.959999084472656,20.5747
05/10/2021,4.75,0.08,21.299999237060547,20.5818
06/10/2021,4.75,0.08,21,20.6947
07/10/2021,4.75,0.08,19.540000915527344,20.604
08/10/2021,4.75,0.08,18.770000457763672,20.7293
11/10/2021,4.75,0.08,20,20.8017
12/10/2021,4.75,0.08,19.850000381469727,20.7767
13/10/2021,4.75,0.08,18.639999389648438,20.6827
14/10/2021,4.75,0.08,16.860000610351562,20.6075
15/10/2021,4.75,0.08,16.299999237060547,20.4672
18/10/2021,4.75,0.08,16.309999465942383,20.3587
19/10/2021,4.75,0.08,15.699999809265137,20.2647
20/10/2021,4.75,0.08,15.489999771118164,20.185
21/10/2021,4.75,0.08,15.010000228881836,20.2643
22/10/2021,4.75,0.08,15.430000305175781,20.1837
25/10/2021,4.75,0.08,15.239999771118164,20.1897
26/10/2021,4.75,0.08,15.979999542236328,20.1888
27/10/2021,4.75,0.08,16.979999542236328,20.193
28/10/2021,4.75,0.08,16.530000686645508,20.3255
29/10/2021,4.75,0.07,16.260000228881836,20.5297
01/11/2021,4.75,0.08,16.40999984741211,20.8598
02/11/2021,4.75,0.08,16.030000686645508,20.8598
03/11/2021,4.75,0.08,15.100000381469727,20.8352
04/11/2021,4.75,0.08,15.43999958,20.6242
05/11/2021,4.75,0.08,16.479999542236328,20.3925
08/11/2021,4.75,0.08,17.219999313354492,20.3265
09/11/2021,4.75,0.08,17.780000686645508,20.2833
10/11/2021,4.75,0.08,18.729999542236328,20.4702
11/11/2021,4.75,0.08,17.65999984741211,20.4652
12/11/2021,5,0.08,16.290000915527344,20.5072
15/11/2021,5,0.08,16.489999771118164,20.5072
16/11/2021,5,0.08,16.37000084,20.8092
17/11/2021,5,0.08,17.110000610351562,20.6912
18/11/2021,5,0.08,17.59000015258789,20.7628
19/11/2021,5,0.08,17.90999984741211,20.8283
22/11/2021,5,0.08,19.170000076293945,20.9632
23/11/2021,5,0.08,19.37999916,21.2107
24/11/2021,5,0.08,18.579999923706055,21.4357
25/11/2021,5,0.08,18.579999923706055,21.5462
26/11/2021,5,0.08,28.62000084,21.8185
29/11/2021,5,0.08,22.959999084472656,21.7333
30/11/2021,5,0.07,27.190000534057617,21.4453
01/12/2021,5,0.08,31.12000084,21.271
02/12/2021,5,0.08,27.950000762939453,21.3033
03/12/2021,5,0.08,30.670000076293945,21.4177
06/12/2021,5,0.08,27.18000030517578,21.2047
07/12/2021,5,0.08,21.889999389648438,21.0907
08/12/2021,5,0.08,19.899999618530273,20.933
09/12/2021,5,0.08,21.579999923706055,21.0328
10/12/2021,5,0.08,18.690000534057617,20.8922
13/12/2021,5,0.08,20.309999465942383,20.9383
14/12/2021,5,0.08,21.889999389648438,21.165
15/12/2021,5,0.08,19.290000915527344,21.2393
16/12/2021,5,0.08,20.56999969482422,20.9238
17/12/2021,5.5,0.08,21.56999969482422,20.7337
20/12/2021,5.5,0.08,22.87000084,20.7363
21/12/2021,5.5,0.08,21.010000228881836,20.7823
22/12/2021,5.5,0.08,18.62999916,20.7527
23/12/2021,5.5,0.08,17.959999084472656,20.6582
24/12/2021,5.5,0.08,17.959999084472656,20.6112
27/12/2021,5.5,0.08,17.68000030517578,20.6828
28/12/2021,5.5,0.08,17.540000915527344,20.577
29/12/2021,5.5,0.08,16.950000762939453,20.5835
30/12/2021,5.5,0.08,17.329999923706055,20.5157
31/12/2021,5.5,0.07,17.219999313354492,20.4672
03/01/2022,5.5,0.08,16.600000381469727,20.589
04/01/2022,5.5,0.08,16.90999984741211,20.4742
05/01/2022,5.5,0.08,19.729999542236328,20.3977
06/01/2022,5.5,0.08,19.610000610351562,20.4588
07/01/2022,5.5,0.08,18.760000228881836,20.4237
10/01/2022,5.5,0.08,19.399999618530273,20.4453
11/01/2022,5.5,0.08,18.40999984741211,20.3785
12/01/2022,5.5,0.08,17.62000084,20.366
13/01/2022,5.5,0.08,20.309999465942383,20.3607
14/01/2022,5.5,0.08,19.190000534057617,20.3118
17/01/2022,5.5,0.08,19.190000534057617,20.3002
18/01/2022,5.5,0.08,22.790000915527344,20.403
19/01/2022,5.5,0.08,23.850000381469727,20.46
20/01/2022,5.5,0.08,25.59000015258789,20.4507
21/01/2022,5.5,0.08,28.850000381469727,20.4598
24/01/2022,5.5,0.08,29.899999618530273,20.6308
25/01/2022,5.5,0.08,31.15999984741211,20.6683
26/01/2022,5.5,0.08,31.959999084472656,20.6415
27/01/2022,5.5,0.08,30.489999771118164,20.7383
28/01/2022,5.5,0.08,27.65999984741211,20.8597
31/01/2022,5.5,0.08,24.829999923706055,20.6352
01/02/2022,5.5,0.08,21.959999084472656,20.58
02/02/2022,5.5,0.08,22.09000015258789,20.6003
03/02/2022,5.5,0.08,24.350000381469727,20.5562
04/02/2022,5.5,0.08,23.219999313354492,20.7325
07/02/2022,5.5,0.08,22.860000610351562,20.7325
08/02/2022,5.5,0.08,21.440000534057617,20.6413
09/02/2022,5.5,0.08,19.959999084472656,20.5008
10/02/2022,5.5,0.08,23.90999984741211,20.4148
11/02/2022,6,0.08,27.360000610351562,20.4188
14/02/2022,6,0.08,28.329999923706055,20.411
15/02/2022,6,0.08,25.700000762939453,20.3992
16/02/2022,6,0.08,24.290000915527344,20.3335
17/02/2022,6,0.08,28.110000610351562,20.2978
18/02/2022,6,0.08,27.75,20.3063
21/02/2022,6,0.08,27.75,20.2825
22/02/2022,6,0.08,28.809999465942383,20.2977
23/02/2022,6,0.08,31.020000457763672,20.2435
24/02/2022,6,0.08,30.31999969482422,20.6525
25/02/2022,6,0.08,27.59000015258789,20.4465
28/02/2022,6,0.08,30.149999618530273,20.4257
01/03/2022,6,0.08,33.31999969482422,20.5272
02/03/2022,6,0.08,30.739999771118164,20.7193
03/03/2022,6,0.08,30.479999542236328,20.7033
04/03/2022,6,0.08,31.979999542236328,20.9262
07/03/2022,6,0.08,36.45000076293945,21.1947
08/03/2022,6,0.08,35.130001068115234,21.3775
09/03/2022,6,0.08,32.45000076293945,20.9677
10/03/2022,6,0.08,30.229999542236328,20.9743
11/03/2022,6,0.08,30.75,20.9695
14/03/2022,6,0.08,31.770000457763672,20.8908
15/03/2022,6,0.08,29.829999923706055,20.8743
16/03/2022,6,0.08,26.670000076293945,20.7035
17/03/2022,6,0.33,25.670000076293945,20.5585
18/03/2022,6,0.33,23.87000084,20.4145
21/03/2022,6,0.33,23.530000686645508,20.4145
22/03/2022,6,0.33,22.940000534057617,20.2782
23/03/2022,6,0.33,23.56999969482422,20.18
24/03/2022,6,0.33,21.670000076293945,20.1313
25/03/2022,6.5,0.33,20.809999465942383,19.9577
28/03/2022,6.5,0.33,19.62999916,20.1195
29/03/2022,6.5,0.33,18.899999618530273,19.9942
30/03/2022,6.5,0.33,19.329999923706055,19.8632
31/03/2022,6.5,0.33,20.559999465942383,19.9112
01/04/2022,6.5,0.33,19.62999916,19.8432
04/04/2022,6.5,0.33,18.56999969482422,19.7443
05/04/2022,6.5,0.33,21.030000686645508,19.9012
06/04/2022,6.5,0.33,22.100000381469727,20.0665
07/04/2022,6.5,0.33,21.549999237060547,20.1605
08/04/2022,6.5,0.33,21.15999984741211,20.12
11/04/2022,6.5,0.33,24.37000084,20.0093
12/04/2022,6.5,0.33,24.260000228881836,19.8407
13/04/2022,6.5,0.33,21.81999969482422,19.7967
14/04/2022,6.5,0.33,22.700000762939453,19.7967
15/04/2022,6.5,0.33,22.700000762939453,19.7967
18/04/2022,6.5,0.33,22.170000076293945,19.9377
19/04/2022,6.5,0.33,21.37000084,20.0447
20/04/2022,6.5,0.33,20.31999969482422,20.0383
21/04/2022,6.5,0.33,22.68000030517578,20.1802
22/04/2022,6.5,0.33,28.209999084472656,20.3183
25/04/2022,6.5,0.33,27.020000457763672,20.2992
26/04/2022,6.5,0.33,33.52000045776367,20.356
27/04/2022,6.5,0.33,31.600000381469727,20.4707
28/04/2022,6.5,0.33,29.989999771118164,20.567
29/04/2022,6.5,0.33,33.400001525878906,20.3728
02/05/2022,6.5,0.33,32.34000015258789,20.4075
03/05/2022,6.5,0.33,29.25,20.335
04/05/2022,6.5,0.33,25.420000076293945,20.2535
05/05/2022,6.5,0.83,31.200000762939453,20.2218
06/05/2022,6.5,0.83,30.190000534057617,20.1085
09/05/2022,6.5,0.83,34.75,20.3172
10/05/2022,6.5,0.83,32.99000168,20.372
11/05/2022,6.5,0.83,32.560001373291016,20.2592
12/05/2022,6.5,0.83,31.770000457763672,20.32
13/05/2022,7,0.83,28.87000084,20.1443
16/05/2022,7,0.83,27.469999313354492,20.0782
17/05/2022,7,0.83,26.100000381469727,19.9637
18/05/2022,7,0.83,30.959999084472656,19.9663
19/05/2022,7,0.83,29.350000381469727,19.9267
20/05/2022,7,0.83,29.43000030517578,19.8657
23/05/2022,7,0.83,28.479999542236328,19.8282
24/05/2022,7,0.83,29.450000762939453,19.887
25/05/2022,7,0.83,28.37000084,19.8377
26/05/2022,7,0.83,27.5,19.7933
27/05/2022,7,0.83,25.719999313354492,19.5965
30/05/2022,7,0.83,25.719999313354492,19.4953
31/05/2022,7,0.83,26.190000534057617,19.694
01/06/2022,7,0.83,25.690000534057617,19.7388
02/06/2022,7,0.83,24.719999313354492,19.5585
03/06/2022,7,0.83,24.790000915527344,19.5742
06/06/2022,7,0.83,25.06999969482422,19.5547
07/06/2022,7,0.83,24.020000457763672,19.5998
08/06/2022,7,0.83,23.959999084472656,19.59
09/06/2022,7,0.83,26.09000015258789,19.6128
10/06/2022,7,0.83,27.75,19.9297
13/06/2022,7,0.83,34.02000045776367,20.4527
14/06/2022,7,0.83,32.689998626708984,20.6583
15/06/2022,7,0.83,29.62000084,20.6675
16/06/2022,7,1.58,32.95000076293945,20.5728
17/06/2022,7,1.58,31.12999916,20.476
20/06/2022,7,1.58,31.12999916,20.2442
21/06/2022,7,1.58,30.190000534057617,20.1963
22/06/2022,7,1.58,28.950000762939453,20.0465
23/06/2022,7,1.58,29.049999237060547,20.0365
24/06/2022,7.75,1.58,27.229999542236328,19.8707
27/06/2022,7.75,1.58,26.950000762939453,19.8797
28/06/2022,7.75,1.58,28.360000610351562,19.9847
29/06/2022,7.75,1.58,28.15999984741211,20.1443
30/06/2022,7.75,1.58,28.709999084472656,20.1335
01/07/2022,7.75,1.58,26.700000762939453,20.3817
04/07/2022,7.75,1.58,26.700000762939453,20.2877
05/07/2022,7.75,1.58,27.540000915527344,20.5598
06/07/2022,7.75,1.58,26.729999542236328,20.7228
07/07/2022,7.75,1.58,26.079999923706055,20.6022
08/07/2022,7.75,1.58,24.639999389648438,20.4423
11/07/2022,7.75,1.58,26.170000076293945,20.7473
12/07/2022,7.75,1.58,27.290000915527344,20.7882
13/07/2022,7.75,1.58,26.81999969482422,20.7613
14/07/2022,7.75,1.58,26.399999618530273,20.9415
15/07/2022,7.75,1.58,24.229999542236328,20.611
18/07/2022,7.75,1.58,25.299999237060547,20.3957
19/07/2022,7.75,1.58,24.5,20.4407
20/07/2022,7.75,1.58,23.87999916,20.4913
21/07/2022,7.75,1.58,23.110000610351562,20.6562
22/07/2022,7.75,1.58,23.030000686645508,20.515
25/07/2022,7.75,1.58,23.360000610351562,20.4652
26/07/2022,7.75,1.58,24.690000534057617,20.433
27/07/2022,7.75,1.58,23.239999771118164,20.512
28/07/2022,7.75,2.33,22.329999923706055,20.3778
29/07/2022,7.75,2.32,21.329999923706055,20.3485
01/08/2022,7.75,2.33,22.84000015258789,20.2633
02/08/2022,7.75,2.33,23.93000030517578,20.5152
03/08/2022,7.75,2.33,21.950000762939453,20.6305
04/08/2022,7.75,2.33,21.440000534057617,20.3358
05/08/2022,7.75,2.33,21.149999618530273,20.401
08/08/2022,7.75,2.33,21.290000915527344,20.2789
09/08/2022,7.75,2.33,21.770000457763672,20.2715
10/08/2022,7.75,2.33,19.739999771118164,19.9562
11/08/2022,7.75,2.33,20.200000762939453,19.9595
12/08/2022,8.5,2.33,19.530000686645508,19.874
15/08/2022,8.5,2.33,19.950000762939453,19.8618
16/08/2022,8.5,2.33,19.690000534057617,19.9303
17/08/2022,8.5,2.33,19.899999618530273,20.0387
18/08/2022,8.5,2.33,19.559999465942383,20.0835
19/08/2022,8.5,2.33,20.600000381469727,20.1957
22/08/2022,8.5,2.33,23.799999237060547,20.1598
23/08/2022,8.5,2.33,24.110000610351562,19.9982
24/08/2022,8.5,2.33,22.81999969482422,19.9198
25/08/2022,8.5,2.33,21.780000686645508,19.9437
26/08/2022,8.5,2.33,25.559999465942383,19.9268
29/08/2022,8.5,2.33,26.209999084472656,19.9945
30/08/2022,8.5,2.33,26.209999084472656,20.1465
31/08/2022,8.5,2.33,25.87000084,20.0962
01/09/2022,8.5,2.33,25.559999465942383,20.2473
02/09/2022,8.5,2.33,25.469999313354492,19.9753
05/09/2022,8.5,2.33,25.469999313354492,19.962
06/09/2022,8.5,2.33,26.90999984741211,20.138
07/09/2022,8.5,2.33,24.639999389648438,20.0297
08/09/2022,8.5,2.33,23.610000610351562,20.0203
09/09/2022,8.5,2.33,22.790000915527344,19.9027
12/09/2022,8.5,2.33,23.87000084,19.7957
13/09/2022,8.5,2.33,27.270000457763672,20.055
14/09/2022,8.5,2.33,26.15999984741211,19.9768
15/09/2022,8.5,2.33,26.270000457763672,20.0525
16/09/2022,8.5,2.33,26.299999237060547,20.0525
19/09/2022,8.5,2.33,25.760000228881836,19.9943
20/09/2022,8.5,2.33,27.15999984741211,20
21/09/2022,8.5,2.33,27.989999771118164,20.0027
22/09/2022,8.5,3.08,27.350000381469727,19.9608
23/09/2022,8.5,3.08,29.920000076293945,20.1627
26/09/2022,8.5,3.08,32.25999832,20.3517
27/09/2022,8.5,3.08,32.599998474121094,20.357
28/09/2022,8.5,3.08,30.18000030517578,20.3058
29/09/2022,8.5,3.08,31.84000015258789,20.1927
30/09/2022,9.25,3.08,31.62000084,20.0925
03/10/2022,9.25,3.08,30.100000381469727,20.0008
04/10/2022,9.25,3.08,29.06999969482422,19.9698
05/10/2022,9.25,3.08,28.549999237060547,20.1267
06/10/2022,9.25,3.08,30.520000457763672,20.1087
07/10/2022,9.25,3.08,31.360000610351562,20.0502
10/10/2022,9.25,3.08,32.45000076293945,19.9752
11/10/2022,9.25,3.08,33.630001068115234,19.9652
12/10/2022,9.25,3.08,33.56999969482422,20.0352
13/10/2022,9.25,3.08,31.940000534057617,20.0398
14/10/2022,9.25,3.08,32.02000045776367,20.0838
17/10/2022,9.25,3.08,31.37000084,19.9913
18/10/2022,9.25,3.08,30.5,20.0207
19/10/2022,9.25,3.08,30.760000228881836,20.1272
20/10/2022,9.25,3.08,29.979999542236328,20.0448
21/10/2022,9.25,3.08,29.690000534057617,19.9647
24/10/2022,9.25,3.08,29.850000381469727,19.9535
25/10/2022,9.25,3.08,28.459999084472656,19.8712
26/10/2022,9.25,3.08,27.280000686645508,19.8553
27/10/2022,9.25,3.08,27.389999389648438,19.8365
28/10/2022,9.25,3.08,25.75,19.8303
31/10/2022,9.25,3.08,25.87999916,19.8245
01/11/2022,9.25,3.08,25.809999465942383,19.7463
02/11/2022,9.25,3.08,25.860000610351562,19.7463
03/11/2022,9.25,3.83,25.299999237060547,19.6673
04/11/2022,9.25,3.83,24.549999237060547,19.5202
07/11/2022,9.25,3.83,24.350000381469727,19.4647
08/11/2022,9.25,3.83,25.540000915527344,19.4775
09/11/2022,9.25,3.83,26.09000015258789,19.5887
10/11/2022,9.25,3.83,23.530000686645508,19.394
11/11/2022,10,3.83,22.520000457763672,19.5353
14/11/2022,10,3.83,23.729999542236328,19.4015
15/11/2022,10,3.83,24.540000915527344,19.3818
16/11/2022,10,3.83,24.110000610351562,19.3137
17/11/2022,10,3.83,23.93000030517578,19.4333
18/11/2022,10,3.83,23.12000084,19.493
21/11/2022,10,3.83,22.360000610351562,19.493
22/11/2022,10,3.83,21.290000915527344,19.4667
23/11/2022,10,3.83,20.350000381469727,19.3683
24/11/2022,10,3.83,20.350000381469727,19.3692
25/11/2022,10,3.83,20.5,19.3393
28/11/2022,10,3.83,22.209999084472656,19.325
29/11/2022,10,3.83,21.889999389648438,19.216
30/11/2022,10,3.83,20.579999923706055,19.3965
01/12/2022,10,3.83,19.84000015258789,19.1433
02/12/2022,10,3.83,19.059999465942383,19.3422
05/12/2022,10,3.83,20.75,19.7567
06/12/2022,10,3.83,22.170000076293945,19.803
07/12/2022,10,3.83,22.68000030517578,19.6977
08/12/2022,10,3.83,22.290000915527344,19.6732
09/12/2022,10,3.83,22.829999923706055,19.8192
12/12/2022,10,3.83,25,19.8192
13/12/2022,10,3.83,22.549999237060547,19.6458
14/12/2022,10,3.83,21.139999389648438,19.6955
15/12/2022,10,4.33,22.829999923706055,19.7963
16/12/2022,10.5,4.33,22.62000084,19.7932
19/12/2022,10.5,4.33,22.420000076293945,19.7557
20/12/2022,10.5,4.33,21.479999542236328,19.7482
21/12/2022,10.5,4.33,20.06999969482422,19.6932
22/12/2022,10.5,4.33,21.969999313354492,19.574
23/12/2022,10.5,4.33,20.87000084,19.4287
26/12/2022,10.5,4.33,20.87000084,19.3983
27/12/2022,10.5,4.33,21.649999618530273,19.4407
28/12/2022,10.5,4.33,22.139999389648438,19.4143
29/12/2022,10.5,4.33,21.440000534057617,19.3615
30/12/2022,10.5,4.33,21.670000076293945,19.4715
02/01/2023,10.5,4.33,21.670000076293945,19.4883
03/01/2023,10.5,4.33,22.899999618530273,19.422
04/01/2023,10.5,4.33,22.010000228881836,19.3568
05/01/2023,10.5,4.33,22.459999084472656,19.3672
06/01/2023,10.5,4.33,21.12999916,19.1753
09/01/2023,10.5,4.33,21.969999313354492,19.1648
10/01/2023,10.5,4.33,20.579999923706055,19.1108
11/01/2023,10.5,4.33,21.09000015258789,19.026
12/01/2023,10.5,4.33,18.829999923706055,18.8735
13/01/2023,10.5,4.33,18.350000381469727,18.7922
16/01/2023,10.5,4.33,18.350000381469727,18.7913
17/01/2023,10.5,4.33,19.360000610351562,18.7493
18/01/2023,10.5,4.33,20.34000015258789,18.7493
19/01/2023,10.5,4.33,20.520000457763672,19.0327
20/01/2023,10.5,4.33,19.850000381469727,18.9257
23/01/2023,10.5,4.33,19.809999465942383,18.8267
24/01/2023,10.5,4.33,19.200000762939453,18.8318
25/01/2023,10.5,4.33,19.079999923706055,18.82
26/01/2023,10.5,4.33,18.729999542236328,18.8355
27/01/2023,10.5,4.33,18.510000228881836,18.7872
30/01/2023,10.5,4.33,19.940000534057617,18.7793
31/01/2023,10.5,4.33,19.399999618530273,18.7937
01/02/2023,10.5,4.33,17.87000084,18.739
02/02/2023,10.5,4.58,18.729999542236328,18.6232
03/02/2023,10.5,4.58,18.329999923706055,18.8895
06/02/2023,10.5,4.58,19.43000030517578,18.8895
07/02/2023,10.5,4.58,18.65999984741211,19.0517
08/02/2023,10.5,4.58,19.62999916,18.9435
09/02/2023,10.5,4.57,20.709999084472656,18.9543
10/02/2023,11,4.58,20.530000686645508,18.6893
13/02/2023,11,4.58,20.34000015258789,18.6327
14/02/2023,11,4.58,18.90999984741211,18.5383
15/02/2023,11,4.58,18.229999542236328,18.6428
16/02/2023,11,4.58,20.170000076293945,18.5497
17/02/2023,11,4.58,20.020000457763672,18.4142
20/02/2023,11,4.58,20.020000457763672,18.397
21/02/2023,11,4.58,22.87000084,18.3938
22/02/2023,11,4.58,22.290000915527344,18.3483
23/02/2023,11,4.58,21.139999389648438,18.4107
24/02/2023,11,4.58,21.670000076293945,18.4023
27/02/2023,11,4.57,20.950000762939453,18.4077
28/02/2023,11,4.57,20.700000762939453,18.3448
01/03/2023,11,4.58,20.579999923706055,18.17
02/03/2023,11,4.57,19.59000015258789,18.126
03/03/2023,11,4.57,18.489999771118164,18.0123
06/03/2023,11,4.57,18.610000610351562,18.0122
07/03/2023,11,4.57,19.59000015258789,18.1155
08/03/2023,11,4.57,19.110000610351562,17.9662
09/03/2023,11,4.57,22.610000610351562,18.0577
10/03/2023,11,4.57,24.799999237060547,18.4083
13/03/2023,11,4.58,26.520000457763672,18.8302
14/03/2023,11,4.58,23.729999542236328,18.6427
15/03/2023,11,4.58,26.139999389648438,18.9972
16/03/2023,11,4.58,22.989999771118164,18.9095
17/03/2023,11,4.58,25.510000228881836,18.8977
20/03/2023,11,4.58,24.149999618530273,18.8977
21/03/2023,11,4.58,21.37999916,18.6755
22/03/2023,11,4.58,22.260000228881836,18.5437
23/03/2023,11,4.83,22.610000610351562,18.4902
24/03/2023,11,4.83,21.739999771118164,18.5178
27/03/2023,11,4.83,20.600000381469727,18.383
28/03/2023,11,4.83,19.969999313354492,18.2523
29/03/2023,11,4.83,19.12000084,18.1052
30/03/2023,11,4.83,19.020000457763672,18.0932
31/03/2023,11.25,4.83,18.700000762939453,18.0415
03/04/2023,11.25,4.83,18.549999237060547,18.107
04/04/2023,11.25,4.83,19,18.1185
05/04/2023,11.25,4.83,19.079999923706055,18.3323
06/04/2023,11.25,4.83,18.399999618530273,18.3323
07/04/2023,11.25,4.83,18.399999618530273,18.3323
10/04/2023,11.25,4.83,18.969999313354492,18.1765
11/04/2023,11.25,4.83,19.100000381469727,18.187
12/04/2023,11.25,4.83,19.09000015258789,18.066
13/04/2023,11.25,4.83,17.799999237060547,18.0152
14/04/2023,11.25,4.83,17.06999969482422,18.0638
17/04/2023,11.25,4.83,16.950000762939453,18.0868
18/04/2023,11.25,4.83,16.829999923706055,18.063
19/04/2023,11.25,4.83,16.459999084472656,18.0448
20/04/2023,11.25,4.83,17.170000076293945,18.009
21/04/2023,11.25,4.83,16.770000457763672,17.9988
24/04/2023,11.25,4.83,16.889999389648438,18.0082
25/04/2023,11.25,4.83,18.760000228881836,18.0892
26/04/2023,11.25,4.83,18.84000015258789,18.103
27/04/2023,11.25,4.83,17.030000686645508,18.0723
28/04/2023,11.25,4.83,15.779999732971191,17.9975
01/05/2023,11.25,4.83,16.079999923706055,17.9975
02/05/2023,11.25,4.83,17.780000686645508,18.0325
03/05/2023,11.25,4.83,18.34000015258789,17.906
04/05/2023,11.25,5.08,20.09000015258789,17.9575
05/05/2023,11.25,5.08,17.190000534057617,17.7863
08/05/2023,11.25,5.08,16.979999542236328,17.8213
09/05/2023,11.25,5.08,17.709999084472656,17.7608
10/05/2023,11.25,5.08,16.940000534057617,17.5845
11/05/2023,11.25,5.08,16.93000030517578,17.6287
12/05/2023,11.25,5.08,17.030000686645508,17.6142
15/05/2023,11.25,5.08,17.12000084,17.538
16/05/2023,11.25,5.08,17.989999771118164,17.4672
17/05/2023,11.25,5.08,16.87000084,17.5872
18/05/2023,11.25,5.08,16.049999237060547,17.7342
19/05/2023,11.25,5.08,16.809999465942383,17.693
22/05/2023,11.25,5.08,17.209999084472656,17.868
23/05/2023,11.25,5.08,18.530000686645508,17.9687
24/05/2023,11.25,5.08,20.030000686645508,17.8195
25/05/2023,11.25,5.08,19.139999389648438,17.8252
26/05/2023,11.25,5.08,17.950000762939453,17.6723
29/05/2023,11.25,5.08,17.950000762939453,17.5605
30/05/2023,11.25,5.08,17.459999084472656,17.6532
31/05/2023,11.25,5.08,17.940000534057617,17.7418
01/06/2023,11.25,5.08,15.649999618530273,17.5673
02/06/2023,11.25,5.08,14.600000381469727,17.5063
05/06/2023,11.25,5.08,14.729999542236328,17.4732
06/06/2023,11.25,5.08,13.960000038146973,17.4192
07/06/2023,11.25,5.08,13.93999958,17.3608
08/06/2023,11.25,5.08,13.649999618530273,17.4085
09/06/2023,11.25,5.08,13.829999923706055,17.284
12/06/2023,11.25,5.08,15.010000228881836,17.312
13/06/2023,11.25,5.08,14.609999656677246,17.2185
14/06/2023,11.25,5.08,13.880000114440918,17.1247
15/06/2023,11.25,5.07,14.5,17.1762
16/06/2023,11.25,5.08,13.539999961853027,17.0792
19/06/2023,11.25,5.08,13.539999961853027,17.0945
20/06/2023,11.25,5.07,13.880000114440918,17.2043
21/06/2023,11.25,5.07,13.199999809265137,17.1547
22/06/2023,11.25,5.07,12.90999984741211,17.1713
23/06/2023,11.25,5.07,13.43999958,17.1795
26/06/2023,11.25,5.07,14.25,17.1445
27/06/2023,11.25,5.07,13.739999771118164,17.1013
28/06/2023,11.25,5.07,13.430000305175781,17.072
29/06/2023,11.25,5.07,13.539999961853027,17.1187
30/06/2023,11.25,5.08,13.59000015258789,17.1358
03/07/2023,11.25,5.08,13.569999694824219,17.0517
04/07/2023,11.25,5.08,13.569999694824219,17.026
05/07/2023,11.25,5.08,14.180000305175781,17.004
06/07/2023,11.25,5.08,15.43999958,17.2825
07/07/2023,11.25,5.08,14.829999923706055,17.1012
10/07/2023,11.25,5.07,15.069999694824219,17.0605
11/07/2023,11.25,5.08,14.84000015258789,17.0783
12/07/2023,11.25,5.08,13.539999961853027,16.8537
13/07/2023,11.25,5.08,13.609999656677246,16.8905
14/07/2023,11.25,5.08,13.34000015258789,16.7892
17/07/2023,11.25,5.08,13.479999542236328,16.7858
18/07/2023,11.25,5.08,13.300000190734863,16.748
19/07/2023,11.25,5.08,13.760000228881836,16.7667
20/07/2023,11.25,5.08,13.989999771118164,16.846
21/07/2023,11.25,5.08,13.600000381469727,16.9393
24/07/2023,11.25,5.08,13.90999984741211,16.8367
25/07/2023,11.25,5.08,13.859999656677246,16.9075
26/07/2023,11.25,5.08,13.18999958,16.8825
27/07/2023,11.25,5.33,14.40999984741211,16.7338
28/07/2023,11.25,5.33,13.329999923706055,16.6895
31/07/2023,11.25,5.33,13.630000114440918,16.7303
01/08/2023,11.25,5.33,13.930000305175781,16.8533
02/08/2023,11.25,5.33,16.09000015258789,17.0193
03/08/2023,11.25,5.33,15.920000076293945,17.2892
04/08/2023,11.25,5.33,17.100000381469727,17.0555
07/08/2023,11.25,5.33,15.770000457763672,17.0608
08/08/2023,11.25,5.33,15.989999771118164,17.1122
09/08/2023,11.25,5.33,15.960000038146973,17.0767
10/08/2023,11.25,5.33,15.850000381469727,16.9548
11/08/2023,11.25,5.33,14.84000015258789,17.0045
14/08/2023,11.25,5.33,14.819999694824219,17.0672
15/08/2023,11.25,5.33,16.459999084472656,17.1388
16/08/2023,11.25,5.33,16.780000686645508,17.0768
17/08/2023,11.25,5.33,17.889999389648438,17.1225
18/08/2023,11.25,5.33,17.299999237060547,17.0477
21/08/2023,11.25,5.33,17.12999916,17.0202
22/08/2023,11.25,5.33,16.969999313354492,16.9267
23/08/2023,11.25,5.33,15.979999542236328,16.8077
24/08/2023,11.25,5.33,17.200000762939453,16.809
25/08/2023,11.25,5.33,15.680000305175781,16.7718
28/08/2023,11.25,5.33,15.079999923706055,16.7432
29/08/2023,11.25,5.33,14.449999809265137,16.8402
30/08/2023,11.25,5.33,13.880000114440918,16.7477
31/08/2023,11.25,5.33,13.569999694824219,16.917
01/09/2023,11.25,5.33,13.09000015258789,17.1113
04/09/2023,11.25,5.33,13.09000015258789,17.175
05/09/2023,11.25,5.33,14.010000228881836,17.3492
06/09/2023,11.25,5.33,14.449999809265137,17.5805
07/09/2023,11.25,5.33,14.399999618530273,17.5543
08/09/2023,11.25,5.33,13.84000015258789,17.5767
11/09/2023,11.25,5.33,13.800000190734863,17.3813
12/09/2023,11.25,5.33,14.229999542236328,17.2553
13/09/2023,11.25,5.33,13.479999542236328,17.1235
14/09/2023,11.25,5.33,12.819999694824219,17.1042
15/09/2023,11.25,5.33,13.789999961853027,17.0807
18/09/2023,11.25,5.33,14,17.1307
19/09/2023,11.25,5.33,14.109999656677246,17.0805
20/09/2023,11.25,5.33,15.140000343322754,17.024
21/09/2023,11.25,5.33,17.540000915527344,17.1675
22/09/2023,11.25,5.33,17.200000762939453,17.1568
25/09/2023,11.25,5.33,16.899999618530273,17.3733
26/09/2023,11.25,5.33,18.940000534057617,17.4758
27/09/2023,11.25,5.33,18.219999313354492,17.7287
28/09/2023,11.25,5.33,17.34000015258789,17.6195
29/09/2023,11.25,5.33,17.520000457763672,17.4127
02/10/2023,11.25,5.33,17.610000610351562,17.592
03/10/2023,11.25,5.33,19.780000686645508,17.9025
04/10/2023,11.25,5.33,18.579999923706055,18.017
05/10/2023,11.25,5.33,18.489999771118164,18.2407
06/10/2023,11.25,5.33,17.450000762939453,18.1837
09/10/2023,11.25,5.33,17.700000762939453,18.3482
10/10/2023,11.25,5.33,17.030000686645508,17.9917
11/10/2023,11.25,5.33,16.09000015258789,17.842
12/10/2023,11.25,5.33,16.690000534057617,17.9132
13/10/2023,11.25,5.33,19.31999969482422,18.0362
16/10/2023,11.25,5.33,17.209999084472656,17.9568
17/10/2023,11.25,5.33,17.87999916,17.9097
18/10/2023,11.25,5.33,19.219999313354492,18.244
19/10/2023,11.25,5.33,21.399999618530273,18.2873
20/10/2023,11.25,5.33,21.709999084472656,18.2343
23/10/2023,11.25,5.33,20.37000084,18.1218
24/10/2023,11.25,5.33,18.969999313354492,18.2842
25/10/2023,11.25,5.33,20.190000534057617,18.3122
26/10/2023,11.25,5.33,20.68000030517578,18.2178
27/10/2023,11.25,5.33,21.270000457763672,18.0752
30/10/2023,11.25,5.33,19.75,18.064
31/10/2023,11.25,5.33,18.139999389648438,18.0368
01/11/2023,11.25,5.33,16.87000084,17.9305
02/11/2023,11.25,5.33,15.65999984741211,17.9305
03/11/2023,11.25,5.33,14.90999984741211,17.4117
06/11/2023,11.25,5.33,14.890000343322754,17.5308
07/11/2023,11.25,5.33,14.81000042,17.5097
08/11/2023,11.25,5.33,14.449999809265137,17.5017
09/11/2023,11.25,5.33,15.289999961853027,17.4888
10/11/2023,11.25,5.33,14.170000076293945,17.748
13/11/2023,11.25,5.33,14.760000228881836,17.6138
14/11/2023,11.25,5.33,14.15999984741211,17.3917
15/11/2023,11.25,5.33,14.180000305175781,17.3387
16/11/2023,11.25,5.33,14.319999694824219,17.2708
17/11/2023,11.25,5.33,13.800000190734863,17.2175
20/11/2023,11.25,5.33,13.40999984741211,17.2175
21/11/2023,11.25,5.33,13.350000381469727,17.2102
22/11/2023,11.25,5.33,12.850000381469727,17.2133
23/11/2023,11.25,5.33,12.850000381469727,17.1787
24/11/2023,11.25,5.33,12.460000038146973,17.1268
27/11/2023,11.25,5.33,12.68999958,17.1555
28/11/2023,11.25,5.33,12.68999958,17.1357
29/11/2023,11.25,5.33,12.979999542236328,17.187
30/11/2023,11.25,5.33,12.920000076293945,17.373
01/12/2023,11.25,5.33,12.630000114440918,17.2143
04/12/2023,11.25,5.33,13.079999923706055,17.406
05/12/2023,11.25,5.33,12.850000381469727,17.4215
06/12/2023,11.25,5.33,12.970000267028809,17.2685
07/12/2023,11.25,5.33,13.06000042,17.4197
08/12/2023,11.25,5.33,12.350000381469727,17.3688
11/12/2023,11.25,5.33,12.630000114440918,17.447
12/12/2023,11.25,5.33,12.069999694824219,17.447
13/12/2023,11.25,5.33,12.18999958,17.398
14/12/2023,11.25,5.33,12.479999542236328,17.299
15/12/2023,11.25,5.33,12.279999732971191,17.1908
18/12/2023,11.25,5.33,12.56000042,17.2277
19/12/2023,11.25,5.33,12.529999732971191,17.0652
20/12/2023,11.25,5.33,13.670000076293945,17.0673
21/12/2023,11.25,5.33,13.649999618530273,17.059
22/12/2023,11.25,5.33,13.029999732971191,16.9738
25/12/2023,11.25,5.33,13.029999732971191,16.9738
26/12/2023,11.25,5.33,12.989999771118164,16.9727
27/12/2023,11.25,5.33,12.430000305175781,16.922
28/12/2023,11.25,5.33,12.470000267028809,16.8935
29/12/2023,11.25,5.33,12.449999809265137,16.919
01/01/2024,11.25,5.33,12.449999809265137,16.919
02/01/2024,11.25,5.33,13.199999809265137,17.0297
03/01/2024,11.25,5.33,14.039999961853027,17.0492
04/01/2024,11.25,5.33,14.130000114440918,17.0458
05/01/2024,11.25,5.33,13.350000381469727,16.8987
08/01/2024,11.25,5.33,13.079999923706055,16.8133
09/01/2024,11.25,5.33,12.760000228881836,16.9347
10/01/2024,11.25,5.33,12.68999958,16.9912
11/01/2024,11.25,5.33,12.43999958,16.9898
12/01/2024,11.25,5.33,12.699999809265137,16.858
15/01/2024,11.25,5.33,12.699999809265137,16.8983
16/01/2024,11.25,5.33,13.84000015258789,17.1598
17/01/2024,11.25,5.33,14.789999961853027,17.2957
18/01/2024,11.25,5.33,14.130000114440918,17.1995
19/01/2024,11.25,5.33,13.300000190734863,17.1325
22/01/2024,11.25,5.33,13.18999958,17.1125
23/01/2024,11.25,5.33,12.550000190734863,17.352
24/01/2024,11.25,5.33,13.140000343322754,17.1673
25/01/2024,11.25,5.33,13.449999809265137,17.2375
26/01/2024,11.25,5.33,13.260000228881836,17.1657
29/01/2024,11.25,5.33,13.600000381469727,17.2333
30/01/2024,11.25,5.33,13.31000042,17.1932
31/01/2024,11.25,5.33,14.350000381469727,17.1633
01/02/2024,11.25,5.33,13.880000114440918,17.1335
02/02/2024,11.25,5.33,13.850000381469727,17.1447
05/02/2024,11.25,5.33,13.670000076293945,17.1447
06/02/2024,11.25,5.33,13.06000042,17.0357
07/02/2024,11.25,5.33,12.829999923706055,17.0398
08/02/2024,11.25,5.33,12.789999961853027,17.1023
09/02/2024,11.25,5.33,12.930000305175781,17.0855
12/02/2024,11.25,5.33,13.930000305175781,17.068
13/02/2024,11.25,5.33,15.850000381469727,17.1982
14/02/2024,11.25,5.33,14.380000114440918,17.1105
15/02/2024,11.25,5.33,14.010000228881836,17.068
16/02/2024,11.25,5.33,14.239999771118164,17.0602
19/02/2024,11.25,5.33,14.239999771118164,17.05
20/02/2024,11.25,5.33,15.420000076293945,17.0458
21/02/2024,11.25,5.33,15.34000015258789,17.0603
22/02/2024,11.25,5.33,14.539999961853027,17.121
23/02/2024,11.25,5.33,13.75,17.126
26/02/2024,11.25,5.33,13.739999771118164,17.126
27/02/2024,11.25,5.33,13.430000305175781,17.0605
28/02/2024,11.25,5.33,13.84000015258789,17.0962
29/02/2024,11.25,5.33,13.399999618530273,17.0633
01/03/2024,11.25,5.33,13.109999656677246,17.0217
04/03/2024,11.25,5.33,13.489999771118164,16.9828
05/03/2024,11.25,5.33,14.460000038146973,16.9257
06/03/2024,11.25,5.33,14.5,16.8728
07/03/2024,11.25,5.33,14.43999958,16.877
08/03/2024,11.25,5.33,14.739999771118164,16.7985
11/03/2024,11.25,5.33,15.220000267028809,16.8083
12/03/2024,11.25,5.33,13.84000015258789,16.8272
13/03/2024,11.25,5.33,13.75,16.7127
14/03/2024,11.25,5.33,14.399999618530273,16.692
15/03/2024,11.25,5.33,14.40999984741211,16.71
18/03/2024,11.25,5.33,14.329999923706055,16.71
19/03/2024,11.25,5.33,13.819999694824219,16.8523
20/03/2024,11.25,5.33,13.039999961853027,16.759
21/03/2024,11.25,5.33,12.920000076293945,16.762
22/03/2024,11,5.33,13.06000042,16.7367
25/03/2024,11,5.33,13.18999958,16.7032
26/03/2024,11,5.33,13.239999771118164,16.678
27/03/2024,11,5.33,12.779999732971191,16.5323
28/03/2024,11,5.33,13.010000228881836,16.5323
29/03/2024,11,5.33,13.010000228881836,16.5323
01/04/2024,11,5.33,13.649999618530273,16.6578
02/04/2024,11,5.33,14.609999656677246,16.5673
03/04/2024,11,5.33,14.329999923706055,16.5415
04/04/2024,11,5.33,16.350000381469727,16.5173
05/04/2024,11,5.33,16.030000686645508,16.4758
08/04/2024,11,5.33,15.18999958,16.3357
09/04/2024,11,5.33,14.979999542236328,16.3932
10/04/2024,11,5.33,15.800000190734863,16.4883
11/04/2024,11,5.33,14.90999984741211,16.4583
12/04/2024,11,5.33,17.309999465942383,16.6693
15/04/2024,11,5.33,19.229999542236328,16.6815
16/04/2024,11,5.33,18.399999618530273,17.0252
17/04/2024,11,5.33,18.209999084472656,16.9948
18/04/2024,11,5.33,18,17.1145
19/04/2024,11,5.33,18.709999084472656,17.212
22/04/2024,11,5.33,16.940000534057617,17.1243
23/04/2024,11,5.33,15.68999958,16.9995
24/04/2024,11,5.33,15.970000267028809,17.1098
25/04/2024,11,5.33,15.369999885559082,17.1883
26/04/2024,11,5.33,15.029999732971191,17.1552
29/04/2024,11,5.33,14.670000076293945,17.0243
30/04/2024,11,5.33,15.649999618530273,17.0958
01/05/2024,11,5.33,15.390000343322754,17.0958
02/05/2024,11,5.33,14.680000305175781,16.9393
03/05/2024,11,5.33,13.489999771118164,17.0042
06/05/2024,11,5.33,13.489999771118164,16.8947
07/05/2024,11,5.33,13.229999542236328,16.9083
08/05/2024,11,5.33,13,16.9087
09/05/2024,11,5.33,12.68999958,16.866
10/05/2024,11,5.33,12.550000190734863,16.769
13/05/2024,11,5.33,13.600000381469727,16.8072
14/05/2024,11,5.33,13.420000076293945,16.846
15/05/2024,11,5.33,12.449999809265137,16.6782
16/05/2024,11,5.33,12.420000076293945,16.6893
17/05/2024,11,5.33,11.989999771118164,16.6217
20/05/2024,11,5.33,12.149999618530273,16.5668
21/05/2024,11,5.33,11.859999656677246,16.6138
22/05/2024,11,5.33,12.289999961853027,16.6405
23/05/2024,11,5.33,12.770000457763672,16.6945
24/05/2024,11,5.33,11.930000305175781,16.7023
27/05/2024,11,5.33,11.930000305175781,16.6568
28/05/2024,11,5.33,12.920000076293945,16.7457
29/05/2024,11,5.33,14.279999732971191,16.95
30/05/2024,11,5.33,14.470000267028809,16.9377
31/05/2024,11,5.33,12.920000076293945,17.0177
03/06/2024,11,5.33,13.109999656677246,17.6338
04/06/2024,11,5.33,13.15999984741211,17.8607
05/06/2024,11,5.33,12.630000114440918,17.5592
06/06/2024,11,5.33,12.579999923706055,17.5335
07/06/2024,11,5.33,12.220000267028809,18.2622
10/06/2024,11,5.33,12.739999771118164,18.3848
11/06/2024,11,5.33,12.850000381469727,18.4457
12/06/2024,11,5.33,12.039999961853027,18.7832
13/06/2024,11,5.33,11.93999958,18.5385
14/06/2024,11,5.33,12.65999984741211,18.4512
17/06/2024,11,5.33,12.75,18.5248
18/06/2024,11,5.33,12.300000190734863,18.4128
19/06/2024,11,5.33,12.300000190734863,18.423
20/06/2024,11,5.33,13.279999732971191,18.4027
21/06/2024,11,5.33,13.199999809265137,18.1848
24/06/2024,11,5.33,13.329999923706055,17.9627
25/06/2024,11,5.33,12.84000015258789,18.1372
26/06/2024,11,5.33,12.550000190734863,18.2215
27/06/2024,11,5.33,12.239999771118164,18.3773
28/06/2024,11,5.33,12.43999958,18.2478
01/07/2024,11,5.33,12.220000267028809,18.3897
02/07/2024,11,5.33,12.029999732971191,18.2485
03/07/2024,11,5.33,12.09000015258789,18.1355
04/07/2024,11,5.33,12.09000015258789,18.0958
05/07/2024,11,5.33,12.479999542236328,18.0977
08/07/2024,11,5.33,12.369999885559082,18.0095
09/07/2024,11,5.33,12.510000228881836,17.9428
10/07/2024,11,5.33,12.850000381469727,17.8288
11/07/2024,11,5.33,12.920000076293945,17.8192
12/07/2024,11,5.33,12.460000038146973,17.6502
15/07/2024,11,5.33,13.119999885559082,17.7837
16/07/2024,11,5.33,13.18999958,17.6795
17/07/2024,11,5.33,14.479999542236328,17.7438
18/07/2024,11,5.33,15.930000305175781,17.8907
19/07/2024,11,5.33,16.520000457763672,17.997
22/07/2024,11,5.33,14.90999984741211,17.9107
23/07/2024,11,5.33,14.720000267028809,18.0987
24/07/2024,11,5.33,18.040000915527344,18.3458
25/07/2024,11,5.33,18.459999084472656,18.385
26/07/2024,11,5.33,16.389999389648438,18.4475
29/07/2024,11,5.33,16.600000381469727,18.6818
30/07/2024,11,5.33,17.690000534057617,18.79
31/07/2024,11,5.33,16.360000610351562,18.597
01/08/2024,11,5.33,18.59000015258789,18.706
02/08/2024,11,5.33,23.389999389648438,19.0442
05/08/2024,11,5.33,38.56999969482422,19.3905
06/08/2024,11,5.33,27.709999084472656,19.33
07/08/2024,11,5.33,27.850000381469727,19.189
08/08/2024,11,5.33,23.790000915527344,19.09
09/08/2024,10.75,5.33,20.37000084,18.8368
12/08/2024,10.75,5.33,20.709999084472656,19.032
13/08/2024,10.75,5.33,18.12000084,19.0387
14/08/2024,10.75,5.33,16.190000534057617,18.8478
15/08/2024,10.75,5.33,15.229999542236328,18.6513
16/08/2024,10.75,5.33,14.800000190734863,18.6228
19/08/2024,10.75,5.33,14.649999618530273,18.7357
20/08/2024,10.75,5.33,15.880000114440918,18.9448
21/08/2024,10.75,5.33,16.270000457763672,19.2535
22/08/2024,10.75,5.33,17.549999237060547,19.4235
23/08/2024,10.75,5.33,15.859999656677246,19.0708
26/08/2024,10.75,5.33,16.149999618530273,19.382
27/08/2024,10.75,5.33,15.430000305175781,19.6692
28/08/2024,10.75,5.33,17.110000610351562,19.6037
29/08/2024,10.75,5.33,15.649999618530273,19.8168
30/08/2024,10.75,5.33,15,19.6535
02/09/2024,10.75,5.33,15,19.798
03/09/2024,10.75,5.33,20.719999313354492,19.8335
04/09/2024,10.75,5.33,21.31999969482422,19.846
05/09/2024,10.75,5.33,19.899999618530273,20.0028
06/09/2024,10.75,5.33,22.37999916,20.0172
09/09/2024,10.75,5.33,19.450000762939453,19.8798
10/09/2024,10.75,5.33,19.079999923706055,20.0583
11/09/2024,10.75,5.33,17.690000534057617,19.839
12/09/2024,10.75,5.33,17.06999969482422,19.5887
13/09/2024,10.75,5.33,16.559999465942383,19.2483
16/09/2024,10.75,5.33,17.139999389648438,19.2483
17/09/2024,10.75,5.33,17.610000610351562,19.267
18/09/2024,10.75,5.33,18.229999542236328,19.3033
19/09/2024,10.75,4.83,16.329999923706055,19.2773
20/09/2024,10.75,4.83,16.149999618530273,19.3725
23/09/2024,10.75,4.83,15.890000343322754,19.415
24/09/2024,10.75,4.83,15.390000343322754,19.3562
25/09/2024,10.75,4.83,15.40999984741211,19.587
26/09/2024,10.75,4.83,15.369999885559082,19.629
27/09/2024,10.5,4.83,16.959999084472656,19.6697
30/09/2024,10.5,4.83,16.729999542236328,19.644
01/10/2024,10.5,4.83,19.260000228881836,19.644
02/10/2024,10.5,4.83,18.899999618530273,19.3885
03/10/2024,10.5,4.83,20.489999771118164,19.4678
04/10/2024,10.5,4.83,19.209999084472656,19.2127
07/10/2024,10.5,4.83,22.639999389648438,19.3388
08/10/2024,10.5,4.83,21.420000076293945,19.3532
09/10/2024,10.5,4.83,20.860000610351562,19.4175
10/10/2024,10.5,4.83,20.93000030517578,19.5113
11/10/2024,10.5,4.83,20.459999084472656,19.3983
14/10/2024,10.5,4.83,19.700000762939453,19.342
15/10/2024,10.5,4.83,20.639999389648438,19.62
16/10/2024,10.5,4.83,19.579999923706055,19.8925
17/10/2024,10.5,4.83,19.110000610351562,19.9313
18/10/2024,10.5,4.83,18.030000686645508,19.8325
21/10/2024,10.5,4.83,18.37000084,20.0075
22/10/2024,10.5,4.83,18.200000762939453,19.8985
23/10/2024,10.5,4.83,19.239999771118164,19.9338
24/10/2024,10.5,4.83,19.079999923706055,19.8385
25/10/2024,10.5,4.83,20.329999923706055,19.9303
28/10/2024,10.5,4.83,19.799999237060547,20.0007
29/10/2024,10.5,4.83,19.34000015258789,20.0208
30/10/2024,10.5,4.83,20.350000381469727,20.1617
31/10/2024,10.5,4.83,23.15999984741211,20.0378
01/11/2024,10.5,4.83,21.87999916,20.0908
04/11/2024,10.5,4.83,21.979999542236328,20.0367
05/11/2024,10.5,4.83,20.489999771118164,20.2695
06/11/2024,10.5,4.83,16.270000457763672,20.3093
07/11/2024,10.5,4.83,15.199999809265137,19.8277
08/11/2024,10.5,4.58,14.93999958,20.1332
11/11/2024,10.5,4.58,14.970000267028809,20.4502
12/11/2024,10.5,4.58,14.710000038146973,20.5693
13/11/2024,10.5,4.58,14.020000457763672,20.6025
14/11/2024,10.5,4.58,14.31000042,20.494
15/11/2024,10.25,4.58,16.139999389648438,20.3887
18/11/2024,10.25,4.58,15.579999923706055,20.3887
19/11/2024,10.25,4.58,16.350000381469727,20.1848
20/11/2024,10.25,4.58,17.15999984741211,20.2903
21/11/2024,10.25,4.58,16.87000084,20.3775
22/11/2024,10.25,4.58,15.239999771118164,20.4872
25/11/2024,10.25,4.58,14.600000381469727,20.2993
26/11/2024,10.25,4.58,14.100000381469727,20.7185
27/11/2024,10.25,4.58,14.100000381469727,20.6418
28/11/2024,10.25,4.58,14.100000381469727,20.4173
29/11/2024,10.25,4.58,13.510000228881836,20.3212
02/12/2024,10.25,4.58,13.34000015258789,20.4357
03/12/2024,10.25,4.58,13.300000190734863,20.3233
04/12/2024,10.25,4.58,13.449999809265137,20.283
05/12/2024,10.25,4.58,13.539999961853027,20.1963
06/12/2024,10.25,4.58,12.770000457763672,20.2275
09/12/2024,10.25,4.58,14.18999958,20.1547
10/12/2024,10.25,4.58,14.180000305175781,20.2485
11/12/2024,10.25,4.58,13.579999923706055,20.1647
12/12/2024,10.25,4.58,13.920000076293945,20.1647
13/12/2024,10.25,4.58,13.81000042,20.142
16/12/2024,10.25,4.58,14.68999958,20.1448
17/12/2024,10.25,4.58,15.869999885559082,20.2363
18/12/2024,10.25,4.58,27.62000084,20.1395
19/12/2024,10.25,4.33,24.09000015258789,20.4402
20/12/2024,10,4.33,18.360000610351562,20.1035
23/12/2024,10,4.33,16.780000686645508,20.1948
24/12/2024,10,4.33,14.270000457763672,20.1558
25/12/2024,10,4.33,14.270000457763672,20.1558
26/12/2024,10,4.33,14.729999542236328,20.1657
27/12/2024,10,4.33,15.949999809265137,20.2683
30/12/2024,10,4.33,17.399999618530273,20.5103
31/12/2024,10,4.33,17.350000381469727,20.7862
01/01/2025,10,4.33,17.350000381469727,20.7862
02/01/2025,10,4.33,17.93000030517578,20.6917
03/01/2025,10,4.33,16.12999916,20.6708
06/01/2025,10,4.33,16.040000915527344,20.3195
07/01/2025,10,4.33,17.81999969482422,20.344
08/01/2025,10,4.33,17.700000762939453,20.3823
09/01/2025,10,4.33,17.700000762939453,20.4742
10/01/2025,10,4.33,19.540000915527344,20.7045
13/01/2025,10,4.33,19.190000534057617,20.8012
14/01/2025,10,4.33,18.709999084472656,20.482
15/01/2025,10,4.33,16.12000084,20.4875
16/01/2025,10,4.33,16.600000381469727,20.7732
17/01/2025,10,4.33,15.970000267028809,20.718
20/01/2025,10,4.33,15.970000267028809,20.543
21/01/2025,10,4.33,15.06000042,20.6358
22/01/2025,10,4.33,15.100000381469727,20.5397
23/01/2025,10,4.33,15.020000457763672,20.3943
24/01/2025,10,4.33,14.850000381469727,20.2255
27/01/2025,10,4.33,17.899999618530273,20.7002
28/01/2025,10,4.33,16.40999984741211,20.5668
29/01/2025,10,4.33,16.559999465942383,20.5677
30/01/2025,10,4.33,15.84000015258789,20.4497
31/01/2025,10,4.33,16.43000030517578,20.6068
03/02/2025,10,4.33,18.62000084,20.6068
04/02/2025,10,4.33,17.209999084472656,20.4268
05/02/2025,10,4.33,15.770000457763672,20.6363
06/02/2025,10,4.33,15.5,20.5125
07/02/2025,9.5,4.33,16.540000915527344,20.5512
10/02/2025,9.5,4.33,15.81000042,20.6693
11/02/2025,9.5,4.33,16.020000457763672,20.568
12/02/2025,9.5,4.33,15.890000343322754,20.4917
13/02/2025,9.5,4.33,15.100000381469727,20.4978
14/02/2025,9.5,4.33,14.770000457763672,20.3082
17/02/2025,9.5,4.33,14.770000457763672,20.283
18/02/2025,9.5,4.33,15.350000381469727,20.2617
19/02/2025,9.5,4.33,15.270000457763672,20.4208
20/02/2025,9.5,4.33,15.65999984741211,20.3733
21/02/2025,9.5,4.33,18.209999084472656,20.3448
24/02/2025,9.5,4.33,18.979999542236328,20.464
25/02/2025,9.5,4.33,19.43000030517578,20.4683
26/02/2025,9.5,4.33,19.100000381469727,20.4277
27/02/2025,9.5,4.33,21.12999916,20.4722
28/02/2025,9.5,4.33,19.62999916,20.508
03/03/2025,9.5,4.33,22.780000686645508,20.4333
04/03/2025,9.5,4.33,23.510000228881836,20.8518
05/03/2025,9.5,4.33,21.93000030517578,20.3893
06/03/2025,9.5,4.33,24.87000084,20.2777
07/03/2025,9.5,4.33,23.37000084,20.283
10/03/2025,9.5,4.33,27.860000610351562,20.2922
11/03/2025,9.5,4.33,26.920000076293945,20.3388
12/03/2025,9.5,4.33,24.229999542236328,20.1828
13/03/2025,9.5,4.33,24.65999984741211,20.0848
14/03/2025,9.5,4.33,21.770000457763672,19.8693
17/03/2025,9.5,4.33,20.510000228881836,19.8693
18/03/2025,9.5,4.33,21.700000762939453,19.9845
19/03/2025,9.5,4.33,19.899999618530273,20.0553
20/03/2025,9.5,4.33,19.799999237060547,20.1345
21/03/2025,9.5,4.33,19.280000686645508,20.2163
24/03/2025,9.5,4.33,17.479999542236328,20.1123
25/03/2025,9.5,4.33,17.149999618530273,20.0762
26/03/2025,9.5,4.33,18.329999923706055,20.0963
27/03/2025,9.5,4.33,18.690000534057617,20.3182
28/03/2025,9,4.33,21.649999618530273,20.4003
31/03/2025,9,4.33,22.280000686645508,20.438
01/04/2025,9,4.33,21.770000457763672,20.3587
02/04/2025,9,4.33,21.510000228881836,20.4568
03/04/2025,9,4.33,30.020000457763672,19.9708
04/04/2025,9,4.33,45.310001373291016,20.501
07/04/2025,9,4.33,46.97999954223633,20.6947
08/04/2025,9,4.33,52.33000183105469,20.6867
09/04/2025,9,4.33,33.619998931884766,20.7653
10/04/2025,9,4.33,40.720001220703125,20.492
11/04/2025,9,4.33,37.560001373291016,20.3363
14/04/2025,9,4.33,30.889999389648438,20.1025
15/04/2025,9,4.33,30.12000084,20.0213
16/04/2025,9,4.33,32.63999938964844,19.9737
17/04/2025,9,4.33,29.649999618530273,19.9737
18/04/2025,9,4.33,29.649999618530273,19.9737
21/04/2025,9,4.33,33.81999969482422,19.6718
22/04/2025,9,4.33,30.56999969482422,19.5688
23/04/2025,9,4.33,28.450000762939453,19.6278
24/04/2025,9,4.33,26.469999313354492,19.5825
25/04/2025,9,4.33,24.84000015258789,19.5478
28/04/2025,9,4.33,25.149999618530273,19.5723
29/04/2025,9,4.33,24.170000076293945,19.5868
30/04/2025,9,4.33,24.700000762939453,19.6095
01/05/2025,9,4.33,24.600000381469727,19.6095
02/05/2025,9,4.33,22.68000030517578,19.657
05/05/2025,9,4.33,23.639999389648438,19.6365
06/05/2025,9,4.33,24.760000228881836,19.6785
07/05/2025,9,4.33,23.549999237060547,19.588
08/05/2025,9,4.33,22.479999542236328,19.5642
09/05/2025,9,4.33,21.899999618530273,19.4912
12/05/2025,9,4.33,18.389999389648438,19.6162
13/05/2025,9,4.33,18.219999313354492,19.4373
14/05/2025,9,4.33,18.62000084,19.363
15/05/2025,9,4.33,17.829999923706055,19.478
16/05/2025,8.5,4.33,17.239999771118164,19.5147
19/05/2025,8.5,4.33,18.139999389648438,19.3723
20/05/2025,8.5,4.33,18.09000015258789,19.2648
21/05/2025,8.5,4.33,20.87000084,19.3198
22/05/2025,8.5,4.33,20.280000686645508,19.3227
23/05/2025,8.5,4.33,22.290000915527344,19.2748
26/05/2025,8.5,4.33,22.290000915527344,19.2188
27/05/2025,8.5,4.33,18.959999084472656,19.2338
28/05/2025,8.5,4.33,19.309999465942383,19.4
29/05/2025,8.5,4.33,19.18000030517578,19.328
30/05/2025,8.5,4.33,18.56999969482422,19.3858
02/06/2025,8.5,4.33,18.360000610351562,19.2338
03/06/2025,8.5,4.33,17.690000534057617,19.2638
04/06/2025,8.5,4.33,17.610000610351562,19.1932
05/06/2025,8.5,4.33,18.479999542236328,19.17
06/06/2025,8.5,4.33,16.770000457763672,19.1317
09/06/2025,8.5,4.33,17.15999984741211,19.0595
10/06/2025,8.5,4.33,16.950000762939453,19.0518
11/06/2025,8.5,4.33,17.260000228881836,18.879
12/06/2025,8.5,4.33,18.020000457763672,18.9068
13/06/2025,8.5,4.33,20.81999969482422,18.9302
16/06/2025,8.5,4.33,19.110000610351562,18.9083
17/06/2025,8.5,4.33,21.600000381469727,18.9872
18/06/2025,8.5,4.33,20.139999389648438,19.0047
19/06/2025,8.5,4.33,20.139999389648438,19.0898
20/06/2025,8.5,4.33,20.62000084,19.1458
23/06/2025,8.5,4.33,19.829999923706055,19.1527
24/06/2025,8.5,4.33,17.479999542236328,19.0267
25/06/2025,8.5,4.33,16.760000228881836,18.9203
26/06/2025,8.5,4.33,16.59000015258789,18.8928
27/06/2025,8,4.33,16.31999969482422,18.8483
30/06/2025,8,4.33,16.729999542236328,18.8332
01/07/2025,8,4.33,16.829999923706055,18.765
02/07/2025,8,4.33,16.639999389648438,18.754
03/07/2025,8,4.33,16.37999916,18.6652
04/07/2025,8,4.33,16.37999916,18.6327
07/07/2025,8,4.33,17.790000915527344,18.6698
08/07/2025,8,4.33,16.809999465942383,18.714
09/07/2025,8,4.33,15.93999958,18.5733
10/07/2025,8,4.33,15.779999732971191,18.6267
11/07/2025,8,4.33,16.399999618530273,18.6595
14/07/2025,8,4.33,17.200000762939453,18.751
15/07/2025,8,4.33,17.37999916,18.8397
16/07/2025,8,4.33,17.15999984741211,18.7178
17/07/2025,8,4.33,16.520000457763672,18.7685
18/07/2025,8,4.33,16.40999984741211,18.72
21/07/2025,8,4.33,16.649999618530273,18.6455
22/07/2025,8,4.33,16.5,18.6212
23/07/2025,8,4.33,15.369999885559082,18.5735
24/07/2025,8,4.33,15.390000343322754,18.5538
25/07/2025,8,4.33,14.930000305175781,18.557
28/07/2025,8,4.33,15.029999732971191,18.7267
29/07/2025,8,4.33,15.979999542236328,18.7642
30/07/2025,8,4.33,15.479999542236328,18.796
31/07/2025,8,4.33,16.719999313354492,18.7963
01/08/2025,8,4.33,20.37999916,18.916
04/08/2025,8,4.33,17.520000457763672,18.8783
05/08/2025,8,4.33,17.850000381469727,18.762
06/08/2025,8,4.33,16.770000457763672,18.6192
07/08/2025,8,4.33,16.56999969482422,18.6765
08/08/2025,7.75,4.33,15.149999618530273,18.5518
11/08/2025,7.75,4.33,16.25,18.6683
12/08/2025,7.75,4.33,14.729999542236328,18.5657
13/08/2025,7.75,4.33,14.489999771118164,18.6353
14/08/2025,7.75,4.33,14.829999923706055,18.8137
15/08/2025,7.75,4.33,15.09000015258789,18.7295
18/08/2025,7.75,4.33,14.989999771118164,18.784
19/08/2025,7.75,4.33,15.569999694824219,18.7982
20/08/2025,7.75,4.33,15.68999958,18.7572
21/08/2025,7.75,4.33,16.600000381469727,18.7737
22/08/2025,7.75,4.33,14.220000267028809,18.595
25/08/2025,7.75,4.33,14.789999961853027,18.6368
26/08/2025,7.75,4.33,14.619999885559082,18.6843
27/08/2025,7.75,4.33,14.850000381469727,18.6912
28/08/2025,7.75,4.33,14.430000305175781,18.6522
29/08/2025,7.75,4.33,15.359999656677246,18.644
01/09/2025,7.75,4.33,15.359999656677246,18.646
02/09/2025,7.75,4.33,17.170000076293945,18.7072
03/09/2025,7.75,4.33,16.350000381469727,18.6873
04/09/2025,7.75,4.33,15.300000190734863,18.7577
05/09/2025,7.75,4.33,15.180000305175781,18.6792
08/09/2025,7.75,4.33,15.109999656677246,18.655
09/09/2025,7.75,4.33,15.039999961853027,18.6353
10/09/2025,7.75,4.33,15.350000381469727,18.592
11/09/2025,7.75,4.33,14.710000038146973,18.5287
12/09/2025,7.75,4.33,14.760000228881836,18.4757
15/09/2025,7.75,4.33,15.68999958,18.3635
16/09/2025,7.75,4.33,16.360000610351562,18.3635
17/09/2025,7.75,4.33,15.720000267028809,18.3257
18/09/2025,7.75,4.08,15.699999809265137,18.361
19/09/2025,7.75,4.08,15.449999809265137,18.3892
22/09/2025,7.75,4.09,16.100000381469727,18.4082
23/09/2025,7.75,4.09,16.639999389648438,18.3232
24/09/2025,7.75,4.09,16.18000030517578,18.4312
25/09/2025,7.75,4.09,16.739999771118164,18.4457
26/09/2025,7.5,4.09,15.289999961853027,18.3825
29/09/2025,7.5,4.09,16.12000084,18.3507
30/09/2025,7.5,4.09,16.280000686645508,18.3342
01/10/2025,7.5,4.09,16.290000915527344,18.3477
02/10/2025,7.5,4.09,16.62999916,18.4843
03/10/2025,7.5,4.09,16.649999618530273,18.3902
06/10/2025,7.5,4.09,16.37000084,18.3528
07/10/2025,7.5,4.09,17.239999771118164,18.3762
08/10/2025,7.5,4.1,16.299999237060547,18.3477
09/10/2025,7.5,4.1,16.43000030517578,18.383
10/10/2025,7.5,4.1,21.65999984741211,18.5567
13/10/2025,7.5,4.1,19.030000686645508,18.44
14/10/2025,7.5,4.1,20.809999465942383,18.522
15/10/2025,7.5,4.1,20.639999389648438,18.4808
16/10/2025,7.5,4.11,25.309999465942383,18.4108
17/10/2025,7.5,4.11,20.780000686645508,18.407
20/10/2025,7.5,4.11,18.229999542236328,18.4032
21/10/2025,7.5,4.11,17.87000084,18.4252
22/10/2025,7.5,4.11,18.600000381469727,18.4333
23/10/2025,7.5,4.11,17.299999237060547,18.4033
24/10/2025,7.5,4.11,16.37000084,18.3948
27/10/2025,7.5,4.12,15.789999961853027,18.3892
28/10/2025,7.5,4.12,16.420000076293945,18.4145
29/10/2025,7.5,4.12,16.920000076293945,18.4072
30/10/2025,7.5,3.87,16.90999984741211,18.538
31/10/2025,7.5,3.86,17.440000534057617,18.5725
03/11/2025,7.5,3.87,17.170000076293945,18.4835
04/11/2025,7.5,3.87,19,18.6133
05/11/2025,7.5,3.87,18.010000228881836,18.5947
06/11/2025,7.5,3.87,19.5,18.6233
07/11/2025,7.25,3.87,19.079999923706055,18.5
10/11/2025,7.25,3.87,17.600000381469727,18.3922
11/11/2025,7.25,3.87,17.280000686645508,18.3333
12/11/2025,7.25,3.87,17.510000228881836,18.2982
13/11/2025,7.25,3.88,20,18.2805
14/11/2025,7.25,3.88,19.829999923706055,18.3262
17/11/2025,7.25,3.88,22.37999916,18.3262
18/11/2025,7.25,3.88,24.690000534057617,18.3728
19/11/2025,7.25,3.88,23.65999984741211,18.341
20/11/2025,7.25,3.88,26.420000076293945,18.355
21/11/2025,7.25,3.88,23.43000030517578,18.4965
24/11/2025,7.25,3.88,20.520000457763672,18.4997
25/11/2025,7.25,3.88,18.559999465942383,18.4308
26/11/2025,7.25,3.88,17.190000534057617,18.356
27/11/2025,7.25,3.88,17.190000534057617,18.3467
28/11/2025,7.25,3.89,16.350000381469727,18.3075
01/12/2025,7.25,3.89,17.239999771118164,18.2757
02/12/2025,7.25,3.89,16.59000015258789,18.291
03/12/2025,7.25,3.89,16.079999923706055,18.2642
04/12/2025,7.25,3.89,15.779999732971191,18.2293
05/12/2025,7.25,3.89,15.40999984741211,18.186
08/12/2025,7.25,3.89,16.65999984741211,18.2367
09/12/2025,7.25,3.89,16.93000030517578,18.194
10/12/2025,7.25,3.89,15.770000457763672,18.2085
11/12/2025,7.25,3.64,14.850000381469727,18.0543
12/12/2025,7.25,3.64,15.739999771118164,18.0543
15/12/2025,7.25,3.64,16.5,17.9925
16/12/2025,7.25,3.64,16.479999542236328,17.9525
17/12/2025,7.25,3.64,17.62000084,18.02
18/12/2025,7.25,3.64,16.87000084,17.9792
19/12/2025,7,3.64,14.90999984741211,18.0065
22/12/2025,7,3.64,14.079999923706055,17.9785
23/12/2025,7,3.64,14,17.9332
24/12/2025,7,3.64,13.470000267028809,17.9248
25/12/2025,7,3.64,13.470000267028809,17.9248
26/12/2025,7,3.64,13.600000381469727,17.9042
29/12/2025,7,3.64,14.199999809265137,17.9667
30/12/2025,7,3.64,14.329999923706055,17.9528
31/12/2025,7,3.64,14.949999809265137,18.0012
01/01/2026,7,3.64,14.949999809265137,18.0012
02/01/2026,7,3.64,14.510000228881836,17.8803
05/01/2026,7,3.64,14.899999618530273,17.8905
06/01/2026,7,3.64,14.75,17.9697
07/01/2026,7,3.64,15.380000114440918,17.9587
08/01/2026,7,3.64,15.449999809265137,17.9807
09/01/2026,7,3.64,14.489999771118164,17.9842
12/01/2026,7,3.64,15.119999885559082,17.9075
13/01/2026,7,3.64,15.979999542236328,17.854
14/01/2026,7,3.64,16.75,17.8167
15/01/2026,7,3.64,15.84000015258789,17.6897
16/01/2026,7,3.64,15.859999656677246,17.6867
19/01/2026,7,3.64,15.859999656677246,17.599
20/01/2026,7,3.64,20.09000015258789,17.6008
21/01/2026,7,3.64,16.899999618530273,17.452
22/01/2026,7,3.64,15.640000343322754,17.4828
23/01/2026,7,3.64,16.09000015258789,17.4545
26/01/2026,7,3.64,16.149999618530273,17.283
27/01/2026,7,3.64,16.350000381469727,17.2357
28/01/2026,7,3.64,16.350000381469727,17.2322
29/01/2026,7,3.64,16.87999916,17.2532
30/01/2026,7,3.64,17.440000534057617,17.331
02/02/2026,7,3.64,16.34000015258789,17.331
03/02/2026,7,3.64,18,17.235
04/02/2026,7,3.64,18.639999389648438,17.2925
05/02/2026,7,3.64,21.770000457763672,17.407
06/02/2026,7,3.64,20.37000084,17.2988
09/02/2026,7,3.64,17.360000610351562,17.1907
10/02/2026,7,3.64,17.790000915527344,17.2315
11/02/2026,7,3.64,17.649999618530273,17.2155
12/02/2026,7,3.64,20.81999969482422,17.2
13/02/2026,7,3.64,20.600000381469727,17.1798
16/02/2026,7,3.64,20.600000381469727,17.1723
17/02/2026,7,3.64,20.290000915527344,17.1753
18/02/2026,7,3.64,19.62000084,17.1392
19/02/2026,7,3.64,20.229999542236328,17.27
20/02/2026,7,3.64,19.09000015258789,17.1722
23/02/2026,7,3.64,21.010000228881836,17.2162
24/02/2026,7,3.64,19.549999237060547,17.191
25/02/2026,7,3.64,17.93000030517578,17.17
26/02/2026,7,3.64,18.62999916,17.2563
27/02/2026,7,3.64,19.860000610351562,17.2193
02/03/2026,7,3.64,21.440000534057617,17.3485
03/03/2026,7,3.64,23.56999969482422,17.7228
04/03/2026,7,3.64,21.149999618530273,17.5445
05/03/2026,7,3.64,23.75,17.677
06/03/2026,7,3.64,29.489999771118164,17.7962
09/03/2026,7,3.64,25.5,17.7687
10/03/2026,7,3.64,24.93000030517578,17.5037
11/03/2026,7,3.64,24.229999542236328,17.6543
12/03/2026,7,3.64,27.290000915527344,17.8368
13/03/2026,7,3.64,27.190000534057617,17.9218
16/03/2026,7,3.64,23.510000228881836,17.9218
17/03/2026,7,3.64,22.37000084,17.6922
18/03/2026,7,3.64,25.09000015258789,17.669
19/03/2026,7,3.64,24.059999465942383,17.8117
20/03/2026,7,3.64,26.780000686645508,17.8998
23/03/2026,7,3.64,26.149999618530273,17.778
24/03/2026,7,3.64,26.950000762939453,17.8047
25/03/2026,7,3.64,25.329999923706055,17.7548
26/03/2026,7,3.64,27.440000534057617,17.7957
27/03/2026,6.75,3.64,31.049999237060547,18.0667
30/03/2026,6.75,3.64,30.610000610351562,18.1033
31/03/2026,6.75,3.64,25.25,18.0033
01/04/2026,6.75,3.64,24.540000915527344,17.8117
02/04/2026,6.75,3.64,23.87000084,17.8117
03/04/2026,6.75,3.64,23.87000084,17.8117
06/04/2026,6.75,3.64,24.170000076293945,17.7932
07/04/2026,6.75,3.64,25.780000686645508,17.758
08/04/2026,6.75,3.64,21.040000915527344,17.4157
09/04/2026,6.75,3.64,19.489999771118164,17.3593
10/04/2026,6.75,3.64,19.229999542236328,17.3033
13/04/2026,6.75,3.64,19.12000084,17.347
14/04/2026,6.75,3.64,18.360000610351562,17.2688
15/04/2026,6.75,3.64,18.170000076293945,17.2623
16/04/2026,6.75,3.64,17.940000534057617,17.2723
17/04/2026,6.75,3.64,17.479999542236328,17.2447
20/04/2026,6.75,3.64,18.87000084,17.32
21/04/2026,6.75,3.64,19.5,17.3323
22/04/2026,6.75,3.64,18.920000076293945,17.3287
23/04/2026,6.75,3.64,19.309999465942383,17.3587
24/04/2026,6.75,3.64,18.709999084472656,17.4052
27/04/2026,6.75,3.64,18.020000457763672,17.3838
28/04/2026,6.75,3.64,17.829999923706055,17.403
29/04/2026,6.75,3.64,18.809999465942383,17.4948
30/04/2026,6.75,3.64,16.889999389648438,17.5118
01/05/2026,6.75,3.64,16.989999771118164,17.5118
04/05/2026,6.75,3.64,18.290000915527344,17.5157
05/05/2026,6.75,3.64,17.37999916,17.3752
06/05/2026,6.75,3.64,17.389999389648438,17.253
07/05/2026,6.75,3.63,17.079999923706055,17.24
08/05/2026,6.5,3.63,17.190000534057617,17.2105
11/05/2026,6.5,3.63,18.37999916,17.1908
12/05/2026,6.5,3.63,17.989999771118164,17.252
13/05/2026,6.5,3.63,17.87000084,17.1878
14/05/2026,6.5,3.63,17.260000228881836,17.213
15/05/2026,6.5,3.63,18.43000030517578,17.3477
18/05/2026,6.5,3.63,17.81999969482422,17.2928
19/05/2026,6.5,3.62,18.059999465942383,17.3968
20/05/2026,6.5,3.62,17.440000534057617,17.2938
21/05/2026,6.5,3.62,16.760000228881836,17.3305
22/05/2026,6.5,3.62,16.700000762939453,17.3213
25/05/2026,6.5,3.62,16.59000015258789,17.272
26/05/2026,6.5,3.62,17.010000228881836,17.3232
27/05/2026,6.5,3.62,16.290000915527344,17.3793
28/05/2026,6.5,3.62,15.739999771118164,17.3213
29/05/2026,6.5,3.62,15.319999694824219,17.3505
01/06/2026,6.5,3.62,16.049999237060547,17.378
02/06/2026,6.5,3.62,15.770000457763672,17.2945
03/06/2026,6.5,3.62,16.059999465942383,17.3328
04/06/2026,6.5,3.62,15.399999618530273,17.2888
05/06/2026,6.5,3.62,21.510000228881836,17.4755
08/06/2026,6.5,3.62,18.920000076293945,17.4453
09/06/2026,6.5,3.62,19.87000084,17.4312
10/06/2026,6.5,3.62,22.219999313354492,17.3898
11/06/2026,6.5,3.62,19.440000534057617,17.3833
12/06/2026,6.5,3.62,17.68000030517578,17.2067
15/06/2026,6.5,3.63,16.200000762939453,17.2008
16/06/2026,6.5,3.63,16.40999984741211,17.2023
17/06/2026,6.5,3.63,18.440000534057617,17.1892
18/06/2026,6.5,3.63,16.399999618530273,17.3688
19/06/2026,6.5,3.63,16.399999618530273,17.3247
22/06/2026,6.5,3.63,17.280000686645508,17.348
23/06/2026,6.5,3.63,19.489999771118164,17.5505
24/06/2026,6.5,3.63,18.62999916,17.6213
25/06/2026,6.5,3.63,18.889999389648438,17.526
26/06/2026,6.5,3.63,18.40999984741211,17.47
29/06/2026,6.5,3.63,17.649999618530273,17.5053
30/06/2026,6.5,3.63,16.450000762939453,17.4693
01/07/2026,6.5,3.63,16.59000015258789,17.5368
02/07/2026,6.5,3.63,16.149999618530273,17.4725
03/07/2026,6.5,3.63,16.149999618530273,17.4758
06/07/2026,6.5,3.63,15.569999694824219,17.4342
07/07/2026,6.5,3.63,16.12999916,17.4958
08/07/2026,6.5,3.62,16.899999618530273,17.5993
09/07/2026,6.5,3.62,15.84000015258789,17.535
10/07/2026,6.5,3.62,15.029999732971191,17.4842
13/07/2026,6.5,3.62,17.15999984741211,17.5023
14/07/2026,6.5,3.63,16.5,17.4278
15/07/2026,6.5,3.63,15.670000076293945,17.391
16/07/2026,6.5,3.63,16.729999542236328,17.4418
17/07/2026,6.5,3.63,18.770000457763672,17.5242
20/07/2026,6.5,3.63,18.649999618530273,17.4315
21/07/2026,6.5,3.63,17.049999237060547,17.3975
22/07/2026,6.5,3.63,16.639999389648438,17.3973
23/07/2026,6.5,3.63,18.700000762939453,17.513
24/07/2026,6.5,3.63,18.579999923706055,17.4635
27/07/2026,6.5,3.63,18.670000076293945,17.444
28/07/2026,6.5,3.63,18.209999084472656,17.4312
29/07/2026,6.5,3.63,20.65999984741211,17.5133
30/07/2026,6.5,3.63,17.09000015258789,17.3562
31/07/2026,6.5,3.63,15.989999771118164,17.3288
03/08/2026,6.5,3.63,15.859999656677246,17.3317
04/08/2026,6.5,3.63,16.5,17.2717
05/08/2026,6.5,3.63,15.81000042,17.2317
06/08/2026,6.5,3.63,15.149999618530273,17.2195
07/08/2026,6.5,3.63,14.899999618530273,17.1387
10/08/2026,6.5,3.63,15.460000038146973,17.1408
11/08/2026,6.5,3.63,15.279999732971191,17.1092
