Banxico,Fed,VIX,remesas_mdd,diferencial_tasas,remesas_z,remesas_var_anual_pct,USD_MXN
7.0,1.07,10.18000030517578,2873.1654,5.844285714285714,-1.0699785606497445,26.353323186949584,19.1478
7.0,1.16,10.199999809265137,2873.1654,5.844285714285714,-1.0699785606497445,26.353323186949584,19.1241
7.0,1.16,9.93000030517578,2873.1654,5.844285714285714,-1.0699785606497445,26.353323186949584,19.1241
7.0,1.16,9.140000343322754,2873.1654,5.844285714285714,-1.0699785606497445,26.353323186949584,19.185
7.0,1.16,9.399999618530272,2873.1654,5.844285714285714,-1.0699785606497445,26.353323186949584,19.0814
7.0,1.16,9.890000343322754,2873.1654,5.844285714285714,-1.0699785606497445,26.353323186949584,19.1349
7.0,1.16,9.779999732971191,2873.1654,5.844285714285714,-1.0699785606497445,26.353323186949584,19.0718
7.0,1.16,10.5,2873.1654,5.844285714285714,-1.0699785606497445,26.353323186949584,19.09
7.0,1.16,11.289999961853027,2873.1654,5.844285714285714,-1.0699785606497445,26.353323186949584,19.0526
7.0,1.16,11.5,2873.1654,5.844285714285714,-1.0699785606497445,26.353323186949584,19.168
7.0,1.16,11.59000015258789,2873.1654,5.844285714285714,-1.0699785606497445,26.353323186949584,19.1334
7.0,1.16,13.130000114440918,2873.1654,5.844285714285714,-1.0699785606497445,26.353323186949584,19.2268
7.0,1.16,11.760000228881836,2873.1654,5.844285714285714,-1.0699785606497445,26.353323186949584,19.1224
7.0,1.16,11.43000030517578,2873.1654,5.844285714285714,-1.0699785606497445,26.353323186949584,18.9724
7.0,1.16,10.649999618530272,2873.1654,5.844285714285714,-1.0699785606497445,26.353323186949584,18.9724
7.0,1.16,9.729999542236328,2873.1654,5.844285714285714,-1.0699785606497445,26.353323186949584,18.8242
7.0,1.16,9.880000114440918,2873.1654,5.844285714285714,-1.0699785606497445,26.353323186949584,18.74
7.0,1.16,9.880000114440918,2873.1654,5.844285714285714,-1.0699785606497445,26.353323186949584,18.6041
7.0,1.16,9.670000076293944,2873.1654,5.844285714285714,-1.0699785606497445,26.353323186949584,18.5379
7.0,1.16,9.869999885559082,2873.1654,5.844285714285714,-1.0699785606497445,26.353323186949584,18.52
7.0,1.16,10.029999732971191,2873.1654,5.844285714285714,-1.0699785606497445,26.353323186949584,18.5848
7.0,1.16,10.699999809265137,2873.1654,5.844285714285714,-1.0699785606497445,26.353323186949584,18.519
7.0,1.07,11.279999732971191,2473.8381,5.844285714285714,-1.4110706014735093,1.1882710128496177,18.6229
7.0,1.16,11.43000030517578,2473.8381,5.844285714285714,-1.4110706014735093,1.1882710128496177,18.6399
7.0,1.16,11.68000030517578,2473.8381,5.844285714285714,-1.4110706014735093,1.1882710128496177,18.642
7.0,1.16,11.329999923706056,2473.8381,5.844285714285714,-1.4110706014735093,1.1882710128496177,18.6958
7.0,1.16,11.020000457763672,2473.8381,5.844285714285714,-1.4110706014735093,1.1882710128496177,18.8897
7.0,1.16,10.15999984741211,2473.8381,5.844285714285714,-1.4110706014735093,1.1882710128496177,18.9315
7.0,1.16,9.579999923706056,2473.8381,5.844285714285714,-1.4110706014735093,1.1882710128496177,18.9445
7.0,1.16,9.340000153,2473.8381,5.844285714285714,-1.4110706014735093,1.1882710128496177,18.974
7.0,1.17,9.920000076293944,2473.8381,5.844285714285714,-1.4110706014735093,1.1882710128496177,18.974
7.0,1.17,10.18000030517578,2473.8381,5.844285714285714,-1.4110706014735093,1.1882710128496177,19.1391
7.25,1.41,10.489999771118164,2473.8381,5.844285714285714,-1.4110706014735093,1.1882710128496177,19.1202
7.25,1.41,9.420000076293944,2473.8381,5.844285714285714,-1.4110706014735093,1.1882710128496177,19.1289
7.25,1.42,9.529999732971191,2473.8381,5.844285714285714,-1.4110706014735093,1.1882710128496177,19.0289
7.25,1.42,10.029999732971191,2473.8381,5.844285714285714,-1.4110706014735093,1.1882710128496177,19.1913
7.25,1.42,9.720000267028809,2473.8381,5.844285714285714,-1.4110706014735093,1.1882710128496177,19.2291
7.25,1.42,9.619999885559082,2473.8381,5.844285714285714,-1.4110706014735093,1.1882710128496177,19.3962
7.25,1.42,9.899999618530272,2473.8381,5.844285714285714,-1.4110706014735093,1.1882710128496177,19.5848
7.25,1.42,9.899999618530272,2473.8381,5.844285714285714,-1.4110706014735093,1.1882710128496177,19.5848
7.25,1.42,10.25,2473.8381,5.844285714285714,-1.4110706014735093,1.1882710128496177,19.7223
7.25,1.42,10.470000267028809,2473.8381,5.844285714285714,-1.4110706014735093,1.1882710128496177,19.7867
7.25,1.42,10.18000030517578,2473.8381,5.844285714285714,-1.4110706014735093,1.1882710128496177,19.7354
7.25,1.33,11.039999961853027,2473.8381,5.844285714285714,-1.4110706014735093,1.1882710128496177,19.6629
7.25,1.33,11.039999961853027,2473.8381,5.844285714285714,-1.4110706014735093,1.1882710128496177,19.6629
7.25,1.42,9.770000457763672,2473.8381,5.844285714285714,-1.4110706014735093,1.1882710128496177,19.4899
7.25,1.42,9.149999618530272,2473.8381,5.844285714285714,-1.4110706014735093,1.1882710128496177,19.3717
7.25,1.42,9.220000267028809,2473.8381,5.844285714285714,-1.4110706014735093,1.1882710128496177,19.2427
7.25,1.42,9.220000267028809,2473.8381,5.844285714285714,-1.4110706014735093,1.1882710128496177,19.2737
7.25,1.42,9.520000457763672,2473.8381,5.844285714285714,-1.4110706014735093,1.1882710128496177,19.2323
7.25,1.42,10.079999923706056,2473.8381,5.844285714285714,-1.4110706014735093,1.1882710128496177,19.3065
7.25,1.42,9.81999969482422,2473.8381,5.844285714285714,-1.4110706014735093,1.1882710128496177,19.2405
7.25,1.42,9.880000114440918,2473.8381,5.844285714285714,-1.4110706014735093,1.1882710128496177,19.3433
7.25,1.42,10.15999984741211,2473.8381,5.844285714285714,-1.4110706014735093,1.1882710128496177,19.0446
7.25,1.42,10.15999984741211,2473.8381,5.844285714285714,-1.4110706014735093,1.1882710128496177,18.8113
7.25,1.42,11.65999984741211,2473.8381,5.844285714285714,-1.4110706014735093,1.1882710128496177,18.8362
7.25,1.42,11.90999984741211,2473.8381,5.844285714285714,-1.4110706014735093,1.1882710128496177,18.655
7.25,1.42,12.220000267028809,2473.8381,5.844285714285714,-1.4110706014735093,1.1882710128496177,18.6361
7.25,1.42,11.270000457763672,2473.8381,5.844285714285714,-1.4110706014735093,1.1882710128496177,18.5813
7.25,1.42,11.029999732971191,2473.8381,5.844285714285714,-1.4110706014735093,1.1882710128496177,18.7118
7.25,1.42,11.100000381469728,2473.8381,5.844285714285714,-1.4110706014735093,1.1882710128496177,18.798
7.25,1.42,11.470000267028809,2473.8381,5.844285714285714,-1.4110706014735093,1.1882710128496177,18.5178
7.25,1.42,11.579999923706056,2473.8381,5.844285714285714,-1.4110706014735093,1.1882710128496177,18.478
7.25,1.42,11.079999923706056,2473.8381,5.844285714285714,-1.4110706014735093,1.1882710128496177,18.4672
7.25,1.42,13.84000015258789,2473.8381,5.844285714285714,-1.4110706014735093,1.1882710128496177,18.6196
7.25,1.42,14.789999961853027,2473.8381,5.844285714285714,-1.4110706014735093,1.1882710128496177,18.6982
7.25,1.34,13.539999961853027,2308.8292,5.833809523809524,-1.5520156920172423,5.133800512866871,18.6069
7.25,1.42,13.470000267028809,2308.8292,5.833809523809524,-1.5520156920172423,5.133800512866871,18.4004
7.25,1.42,17.309999465942383,2308.8292,5.833809523809524,-1.5520156920172423,5.133800512866871,18.5248
7.25,1.42,37.31999969482422,2308.8292,5.833809523809524,-1.5520156920172423,5.133800512866871,18.5248
7.25,1.42,29.979999542236328,2308.8292,5.833809523809524,-1.5520156920172423,5.133800512866871,18.7009
7.25,1.42,27.729999542236328,2308.8292,5.833809523809524,-1.5520156920172423,5.133800512866871,18.6492
7.5,1.42,33.459999084472656,2308.8292,5.833809523809524,-1.5520156920172423,5.133800512866871,18.8815
7.5,1.42,29.059999465942383,2308.8292,5.833809523809524,-1.5520156920172423,5.133800512866871,18.8623
7.5,1.42,25.61000061035156,2308.8292,5.833809523809524,-1.5520156920172423,5.133800512866871,18.6703
7.5,1.42,24.96999931335449,2308.8292,5.833809523809524,-1.5520156920172423,5.133800512866871,18.6269
7.5,1.42,19.26000022888184,2308.8292,5.833809523809524,-1.5520156920172423,5.133800512866871,18.6025
7.5,1.42,19.12999916,2308.8292,5.833809523809524,-1.5520156920172423,5.133800512866871,18.5159
7.5,1.42,19.459999084472656,2308.8292,5.833809523809524,-1.5520156920172423,5.133800512866871,18.4797
7.5,1.42,19.459999084472656,2308.8292,5.833809523809524,-1.5520156920172423,5.133800512866871,18.536
7.5,1.42,20.600000381469727,2308.8292,5.833809523809524,-1.5520156920172423,5.133800512866871,18.6594
7.5,1.42,20.020000457763672,2308.8292,5.833809523809524,-1.5520156920172423,5.133800512866871,18.6518
7.5,1.42,18.71999931335449,2308.8292,5.833809523809524,-1.5520156920172423,5.133800512866871,18.6574
7.5,1.42,16.489999771118164,2308.8292,5.833809523809524,-1.5520156920172423,5.133800512866871,18.5659
7.5,1.42,15.800000190734863,2308.8292,5.833809523809524,-1.5520156920172423,5.133800512866871,18.6456
7.5,1.42,18.59000015258789,2308.8292,5.833809523809524,-1.5520156920172423,5.133800512866871,18.7902
7.5,1.35,19.850000381469727,2292.3587,6.021184210526316,-1.566084242948741,4.624295528157307,18.8331
7.5,1.42,22.46999931335449,2292.3587,6.021184210526316,-1.566084242948741,4.624295528157307,18.861
7.5,1.42,19.59000015258789,2292.3587,6.021184210526316,-1.566084242948741,4.624295528157307,18.8909
7.5,1.42,18.729999542236328,2292.3587,6.021184210526316,-1.566084242948741,4.624295528157307,18.8838
7.5,1.42,18.36000061035156,2292.3587,6.021184210526316,-1.566084242948741,4.624295528157307,18.7246
7.5,1.42,17.760000228881836,2292.3587,6.021184210526316,-1.566084242948741,4.624295528157307,18.7922
7.5,1.42,16.540000915527344,2292.3587,6.021184210526316,-1.566084242948741,4.624295528157307,18.7148
7.5,1.42,14.640000343322754,2292.3587,6.021184210526316,-1.566084242948741,4.624295528157307,18.5812
7.5,1.42,15.779999732971191,2292.3587,6.021184210526316,-1.566084242948741,4.624295528157307,18.6199
7.5,1.42,16.350000381469727,2292.3587,6.021184210526316,-1.566084242948741,4.624295528157307,18.5604
7.5,1.42,17.229999542236328,2292.3587,6.021184210526316,-1.566084242948741,4.624295528157307,18.5854
7.5,1.43,16.59000015258789,2292.3587,6.021184210526316,-1.566084242948741,4.624295528157307,18.7023
7.5,1.43,15.800000190734863,2292.3587,6.021184210526316,-1.566084242948741,4.624295528157307,18.7216
7.5,1.43,19.020000457763672,2292.3587,6.021184210526316,-1.566084242948741,4.624295528157307,18.7216
7.5,1.44,18.200000762939453,2292.3587,6.021184210526316,-1.566084242948741,4.624295528157307,18.7614
7.5,1.44,17.860000610351562,2292.3587,6.021184210526316,-1.566084242948741,4.624295528157307,18.6001
7.5,1.68,23.34000015258789,2292.3587,6.021184210526316,-1.566084242948741,4.624295528157307,18.5078
7.5,1.68,24.87000084,2292.3587,6.021184210526316,-1.566084242948741,4.624295528157307,18.5364
7.5,1.68,21.030000686645508,2292.3587,6.021184210526316,-1.566084242948741,4.624295528157307,18.3268
7.5,1.68,22.5,2292.3587,6.021184210526316,-1.566084242948741,4.624295528157307,18.3445
7.5,1.68,22.87000084,2292.3587,6.021184210526316,-1.566084242948741,4.624295528157307,18.2709
7.5,1.68,19.96999931335449,2292.3587,6.021184210526316,-1.566084242948741,4.624295528157307,18.2709
7.5,1.67,19.96999931335449,2292.3587,6.021184210526316,-1.566084242948741,4.624295528157307,18.2709
7.5,1.68,23.62000084,2292.3587,6.021184210526316,-1.566084242948741,4.624295528157307,18.2967
7.5,1.69,21.100000381469727,2292.3587,6.021184210526316,-1.566084242948741,4.624295528157307,18.2044
7.5,1.69,20.059999465942383,2292.3587,6.021184210526316,-1.566084242948741,4.624295528157307,18.2244
7.5,1.69,18.940000534057617,2292.3587,6.021184210526316,-1.566084242948741,4.624295528157307,18.1081
7.5,1.69,21.489999771118164,2292.3587,6.021184210526316,-1.566084242948741,4.624295528157307,18.2888
7.5,1.69,21.770000457763672,2292.3587,6.021184210526316,-1.566084242948741,4.624295528157307,18.2753
7.5,1.69,20.46999931335449,2292.3587,6.021184210526316,-1.566084242948741,4.624295528157307,18.2882
7.5,1.69,20.239999771118164,2292.3587,6.021184210526316,-1.566084242948741,4.624295528157307,18.2018
7.5,1.69,18.489999771118164,2292.3587,6.021184210526316,-1.566084242948741,4.624295528157307,18.1353
7.5,1.69,17.40999984741211,2292.3587,6.021184210526316,-1.566084242948741,4.624295528157307,18.087
7.5,1.69,16.559999465942383,2292.3587,6.021184210526316,-1.566084242948741,4.624295528157307,18.0394
7.5,1.69,15.25,2292.3587,6.021184210526316,-1.566084242948741,4.624295528157307,17.9787
7.5,1.69,15.600000381469728,2292.3587,6.021184210526316,-1.566084242948741,4.624295528157307,18.0333
7.5,1.69,15.960000038146973,2292.3587,6.021184210526316,-1.566084242948741,4.624295528157307,18.2819
7.5,1.7,16.87999916,2292.3587,6.021184210526316,-1.566084242948741,4.624295528157307,18.621
7.5,1.7,16.34000015258789,2292.3587,6.021184210526316,-1.566084242948741,4.624295528157307,18.8628
7.5,1.7,18.020000457763672,2292.3587,6.021184210526316,-1.566084242948741,4.624295528157307,18.8139
7.5,1.7,17.84000015258789,2292.3587,6.021184210526316,-1.566084242948741,4.624295528157307,19.053
7.5,1.7,16.239999771118164,2292.3587,6.021184210526316,-1.566084242948741,4.624295528157307,18.8644
7.5,1.7,15.40999984741211,2292.3587,6.021184210526316,-1.566084242948741,4.624295528157307,18.6847
7.5,1.69,15.93000030517578,2816.4145,5.807619047619047,-1.1184532837643058,14.988519579834335,18.7878
7.5,1.7,15.489999771118164,2816.4145,5.807619047619047,-1.1184532837643058,14.988519579834335,18.7878
7.5,1.7,15.970000267028809,2816.4145,5.807619047619047,-1.1184532837643058,14.988519579834335,19.0943
7.5,1.7,15.899999618530272,2816.4145,5.807619047619047,-1.1184532837643058,14.988519579834335,19.1223
7.5,1.7,14.770000457763672,2816.4145,5.807619047619047,-1.1184532837643058,14.988519579834335,19.2017
7.5,1.7,14.75,2816.4145,5.807619047619047,-1.1184532837643058,14.988519579834335,19.4232
7.5,1.7,14.710000038146973,2816.4145,5.807619047619047,-1.1184532837643058,14.988519579834335,19.5781
7.5,1.7,13.420000076293944,2816.4145,5.807619047619047,-1.1184532837643058,14.988519579834335,19.5387
7.5,1.7,13.229999542236328,2816.4145,5.807619047619047,-1.1184532837643058,14.988519579834335,19.2989
7.5,1.7,12.649999618530272,2816.4145,5.807619047619047,-1.1184532837643058,14.988519579834335,19.3539
7.5,1.7,12.93000030517578,2816.4145,5.807619047619047,-1.1184532837643058,14.988519579834335,19.5214
7.5,1.7,14.630000114440918,2816.4145,5.807619047619047,-1.1184532837643058,14.988519579834335,19.7854
7.5,1.7,13.420000076293944,2816.4145,5.807619047619047,-1.1184532837643058,14.988519579834335,19.7094
7.5,1.7,13.43000030517578,2816.4145,5.807619047619047,-1.1184532837643058,14.988519579834335,19.7033
7.5,1.7,13.420000076293944,2816.4145,5.807619047619047,-1.1184532837643058,14.988519579834335,19.9319
7.5,1.7,13.079999923706056,2816.4145,5.807619047619047,-1.1184532837643058,14.988519579834335,19.9054
7.5,1.7,13.220000267028809,2816.4145,5.807619047619047,-1.1184532837643058,14.988519579834335,19.7528
7.5,1.7,12.579999923706056,2816.4145,5.807619047619047,-1.1184532837643058,14.988519579834335,19.7661
7.5,1.7,12.529999732971191,2816.4145,5.807619047619047,-1.1184532837643058,14.988519579834335,19.7048
7.5,1.7,13.220000267028809,2816.4145,5.807619047619047,-1.1184532837643058,14.988519579834335,19.5608
7.5,1.7,13.220000267028809,2816.4145,5.807619047619047,-1.1184532837643058,14.988519579834335,19.5915
7.5,1.7,17.020000457763672,2816.4145,5.807619047619047,-1.1184532837643058,14.988519579834335,19.7499
7.5,1.7,14.93999958,2816.4145,5.807619047619047,-1.1184532837643058,14.988519579834335,19.7322
7.5,1.7,15.43000030517578,3232.3766,5.8,-0.7631523524371986,17.3631812580056,19.9759
7.5,1.7,13.460000038146973,3232.3766,5.8,-0.7631523524371986,17.3631812580056,19.8662
7.5,1.7,12.739999771118164,3232.3766,5.8,-0.7631523524371986,17.3631812580056,19.9934
7.5,1.7,12.399999618530272,3232.3766,5.8,-0.7631523524371986,17.3631812580056,20.3863
7.5,1.7,11.640000343322754,3232.3766,5.8,-0.7631523524371986,17.3631812580056,20.3129
7.5,1.7,12.130000114440918,3232.3766,5.8,-0.7631523524371986,17.3631812580056,20.46
7.5,1.7,12.18000030517578,3232.3766,5.8,-0.7631523524371986,17.3631812580056,20.5281
7.5,1.7,12.350000381469728,3232.3766,5.8,-0.7631523524371986,17.3631812580056,20.4722
7.5,1.7,12.34000015258789,3232.3766,5.8,-0.7631523524371986,17.3631812580056,20.596
7.5,1.7,12.93999958,3232.3766,5.8,-0.7631523524371986,17.3631812580056,20.6259
7.5,1.9,12.119999885559082,3232.3766,5.8,-0.7631523524371986,17.3631812580056,20.6953
7.5,1.9,11.979999542236328,3232.3766,5.8,-0.7631523524371986,17.3631812580056,20.716
7.5,1.9,12.31000042,3232.3766,5.8,-0.7631523524371986,17.3631812580056,20.6968
7.5,1.91,13.350000381469728,3232.3766,5.8,-0.7631523524371986,17.3631812580056,20.5531
7.5,1.92,12.789999961853027,3232.3766,5.8,-0.7631523524371986,17.3631812580056,20.3937
7.75,1.92,14.640000343322754,3232.3766,5.8,-0.7631523524371986,17.3631812580056,20.3689
7.75,1.92,13.770000457763672,3232.3766,5.8,-0.7631523524371986,17.3631812580056,20.1264
7.75,1.92,17.329999923706055,3232.3766,5.8,-0.7631523524371986,17.3631812580056,20.0908
7.75,1.92,15.920000076293944,3232.3766,5.8,-0.7631523524371986,17.3631812580056,19.8754
7.75,1.91,17.90999984741211,3232.3766,5.8,-0.7631523524371986,17.3631812580056,20.0553
7.75,1.91,16.850000381469727,3232.3766,5.8,-0.7631523524371986,17.3631812580056,19.8633
7.75,1.91,16.09000015258789,3232.3766,5.8,-0.7631523524371986,17.3631812580056,19.6912
7.75,1.91,15.600000381469728,3232.3766,5.8,-0.7631523524371986,17.3631812580056,20.1453
7.75,1.91,16.139999389648438,3232.3766,5.8,-0.7631523524371986,17.3631812580056,19.5974
7.75,1.91,16.139999389648438,3232.3766,5.8,-0.7631523524371986,17.3631812580056,19.4284
7.75,1.91,14.970000267028809,3232.3766,5.8,-0.7631523524371986,17.3631812580056,19.2513
7.75,1.91,13.369999885559082,3232.3766,5.8,-0.7631523524371986,17.3631812580056,19.0719
7.75,1.91,12.68999958,3232.3766,5.8,-0.7631523524371986,17.3631812580056,19.1563
7.75,1.91,12.640000343322754,3232.3766,5.8,-0.7631523524371986,17.3631812580056,19.0559
7.75,1.91,13.630000114440918,3232.3766,5.8,-0.7631523524371986,17.3631812580056,18.9632
7.75,1.91,12.579999923706056,3232.3766,5.8,-0.7631523524371986,17.3631812580056,18.8241
7.75,1.91,12.18000030517578,3232.3766,5.8,-0.7631523524371986,17.3631812580056,18.8854
7.75,1.91,12.829999923706056,3232.3766,5.8,-0.7631523524371986,17.3631812580056,18.836
7.75,1.91,12.06000042,3232.3766,5.8,-0.7631523524371986,17.3631812580056,18.8763
7.75,1.91,12.100000381469728,3232.3766,5.8,-0.7631523524371986,17.3631812580056,18.91
7.75,1.91,12.869999885559082,3232.3766,5.8,-0.7631523524371986,17.3631812580056,19.079
7.75,1.91,12.859999656677246,3232.3766,5.8,-0.7631523524371986,17.3631812580056,19.0694
7.75,1.91,12.619999885559082,3232.3766,5.8,-0.7631523524371986,17.3631812580056,19.0761
7.75,1.91,12.40999984741211,3232.3766,5.8,-0.7631523524371986,17.3631812580056,18.8506
7.75,1.91,12.289999961853027,3232.3766,5.8,-0.7631523524371986,17.3631812580056,18.7709
7.75,1.91,12.140000343322754,3232.3766,5.8,-0.7631523524371986,17.3631812580056,18.6234
7.75,1.91,13.029999732971191,3232.3766,5.8,-0.7631523524371986,17.3631812580056,18.5515
7.75,1.91,14.260000228881836,3232.3766,5.8,-0.7631523524371986,17.3631812580056,18.5413
7.75,1.91,12.829999923706056,2930.1358,5.84,-1.0213163479671996,10.029439584451971,18.6457
7.75,1.91,13.149999618530272,2930.1358,5.84,-1.0213163479671996,10.029439584451971,18.5899
7.75,1.91,12.18999958,2930.1358,5.84,-1.0213163479671996,10.029439584451971,18.6349
7.75,1.91,11.640000343322754,2930.1358,5.84,-1.0213163479671996,10.029439584451971,18.5725
7.75,1.91,11.270000457763672,2930.1358,5.84,-1.0213163479671996,10.029439584451971,18.5433
7.75,1.91,10.93000030517578,2930.1358,5.84,-1.0213163479671996,10.029439584451971,18.4631
7.75,1.91,10.850000381469728,2930.1358,5.84,-1.0213163479671996,10.029439584451971,18.4542
7.75,1.91,11.270000457763672,2930.1358,5.84,-1.0213163479671996,10.029439584451971,18.6511
7.75,1.91,13.15999984741211,2930.1358,5.84,-1.0213163479671996,10.029439584451971,18.9273
7.75,1.91,14.779999732971191,2930.1358,5.84,-1.0213163479671996,10.029439584451971,19.1801
7.75,1.91,13.31000042,2930.1358,5.84,-1.0213163479671996,10.029439584451971,18.9973
7.75,1.91,14.640000343322754,2930.1358,5.84,-1.0213163479671996,10.029439584451971,19.2339
7.75,1.92,13.449999809265137,2930.1358,5.84,-1.0213163479671996,10.029439584451971,19.01
7.75,1.92,12.640000343322754,2930.1358,5.84,-1.0213163479671996,10.029439584451971,19.0615
7.75,1.92,12.489999771118164,2930.1358,5.84,-1.0213163479671996,10.029439584451971,19.0305
7.75,1.92,12.859999656677246,2930.1358,5.84,-1.0213163479671996,10.029439584451971,18.8784
7.75,1.92,12.25,2930.1358,5.84,-1.0213163479671996,10.029439584451971,18.8176
7.75,1.92,12.40999984741211,2930.1358,5.84,-1.0213163479671996,10.029439584451971,18.8672
7.75,1.92,11.989999771118164,2930.1358,5.84,-1.0213163479671996,10.029439584451971,18.8339
7.75,1.92,12.15999984741211,2930.1358,5.84,-1.0213163479671996,10.029439584451971,18.6697
7.75,1.92,12.5,2930.1358,5.84,-1.0213163479671996,10.029439584451971,18.9354
7.75,1.92,12.25,2930.1358,5.84,-1.0213163479671996,10.029439584451971,19.0659
7.75,1.92,13.529999732971191,2930.1358,5.84,-1.0213163479671996,10.029439584451971,19.1258
7.75,1.91,12.859999656677246,2961.1494,5.835217391304348,-0.9948255668027468,10.543627699782675,19.1792
7.75,1.91,12.859999656677246,2961.1494,5.835217391304348,-0.9948255668027468,10.543627699782675,19.2137
7.75,1.92,13.15999984741211,2961.1494,5.835217391304348,-0.9948255668027468,10.543627699782675,19.3609
7.75,1.92,13.90999984741211,2961.1494,5.835217391304348,-0.9948255668027468,10.543627699782675,19.4433
7.75,1.92,14.649999618530272,2961.1494,5.835217391304348,-0.9948255668027468,10.543627699782675,19.3546
7.75,1.92,14.880000114440918,2961.1494,5.835217391304348,-0.9948255668027468,10.543627699782675,19.2394
7.75,1.92,14.15999984741211,2961.1494,5.835217391304348,-0.9948255668027468,10.543627699782675,19.2989
7.75,1.92,13.220000267028809,2961.1494,5.835217391304348,-0.9948255668027468,10.543627699782675,19.268
7.75,1.92,13.140000343322754,2961.1494,5.835217391304348,-0.9948255668027468,10.543627699782675,19.0511
7.75,1.92,12.369999885559082,2961.1494,5.835217391304348,-0.9948255668027468,10.543627699782675,18.8775
7.75,1.92,12.06999969482422,2961.1494,5.835217391304348,-0.9948255668027468,10.543627699782675,18.8689
7.75,1.92,13.68000030517578,2961.1494,5.835217391304348,-0.9948255668027468,10.543627699782675,18.8399
7.75,1.92,12.789999961853027,2961.1494,5.835217391304348,-0.9948255668027468,10.543627699782675,18.7694
7.75,1.92,11.75,2961.1494,5.835217391304348,-0.9948255668027468,10.543627699782675,18.7672
7.75,1.92,11.800000190734863,2961.1494,5.835217391304348,-0.9948255668027468,10.543627699782675,18.8296
7.75,1.92,11.68000030517578,2961.1494,5.835217391304348,-0.9948255668027468,10.543627699782675,18.8539
7.75,1.93,12.199999809265137,2961.1494,5.835217391304348,-0.9948255668027468,10.543627699782675,18.8516
7.75,1.93,12.420000076293944,2961.1494,5.835217391304348,-0.9948255668027468,10.543627699782675,18.987
7.75,1.93,12.890000343322754,2961.1494,5.835217391304348,-0.9948255668027468,10.543627699782675,18.8986
7.75,2.18,12.40999984741211,2961.1494,5.835217391304348,-0.9948255668027468,10.543627699782675,18.812
7.75,2.18,12.119999885559082,2961.1494,5.835217391304348,-0.9948255668027468,10.543627699782675,18.7231
7.75,2.18,12.0,2961.1494,5.835217391304348,-0.9948255668027468,10.543627699782675,18.6531
7.75,2.18,12.050000190734863,2961.1494,5.835217391304348,-0.9948255668027468,10.543627699782675,18.7503
7.75,2.18,11.609999656677246,2961.1494,5.835217391304348,-0.9948255668027468,10.543627699782675,18.8014
7.75,2.18,14.220000267028809,2961.1494,5.835217391304348,-0.9948255668027468,10.543627699782675,19.1328
7.75,2.18,14.81999969482422,2961.1494,5.835217391304348,-0.9948255668027468,10.543627699782675,18.9444
7.75,2.18,15.68999958,2961.1494,5.835217391304348,-0.9948255668027468,10.543627699782675,18.9234
7.75,2.18,15.949999809265137,2961.1494,5.835217391304348,-0.9948255668027468,10.543627699782675,19.0
7.75,2.18,22.959999084472656,2961.1494,5.835217391304348,-0.9948255668027468,10.543627699782675,19.1183
7.75,2.18,24.979999542236328,2961.1494,5.835217391304348,-0.9948255668027468,10.543627699782675,19.0217
7.75,2.18,21.309999465942383,2961.1494,5.835217391304348,-0.9948255668027468,10.543627699782675,18.9202
7.75,2.18,21.299999237060547,2961.1494,5.835217391304348,-0.9948255668027468,10.543627699782675,18.8096
7.75,2.18,17.62000084,2961.1494,5.835217391304348,-0.9948255668027468,10.543627699782675,18.7693
7.75,2.19,17.399999618530273,2961.1494,5.835217391304348,-0.9948255668027468,10.543627699782675,18.8012
7.75,2.19,20.059999465942383,2961.1494,5.835217391304348,-0.9948255668027468,10.543627699782675,19.1018
7.75,2.19,19.88999938964844,2961.1494,5.835217391304348,-0.9948255668027468,10.543627699782675,19.2183
7.75,2.19,19.63999938964844,2961.1494,5.835217391304348,-0.9948255668027468,10.543627699782675,19.3669
7.75,2.2,20.709999084472656,2961.1494,5.835217391304348,-0.9948255668027468,10.543627699782675,19.4169
7.75,2.2,25.229999542236328,2961.1494,5.835217391304348,-0.9948255668027468,10.543627699782675,19.4623
7.75,2.2,24.21999931335449,2961.1494,5.835217391304348,-0.9948255668027468,10.543627699782675,19.4383
7.75,2.2,24.15999984741211,2961.1494,5.835217391304348,-0.9948255668027468,10.543627699782675,19.479
7.75,2.2,24.700000762939453,2961.1494,5.835217391304348,-0.9948255668027468,10.543627699782675,19.8022
7.75,2.2,23.350000381469727,2961.1494,5.835217391304348,-0.9948255668027468,10.543627699782675,20.0258
7.75,2.2,21.229999542236328,3115.6072,5.561818181818182,-0.8628928734378079,8.438142823242956,20.3177
7.75,2.2,19.34000015258789,3115.6072,5.561818181818182,-0.8628928734378079,8.438142823242956,20.1329
7.75,2.19,19.51000022888184,3115.6072,5.561818181818182,-0.8628928734378079,8.438142823242956,20.1329
7.75,2.2,19.959999084472656,3115.6072,5.561818181818182,-0.8628928734378079,8.438142823242956,19.9636
7.75,2.2,19.90999984741211,3115.6072,5.561818181818182,-0.8628928734378079,8.438142823242956,19.8609
7.75,2.2,16.360000610351562,3115.6072,5.561818181818182,-0.8628928734378079,8.438142823242956,19.8245
7.75,2.2,16.719999313354492,3115.6072,5.561818181818182,-0.8628928734378079,8.438142823242956,20.0438
7.75,2.19,17.360000610351562,3115.6072,5.561818181818182,-0.8628928734378079,8.438142823242956,20.3614
7.75,2.19,20.450000762939453,3115.6072,5.561818181818182,-0.8628928734378079,8.438142823242956,20.3179
7.75,2.2,20.020000457763672,3115.6072,5.561818181818182,-0.8628928734378079,8.438142823242956,20.5158
7.75,2.2,21.25,3115.6072,5.561818181818182,-0.8628928734378079,8.438142823242956,20.3979
8.0,2.2,19.979999542236328,3115.6072,5.561818181818182,-0.8628928734378079,8.438142823242956,20.3371
8.0,2.2,18.13999938964844,3115.6072,5.561818181818182,-0.8628928734378079,8.438142823242956,20.155
8.0,2.2,20.100000381469727,3115.6072,5.561818181818182,-0.8628928734378079,8.438142823242956,20.155
8.0,2.2,22.479999542236328,3115.6072,5.561818181818182,-0.8628928734378079,8.438142823242956,20.4123
8.0,2.2,20.799999237060547,3115.6072,5.561818181818182,-0.8628928734378079,8.438142823242956,20.2023
8.0,2.2,20.799999237060547,3115.6072,5.561818181818182,-0.8628928734378079,8.438142823242956,20.2984
8.0,2.2,21.520000457763672,3115.6072,5.561818181818182,-0.8628928734378079,8.438142823242956,20.3935
8.0,2.2,18.899999618530277,3115.6072,5.561818181818182,-0.8628928734378079,8.438142823242956,20.5304
8.0,2.2,19.020000457763672,3115.6072,5.561818181818182,-0.8628928734378079,8.438142823242956,20.4977
8.0,2.2,18.489999771118164,3115.6072,5.561818181818182,-0.8628928734378079,8.438142823242956,20.4108
8.0,2.2,18.790000915527344,3115.6072,5.561818181818182,-0.8628928734378079,8.438142823242956,20.2217
8.0,2.2,18.06999969482422,3005.4157,5.684333333333333,-0.9570147719817638,21.487970453684916,20.3455
8.0,2.19,16.440000534057617,3005.4157,5.684333333333333,-0.9570147719817638,21.487970453684916,20.2346
8.0,2.2,20.739999771118164,3005.4157,5.684333333333333,-0.9570147719817638,21.487970453684916,20.5123
8.0,2.2,20.739999771118164,3005.4157,5.684333333333333,-0.9570147719817638,21.487970453684916,20.5672
8.0,2.2,21.190000534057617,3005.4157,5.684333333333333,-0.9570147719817638,21.487970453684916,20.4705
8.0,2.19,23.229999542236328,3005.4157,5.684333333333333,-0.9570147719817638,21.487970453684916,20.2609
8.0,2.2,22.63999938964844,3005.4157,5.684333333333333,-0.9570147719817638,21.487970453684916,20.3621
8.0,2.19,21.76000022888184,3005.4157,5.684333333333333,-0.9570147719817638,21.487970453684916,20.2889
8.0,2.19,21.459999084472656,3005.4157,5.684333333333333,-0.9570147719817638,21.487970453684916,20.2889
8.0,2.19,20.649999618530277,3005.4157,5.684333333333333,-0.9570147719817638,21.487970453684916,20.2566
8.0,2.19,21.62999916,3005.4157,5.684333333333333,-0.9570147719817638,21.487970453684916,20.3337
8.0,2.2,24.520000457763672,3005.4157,5.684333333333333,-0.9570147719817638,21.487970453684916,20.1126
8.0,2.2,25.57999992370605,3005.4157,5.684333333333333,-0.9570147719817638,21.487970453684916,20.1277
8.0,2.2,25.57999992370605,3005.4157,5.684333333333333,-0.9570147719817638,21.487970453684916,20.0293
8.25,2.4,28.37999916,3005.4157,5.684333333333333,-0.9570147719817638,21.487970453684916,19.9082
8.25,2.4,30.11000061035156,3005.4157,5.684333333333333,-0.9570147719817638,21.487970453684916,19.9275
8.25,2.4,36.06999969482422,3005.4157,5.684333333333333,-0.9570147719817638,21.487970453684916,19.8473
8.25,2.4,36.06999969482422,3005.4157,5.684333333333333,-0.9570147719817638,21.487970453684916,19.8473
8.25,2.4,30.40999984741211,3005.4157,5.684333333333333,-0.9570147719817638,21.487970453684916,19.8823
8.25,2.4,29.959999084472656,3005.4157,5.684333333333333,-0.9570147719817638,21.487970453684916,19.6829
8.25,2.4,28.34000015258789,3005.4157,5.684333333333333,-0.9570147719817638,21.487970453684916,19.6566
8.25,2.4,25.420000076293945,3021.2516,5.829774193548388,-0.9434882751725522,6.947440082297018,19.6512
8.25,2.4,25.420000076293945,3021.2516,5.829774193548388,-0.9434882751725522,6.947440082297018,19.6512
8.25,2.4,23.21999931335449,3021.2516,5.829774193548388,-0.9434882751725522,6.947440082297018,19.5878
8.25,2.4,25.450000762939453,3021.2516,5.829774193548388,-0.9434882751725522,6.947440082297018,19.6073
8.25,2.4,21.37999916,3021.2516,5.829774193548388,-0.9434882751725522,6.947440082297018,19.4902
8.25,2.4,21.399999618530277,3021.2516,5.829774193548388,-0.9434882751725522,6.947440082297018,19.3208
8.25,2.4,20.46999931335449,3021.2516,5.829774193548388,-0.9434882751725522,6.947440082297018,19.3479
8.25,2.4,19.979999542236328,3021.2516,5.829774193548388,-0.9434882751725522,6.947440082297018,19.2456
8.25,2.4,19.5,3021.2516,5.829774193548388,-0.9434882751725522,6.947440082297018,19.1714
8.25,2.4,18.190000534057617,3021.2516,5.829774193548388,-0.9434882751725522,6.947440082297018,19.1236
8.25,2.4,19.06999969482422,3021.2516,5.829774193548388,-0.9434882751725522,6.947440082297018,19.0064
8.25,2.4,18.600000381469727,3021.2516,5.829774193548388,-0.9434882751725522,6.947440082297018,19.0457
8.25,2.4,19.040000915527344,3021.2516,5.829774193548388,-0.9434882751725522,6.947440082297018,18.9908
8.25,2.4,18.059999465942383,3021.2516,5.829774193548388,-0.9434882751725522,6.947440082297018,19.063
8.25,2.4,17.799999237060547,3021.2516,5.829774193548388,-0.9434882751725522,6.947440082297018,19.0844
8.25,2.4,17.799999237060547,3021.2516,5.829774193548388,-0.9434882751725522,6.947440082297018,19.1902
8.25,2.4,20.799999237060547,3021.2516,5.829774193548388,-0.9434882751725522,6.947440082297018,19.1297
8.25,2.4,19.520000457763672,3021.2516,5.829774193548388,-0.9434882751725522,6.947440082297018,19.0771
8.25,2.4,18.88999938964844,3021.2516,5.829774193548388,-0.9434882751725522,6.947440082297018,18.9859
8.25,2.4,17.420000076293945,3021.2516,5.829774193548388,-0.9434882751725522,6.947440082297018,18.928
8.25,2.4,18.87000084,3021.2516,5.829774193548388,-0.9434882751725522,6.947440082297018,19.0381
8.25,2.4,19.12999916,3021.2516,5.829774193548388,-0.9434882751725522,6.947440082297018,18.9972
8.25,2.4,17.65999984741211,3021.2516,5.829774193548388,-0.9434882751725522,6.947440082297018,19.1623
8.25,2.4,16.56999969482422,2527.5581,5.85,-1.365184771896987,9.473585140035487,19.0388
8.25,2.4,16.139999389648438,2527.5581,5.85,-1.365184771896987,9.473585140035487,19.1098
8.25,2.4,15.729999542236328,2527.5581,5.85,-1.365184771896987,9.473585140035487,19.1098
8.25,2.4,15.56999969482422,2527.5581,5.85,-1.365184771896987,9.473585140035487,19.0824
8.25,2.4,15.380000114440918,2527.5581,5.85,-1.365184771896987,9.473585140035487,19.1058
8.25,2.4,16.37000084,2527.5581,5.85,-1.365184771896987,9.473585140035487,19.08
8.25,2.4,15.720000267028809,2527.5581,5.85,-1.365184771896987,9.473585140035487,19.0893
8.25,2.4,15.970000267028809,2527.5581,5.85,-1.365184771896987,9.473585140035487,19.2524
8.25,2.4,15.43000030517578,2527.5581,5.85,-1.365184771896987,9.473585140035487,19.2592
8.25,2.4,15.649999618530272,2527.5581,5.85,-1.365184771896987,9.473585140035487,19.4084
8.25,2.4,16.219999313354492,2527.5581,5.85,-1.365184771896987,9.473585140035487,19.3569
8.25,2.4,14.90999984741211,2527.5581,5.85,-1.365184771896987,9.473585140035487,19.3625
8.25,2.4,14.90999984741211,2527.5581,5.85,-1.365184771896987,9.473585140035487,19.2578
8.25,2.4,14.880000114440918,2527.5581,5.85,-1.365184771896987,9.473585140035487,19.1778
8.25,2.4,14.020000457763672,2527.5581,5.85,-1.365184771896987,9.473585140035487,19.1835
8.25,2.4,14.460000038146973,2527.5581,5.85,-1.365184771896987,9.473585140035487,19.2652
8.25,2.4,13.510000228881836,2527.5581,5.85,-1.365184771896987,9.473585140035487,19.1394
8.25,2.4,14.850000381469728,2527.5581,5.85,-1.365184771896987,9.473585140035487,19.1185
8.25,2.4,15.170000076293944,2527.5581,5.85,-1.365184771896987,9.473585140035487,19.163
8.25,2.4,14.699999809265137,2527.5581,5.85,-1.365184771896987,9.473585140035487,19.2201
8.25,2.4,14.779999732971191,2506.4369,5.85,-1.383225795419914,9.338774075802348,19.2607
8.25,2.4,13.56999969482422,2506.4369,5.85,-1.383225795419914,9.338774075802348,19.2978
8.25,2.4,14.630000114440918,2506.4369,5.85,-1.383225795419914,9.338774075802348,19.3039
8.25,2.4,14.739999771118164,2506.4369,5.85,-1.383225795419914,9.338774075802348,19.2597
8.25,2.4,15.739999771118164,2506.4369,5.85,-1.383225795419914,9.338774075802348,19.3708
8.25,2.4,16.59000015258789,2506.4369,5.85,-1.383225795419914,9.338774075802348,19.5225
8.25,2.4,16.049999237060547,2506.4369,5.85,-1.383225795419914,9.338774075802348,19.4902
8.25,2.4,14.329999923706056,2506.4369,5.85,-1.383225795419914,9.338774075802348,19.4243
8.25,2.4,13.770000457763672,2506.4369,5.85,-1.383225795419914,9.338774075802348,19.3049
8.25,2.4,13.40999984741211,2506.4369,5.85,-1.383225795419914,9.338774075802348,19.332
8.25,2.4,13.5,2506.4369,5.85,-1.383225795419914,9.338774075802348,19.3233
8.25,2.4,12.880000114440918,2506.4369,5.85,-1.383225795419914,9.338774075802348,19.2176
8.25,2.4,13.100000381469728,2506.4369,5.85,-1.383225795419914,9.338774075802348,19.2176
8.25,2.4,13.56000042,2506.4369,5.85,-1.383225795419914,9.338774075802348,19.0004
8.25,2.41,13.90999984741211,2506.4369,5.85,-1.383225795419914,9.338774075802348,18.9098
8.25,2.41,13.630000114440918,2506.4369,5.85,-1.383225795419914,9.338774075802348,18.8694
8.25,2.41,16.479999542236328,2506.4369,5.85,-1.383225795419914,9.338774075802348,19.1369
8.25,2.4,16.329999923706055,2506.4369,5.85,-1.383225795419914,9.338774075802348,19.0151
8.25,2.4,14.68000030517578,2506.4369,5.85,-1.383225795419914,9.338774075802348,19.0989
8.25,2.41,15.149999618530272,2506.4369,5.85,-1.383225795419914,9.338774075802348,19.3201
8.25,2.41,14.43000030517578,2506.4369,5.85,-1.383225795419914,9.338774075802348,19.3793
8.25,2.43,13.710000038146973,2506.4369,5.85,-1.383225795419914,9.338774075802348,19.3779
8.25,2.41,13.399999618530272,2506.4369,5.85,-1.383225795419914,9.338774075802348,19.2169
8.25,2.41,13.359999656677246,2506.4369,5.85,-1.383225795419914,9.338774075802348,19.2279
8.25,2.41,13.739999771118164,2506.4369,5.85,-1.383225795419914,9.338774075802348,19.1805
8.25,2.41,13.579999923706056,2506.4369,5.85,-1.383225795419914,9.338774075802348,19.1728
8.25,2.41,12.81999969482422,2506.4369,5.85,-1.383225795419914,9.338774075802348,19.0805
8.25,2.41,13.18000030517578,2506.4369,5.85,-1.383225795419914,9.338774075802348,18.9701
8.25,2.41,14.279999732971191,2506.4369,5.85,-1.383225795419914,9.338774075802348,18.9229
8.25,2.41,13.300000190734863,2506.4369,5.85,-1.383225795419914,9.338774075802348,18.836
8.25,2.41,13.020000457763672,2506.4369,5.85,-1.383225795419914,9.338774075802348,18.8432
8.25,2.41,12.010000228881836,2506.4369,5.85,-1.383225795419914,9.338774075802348,18.7719
8.25,2.41,12.31999969482422,2506.4369,5.85,-1.383225795419914,9.338774075802348,18.8489
8.25,2.41,12.18000030517578,2506.4369,5.85,-1.383225795419914,9.338774075802348,18.9516
8.25,2.42,12.600000381469728,2506.4369,5.85,-1.383225795419914,9.338774075802348,18.848
8.25,2.43,12.09000015258789,2506.4369,5.85,-1.383225795419914,9.338774075802348,18.848
8.25,2.44,12.09000015258789,2506.4369,5.85,-1.383225795419914,9.338774075802348,18.848
8.25,2.44,12.420000076293944,2506.4369,5.85,-1.383225795419914,9.338774075802348,18.8359
8.25,2.44,12.279999732971191,2506.4369,5.85,-1.383225795419914,9.338774075802348,18.9578
8.25,2.44,13.140000343322754,2506.4369,5.85,-1.383225795419914,9.338774075802348,19.0046
8.25,2.44,13.25,2506.4369,5.85,-1.383225795419914,9.338774075802348,19.0942
8.25,2.44,12.729999542236328,2506.4369,5.85,-1.383225795419914,9.338774075802348,18.9414
8.25,2.45,13.109999656677246,2506.4369,5.85,-1.383225795419914,9.338774075802348,19.012
8.25,2.45,13.119999885559082,3014.8781,5.826818181818181,-0.9489323059768332,7.046675835534866,19.0099
8.25,2.45,14.800000190734863,3014.8781,5.826818181818181,-0.9489323059768332,7.046675835534866,19.0099
8.25,2.41,14.420000076293944,3014.8781,5.826818181818181,-0.9489323059768332,7.046675835534866,19.1014
8.25,2.4,12.869999885559082,3014.8781,5.826818181818181,-0.9489323059768332,7.046675835534866,19.0012
8.25,2.4,15.43999958,3014.8781,5.826818181818181,-0.9489323059768332,7.046675835534866,18.9781
8.25,2.4,19.31999969482422,3014.8781,5.826818181818181,-0.9489323059768332,7.046675835534866,19.0499
8.25,2.39,19.399999618530277,3014.8781,5.826818181818181,-0.9489323059768332,7.046675835534866,19.0837
8.25,2.38,19.100000381469727,3014.8781,5.826818181818181,-0.9489323059768332,7.046675835534866,19.2623
8.25,2.38,16.040000915527344,3014.8781,5.826818181818181,-0.9489323059768332,7.046675835534866,19.1374
8.25,2.38,20.549999237060547,3014.8781,5.826818181818181,-0.9489323059768332,7.046675835534866,19.1928
8.25,2.38,18.059999465942383,3014.8781,5.826818181818181,-0.9489323059768332,7.046675835534866,19.1427
8.25,2.4,16.440000534057617,3014.8781,5.826818181818181,-0.9489323059768332,7.046675835534866,19.1236
8.25,2.39,15.289999961853027,3014.8781,5.826818181818181,-0.9489323059768332,7.046675835534866,19.071
8.25,2.39,15.960000038146973,3014.8781,5.826818181818181,-0.9489323059768332,7.046675835534866,19.1454
8.25,2.39,16.309999465942383,3014.8781,5.826818181818181,-0.9489323059768332,7.046675835534866,19.0908
8.25,2.39,14.949999809265137,3014.8781,5.826818181818181,-0.9489323059768332,7.046675835534866,19.0309
8.25,2.38,14.75,3014.8781,5.826818181818181,-0.9489323059768332,7.046675835534866,18.9755
8.25,2.38,16.920000076293945,3014.8781,5.826818181818181,-0.9489323059768332,7.046675835534866,19.0122
8.25,2.38,15.850000381469728,3014.8781,5.826818181818181,-0.9489323059768332,7.046675835534866,19.0658
8.25,2.38,15.850000381469728,3014.8781,5.826818181818181,-0.9489323059768332,7.046675835534866,19.0521
8.25,2.39,17.5,3014.8781,5.826818181818181,-0.9489323059768332,7.046675835534866,19.1652
8.25,2.39,17.899999618530273,3014.8781,5.826818181818181,-0.9489323059768332,7.046675835534866,19.2395
8.25,2.39,17.299999237060547,3014.8781,5.826818181818181,-0.9489323059768332,7.046675835534866,19.0683
8.25,2.4,18.709999084472656,3387.2534,5.857272727272727,-0.6308617632682284,4.791421890629954,19.6426
8.25,2.38,18.86000061035156,3387.2534,5.857272727272727,-0.6308617632682284,4.791421890629954,19.7609
8.25,2.38,16.969999313354492,3387.2534,5.857272727272727,-0.6308617632682284,4.791421890629954,19.6007
8.25,2.38,16.09000015258789,3387.2534,5.857272727272727,-0.6308617632682284,4.791421890629954,19.5418
8.25,2.37,15.93000030517578,3387.2534,5.857272727272727,-0.6308617632682284,4.791421890629954,19.7084
8.25,2.37,16.299999237060547,3387.2534,5.857272727272727,-0.6308617632682284,4.791421890629954,19.6528
8.25,2.37,15.93999958,3387.2534,5.857272727272727,-0.6308617632682284,4.791421890629954,19.204
8.25,2.37,15.989999771118164,3387.2534,5.857272727272727,-0.6308617632682284,4.791421890629954,19.1222
8.25,2.37,15.90999984741211,3387.2534,5.857272727272727,-0.6308617632682284,4.791421890629954,19.1383
8.25,2.37,15.81999969482422,3387.2534,5.857272727272727,-0.6308617632682284,4.791421890629954,19.1645
8.25,2.36,15.279999732971191,3387.2534,5.857272727272727,-0.6308617632682284,4.791421890629954,19.1487
8.25,2.38,15.350000381469728,3387.2534,5.857272727272727,-0.6308617632682284,4.791421890629954,19.1924
8.25,2.37,15.149999618530272,3387.2534,5.857272727272727,-0.6308617632682284,4.791421890629954,19.1011
8.25,2.37,14.329999923706056,3387.2534,5.857272727272727,-0.6308617632682284,4.791421890629954,19.1753
8.25,2.37,14.75,3387.2534,5.857272727272727,-0.6308617632682284,4.791421890629954,18.9804
8.25,2.38,15.399999618530272,3387.2534,5.857272727272727,-0.6308617632682284,4.791421890629954,19.0661
8.25,2.38,15.260000228881836,3387.2534,5.857272727272727,-0.6308617632682284,4.791421890629954,19.1833
8.25,2.38,16.280000686645508,3387.2534,5.857272727272727,-0.6308617632682284,4.791421890629954,19.2271
8.25,2.38,16.209999084472656,3387.2534,5.857272727272727,-0.6308617632682284,4.791421890629954,19.1442
8.25,2.38,15.81999969482422,3387.2534,5.857272727272727,-0.6308617632682284,4.791421890629954,19.1685
8.25,2.4,15.079999923706056,3387.2534,5.857272727272727,-0.6308617632682284,4.791421890629954,19.2087
8.25,2.39,14.06000042,3387.2534,5.857272727272727,-0.6308617632682284,4.791421890629954,19.076
8.25,2.4,12.93000030517578,3387.2534,5.857272727272727,-0.6308617632682284,4.791421890629954,19.0694
8.25,2.41,12.56999969482422,3387.2534,5.857272727272727,-0.6308617632682284,4.791421890629954,19.0502
8.25,2.41,12.56999969482422,3387.2534,5.857272727272727,-0.6308617632682284,4.791421890629954,18.9947
8.25,2.42,13.279999732971191,3387.2534,5.857272727272727,-0.6308617632682284,4.791421890629954,19.0446
8.25,2.41,13.960000038146973,3387.2534,5.857272727272727,-0.6308617632682284,4.791421890629954,18.9116
8.25,2.41,14.09000015258789,3387.2534,5.857272727272727,-0.6308617632682284,4.791421890629954,19.0043
8.25,2.41,13.029999732971191,3387.2534,5.857272727272727,-0.6308617632682284,4.791421890629954,19.2425
8.25,2.4,12.93000030517578,3387.2534,5.857272727272727,-0.6308617632682284,4.791421890629954,19.1227
8.25,2.38,12.390000343322754,3387.2534,5.857272727272727,-0.6308617632682284,4.791421890629954,19.0307
8.25,2.4,12.68000030517578,3387.2534,5.857272727272727,-0.6308617632682284,4.791421890629954,18.9803
8.25,2.41,12.859999656677246,3387.2534,5.857272727272727,-0.6308617632682284,4.791421890629954,19.0781
8.25,2.41,13.970000267028809,3387.2534,5.857272727272727,-0.6308617632682284,4.791421890629954,19.0233
8.25,2.41,13.529999732971191,3387.2534,5.857272727272727,-0.6308617632682284,4.791421890629954,19.0108
8.25,2.41,14.449999809265137,3387.2534,5.857272727272727,-0.6308617632682284,4.791421890629954,19.0123
8.25,2.4,13.529999732971191,3387.2534,5.857272727272727,-0.6308617632682284,4.791421890629954,19.0659
8.25,2.4,12.609999656677246,3387.2534,5.857272727272727,-0.6308617632682284,4.791421890629954,19.1315
8.25,2.4,12.06999969482422,3387.2534,5.857272727272727,-0.6308617632682284,4.791421890629954,19.0894
8.25,2.4,12.739999771118164,3387.2534,5.857272727272727,-0.6308617632682284,4.791421890629954,19.0623
8.25,2.4,12.15999984741211,3387.2534,5.857272727272727,-0.6308617632682284,4.791421890629954,19.0699
8.25,2.4,12.829999923706056,3387.2534,5.857272727272727,-0.6308617632682284,4.791421890629954,19.09
8.25,2.39,13.93999958,3387.2534,5.857272727272727,-0.6308617632682284,4.791421890629954,19.0747
8.25,2.4,16.12000084,3371.3039,5.847272727272728,-0.644485293402829,15.056233912435047,18.9929
8.25,2.14,17.87000084,3371.3039,5.847272727272728,-0.644485293402829,15.056233912435047,19.1627
8.25,2.14,17.610000610351562,3371.3039,5.847272727272728,-0.644485293402829,15.056233912435047,19.3116
8.25,2.13,24.59000015258789,3371.3039,5.847272727272728,-0.644485293402829,15.056233912435047,19.5731
8.25,2.13,20.170000076293945,3371.3039,5.847272727272728,-0.644485293402829,15.056233912435047,19.6291
8.25,2.12,19.489999771118164,3371.3039,5.847272727272728,-0.644485293402829,15.056233912435047,19.6953
8.25,2.12,16.90999984741211,3371.3039,5.847272727272728,-0.644485293402829,15.056233912435047,19.5118
8.25,2.12,17.969999313354492,3371.3039,5.847272727272728,-0.644485293402829,15.056233912435047,19.4283
8.25,2.12,21.09000015258789,3371.3039,5.847272727272728,-0.644485293402829,15.056233912435047,19.5803
8.25,2.12,17.520000457763672,3371.3039,5.847272727272728,-0.644485293402829,15.056233912435047,19.463
8.25,2.12,22.100000381469727,3371.3039,5.847272727272728,-0.644485293402829,15.056233912435047,19.5763
8.0,2.13,21.18000030517578,3371.3039,5.847272727272728,-0.644485293402829,15.056233912435047,19.6365
8.0,2.13,18.46999931335449,3371.3039,5.847272727272728,-0.644485293402829,15.056233912435047,19.5669
8.0,2.13,16.87999916,3371.3039,5.847272727272728,-0.644485293402829,15.056233912435047,19.8153
8.0,2.13,17.5,3371.3039,5.847272727272728,-0.644485293402829,15.056233912435047,19.7522
8.0,2.12,15.800000190734863,3371.3039,5.847272727272728,-0.644485293402829,15.056233912435047,19.6798
8.0,2.12,16.68000030517578,3371.3039,5.847272727272728,-0.644485293402829,15.056233912435047,19.7467
8.0,2.12,19.87000084,3371.3039,5.847272727272728,-0.644485293402829,15.056233912435047,19.8402
8.0,2.12,19.31999969482422,3371.3039,5.847272727272728,-0.644485293402829,15.056233912435047,19.9086
8.0,2.12,20.309999465942383,3371.3039,5.847272727272728,-0.644485293402829,15.056233912435047,19.9934
8.0,2.12,19.350000381469727,3371.3039,5.847272727272728,-0.644485293402829,15.056233912435047,20.0314
8.0,2.12,17.87999916,3371.3039,5.847272727272728,-0.644485293402829,15.056233912435047,20.0988
8.0,2.13,18.979999542236328,3371.3039,5.847272727272728,-0.644485293402829,15.056233912435047,20.0696
8.0,2.13,18.979999542236328,3371.3039,5.847272727272728,-0.644485293402829,15.056233912435047,20.1253
8.0,2.13,19.65999984741211,3371.3039,5.847272727272728,-0.644485293402829,15.056233912435047,20.0039
8.0,2.13,17.329999923706055,3371.3039,5.847272727272728,-0.644485293402829,15.056233912435047,19.7806
8.0,2.13,16.270000457763672,3371.3039,5.847272727272728,-0.644485293402829,15.056233912435047,19.6834
8.0,2.12,15.0,3371.3039,5.847272727272728,-0.644485293402829,15.056233912435047,19.5623
8.0,2.13,15.270000457763672,3371.3039,5.847272727272728,-0.644485293402829,15.056233912435047,19.5398
8.0,2.13,15.199999809265137,3371.3039,5.847272727272728,-0.644485293402829,15.056233912435047,19.5354
8.0,2.13,14.609999656677246,3371.3039,5.847272727272728,-0.644485293402829,15.056233912435047,19.5478
8.0,2.13,14.220000267028809,3371.3039,5.847272727272728,-0.644485293402829,15.056233912435047,19.4265
8.0,2.14,13.739999771118164,3371.3039,5.847272727272728,-0.644485293402829,15.056233912435047,19.3665
8.0,2.25,14.670000076293944,3371.3039,5.847272727272728,-0.644485293402829,15.056233912435047,19.3665
8.0,2.3,14.43999958,3371.3039,5.847272727272728,-0.644485293402829,15.056233912435047,19.4262
8.0,2.25,13.949999809265137,3371.3039,5.847272727272728,-0.644485293402829,15.056233912435047,19.3528
8.0,1.9,14.050000190734863,3371.3039,5.847272727272728,-0.644485293402829,15.056233912435047,19.3981
8.0,1.9,15.31999969482422,3371.3039,5.847272727272728,-0.644485293402829,15.056233912435047,19.4478
8.0,1.9,14.90999984741211,3371.3039,5.847272727272728,-0.644485293402829,15.056233912435047,19.4459
8.0,1.9,17.049999237060547,3371.3039,5.847272727272728,-0.644485293402829,15.056233912435047,19.4587
8.0,1.9,15.960000038146973,3371.3039,5.847272727272728,-0.644485293402829,15.056233912435047,19.5775
7.75,1.85,16.06999969482422,3371.3039,5.847272727272728,-0.644485293402829,15.056233912435047,19.6363
7.75,1.83,17.219999313354492,3371.3039,5.847272727272728,-0.644485293402829,15.056233912435047,19.6808
7.75,1.9,16.239999771118164,3181.9307,5.905833333333334,-0.8062415551593556,13.797398167171092,19.7345
7.75,1.88,18.559999465942383,3181.9307,5.905833333333334,-0.8062415551593556,13.797398167171092,19.7792
7.75,1.85,20.559999465942383,3181.9307,5.905833333333334,-0.8062415551593556,13.797398167171092,19.7985
7.75,1.83,19.12000084,3181.9307,5.905833333333334,-0.8062415551593556,13.797398167171092,19.7368
7.75,1.82,17.040000915527344,3181.9307,5.905833333333334,-0.8062415551593556,13.797398167171092,19.5255
7.75,1.82,17.860000610351562,3181.9307,5.905833333333334,-0.8062415551593556,13.797398167171092,19.5522
7.75,1.82,20.280000686645508,3181.9307,5.905833333333334,-0.8062415551593556,13.797398167171092,19.584
7.75,1.82,18.63999938964844,3181.9307,5.905833333333334,-0.8062415551593556,13.797398167171092,19.5689
7.75,1.82,17.56999969482422,3181.9307,5.905833333333334,-0.8062415551593556,13.797398167171092,19.4764
7.75,1.82,15.579999923706056,3181.9307,5.905833333333334,-0.8062415551593556,13.797398167171092,19.3217
7.75,1.82,14.56999969482422,3181.9307,5.905833333333334,-0.8062415551593556,13.797398167171092,19.2652
7.75,1.9,13.539999961853027,3181.9307,5.905833333333334,-0.8062415551593556,13.797398167171092,19.252
7.75,1.9,13.68000030517578,3181.9307,5.905833333333334,-0.8062415551593556,13.797398167171092,19.2135
7.75,1.85,13.789999961853027,3181.9307,5.905833333333334,-0.8062415551593556,13.797398167171092,19.1602
7.75,1.85,14.25,3181.9307,5.905833333333334,-0.8062415551593556,13.797398167171092,19.1492
7.75,1.85,14.0,3181.9307,5.905833333333334,-0.8062415551593556,13.797398167171092,19.1422
7.75,1.85,14.460000038146973,3181.9307,5.905833333333334,-0.8062415551593556,13.797398167171092,19.105
7.75,1.85,14.010000228881836,3181.9307,5.905833333333334,-0.8062415551593556,13.797398167171092,19.1258
7.75,1.85,13.710000038146973,3181.9307,5.905833333333334,-0.8062415551593556,13.797398167171092,19.0878
7.75,1.83,12.649999618530272,3181.9307,5.905833333333334,-0.8062415551593556,13.797398167171092,19.082
7.75,1.83,13.109999656677246,3181.9307,5.905833333333334,-0.8062415551593556,13.797398167171092,19.0543
7.75,1.82,13.199999809265137,3181.9307,5.905833333333334,-0.8062415551593556,13.797398167171092,19.1167
7.75,1.82,12.329999923706056,3181.9307,5.905833333333334,-0.8062415551593556,13.797398167171092,19.1643
7.75,1.58,13.220000267028809,3238.0284,5.92,-0.7583247736657802,3.92928864716966,19.1948
7.75,1.57,12.300000190734863,3238.0284,5.92,-0.7583247736657802,3.92928864716966,19.1058
7.75,1.56,12.829999923706056,3238.0284,5.92,-0.7583247736657802,3.92928864716966,19.1525
7.75,1.56,13.100000381469728,3238.0284,5.92,-0.7583247736657802,3.92928864716966,19.2125
7.75,1.55,12.619999885559082,3238.0284,5.92,-0.7583247736657802,3.92928864716966,19.1953
7.75,1.55,12.729999542236328,3238.0284,5.92,-0.7583247736657802,3.92928864716966,19.1327
7.75,1.55,12.06999969482422,3238.0284,5.92,-0.7583247736657802,3.92928864716966,19.1068
7.75,1.55,12.68999958,3238.0284,5.92,-0.7583247736657802,3.92928864716966,19.109
7.75,1.55,12.68000030517578,3238.0284,5.92,-0.7583247736657802,3.92928864716966,19.2178
7.75,1.55,13.0,3238.0284,5.92,-0.7583247736657802,3.92928864716966,19.4543
7.5,1.55,13.050000190734863,3238.0284,5.92,-0.7583247736657802,3.92928864716966,19.4228
7.5,1.55,12.050000190734863,3238.0284,5.92,-0.7583247736657802,3.92928864716966,19.2063
7.5,1.55,12.460000038146973,3238.0284,5.92,-0.7583247736657802,3.92928864716966,19.2063
7.5,1.55,12.859999656677246,3238.0284,5.92,-0.7583247736657802,3.92928864716966,19.3687
7.5,1.55,12.779999732971191,3238.0284,5.92,-0.7583247736657802,3.92928864716966,19.48
7.5,1.55,13.130000114440918,3238.0284,5.92,-0.7583247736657802,3.92928864716966,19.4138
7.5,1.55,12.34000015258789,3238.0284,5.92,-0.7583247736657802,3.92928864716966,19.3987
7.5,1.55,11.869999885559082,3238.0284,5.92,-0.7583247736657802,3.92928864716966,19.4468
7.5,1.55,11.539999961853027,3238.0284,5.92,-0.7583247736657802,3.92928864716966,19.5185
7.5,1.55,11.75,3238.0284,5.92,-0.7583247736657802,3.92928864716966,19.5607
7.5,1.55,11.75,3238.0284,5.92,-0.7583247736657802,3.92928864716966,19.6113
7.5,1.56,12.619999885559082,3238.0284,5.92,-0.7583247736657802,3.92928864716966,19.5352
7.5,1.56,14.90999984741211,3238.0284,5.92,-0.7583247736657802,3.92928864716966,19.5717
7.5,1.55,15.960000038146973,3238.0284,5.92,-0.7583247736657802,3.92928864716966,19.5678
7.5,1.55,14.800000190734863,3238.0284,5.92,-0.7583247736657802,3.92928864716966,19.4707
7.5,1.55,14.520000457763672,3238.0284,5.92,-0.7583247736657802,3.92928864716966,19.3688
7.5,1.55,13.619999885559082,3238.0284,5.92,-0.7583247736657802,3.92928864716966,19.3247
7.5,1.55,15.859999656677246,3238.0284,5.92,-0.7583247736657802,3.92928864716966,19.2302
7.5,1.55,15.68000030517578,3238.0284,5.92,-0.7583247736657802,3.92928864716966,19.2362
7.5,1.55,14.989999771118164,3238.0284,5.92,-0.7583247736657802,3.92928864716966,19.1785
7.5,1.55,13.93999958,3238.0284,5.92,-0.7583247736657802,3.92928864716966,19.1785
7.5,1.55,12.630000114440918,3238.0284,5.92,-0.7583247736657802,3.92928864716966,19.0455
7.5,1.56,12.140000343322754,3238.0284,5.92,-0.7583247736657802,3.92928864716966,18.9702
7.5,1.55,12.289999961853027,3238.0284,5.92,-0.7583247736657802,3.92928864716966,18.9165
7.5,1.55,12.579999923706056,3238.0284,5.92,-0.7583247736657802,3.92928864716966,18.9542
7.25,1.55,12.5,3238.0284,5.92,-0.7583247736657802,3.92928864716966,18.964
7.25,1.55,12.510000228881836,3238.0284,5.92,-0.7583247736657802,3.92928864716966,18.9133
7.25,1.55,12.609999656677246,3238.0284,5.92,-0.7583247736657802,3.92928864716966,18.9385
7.25,1.55,12.670000076293944,3238.0284,5.92,-0.7583247736657802,3.92928864716966,18.9643
7.25,1.55,12.670000076293944,3238.0284,5.92,-0.7583247736657802,3.92928864716966,18.9643
7.25,1.55,12.649999618530272,3238.0284,5.92,-0.7583247736657802,3.92928864716966,18.9445
7.25,1.55,13.43000030517578,3238.0284,5.92,-0.7583247736657802,3.92928864716966,18.8452
7.25,1.55,14.81999969482422,3238.0284,5.92,-0.7583247736657802,3.92928864716966,18.8727
7.25,1.55,13.779999732971191,3197.7419,5.8442089093702005,-0.7927361562650833,5.841628681305444,18.8642
7.25,1.55,13.779999732971191,3197.7419,5.8442089093702005,-0.7927361562650833,5.841628681305444,18.8642
7.25,1.55,12.470000267028809,3197.7419,5.8442089093702005,-0.7927361562650833,5.841628681305444,18.8817
7.25,1.55,14.020000457763672,3197.7419,5.8442089093702005,-0.7927361562650833,5.841628681305444,18.8673
7.25,1.55,13.850000381469728,3197.7419,5.8442089093702005,-0.7927361562650833,5.841628681305444,18.827
7.25,1.55,13.789999961853027,3197.7419,5.8442089093702005,-0.7927361562650833,5.841628681305444,18.8852
7.25,1.55,13.449999809265137,3197.7419,5.8442089093702005,-0.7927361562650833,5.841628681305444,18.798
7.25,1.55,12.539999961853027,3197.7419,5.8442089093702005,-0.7927361562650833,5.841628681305444,18.8453
7.25,1.54,12.56000042,3197.7419,5.8442089093702005,-0.7927361562650833,5.841628681305444,18.7732
7.25,1.54,12.31999969482422,3197.7419,5.8442089093702005,-0.7927361562650833,5.841628681305444,18.8215
7.25,1.54,12.390000343322754,3197.7419,5.8442089093702005,-0.7927361562650833,5.841628681305444,18.812
7.25,1.54,12.420000076293944,3197.7419,5.8442089093702005,-0.7927361562650833,5.841628681305444,18.8077
7.25,1.54,12.31999969482422,3197.7419,5.8442089093702005,-0.7927361562650833,5.841628681305444,18.793
7.25,1.55,12.100000381469728,3197.7419,5.8442089093702005,-0.7927361562650833,5.841628681305444,18.7388
7.25,1.55,12.100000381469728,3197.7419,5.8442089093702005,-0.7927361562650833,5.841628681305444,18.6725
7.25,1.55,12.850000381469728,3197.7419,5.8442089093702005,-0.7927361562650833,5.841628681305444,18.7007
7.25,1.55,12.90999984741211,3197.7419,5.8442089093702005,-0.7927361562650833,5.841628681305444,18.6883
7.25,1.55,12.979999542236328,3197.7419,5.8442089093702005,-0.7927361562650833,5.841628681305444,18.8018
7.25,1.55,14.56000042,3197.7419,5.8442089093702005,-0.7927361562650833,5.841628681305444,18.8313
7.25,1.55,18.229999542236328,3197.7419,5.8442089093702005,-0.7927361562650833,5.841628681305444,18.9407
7.25,1.55,16.280000686645508,3197.7419,5.8442089093702005,-0.7927361562650833,5.841628681305444,18.8022
7.25,1.55,16.389999389648438,3197.7419,5.8442089093702005,-0.7927361562650833,5.841628681305444,18.7067
7.25,1.6,15.489999771118164,3197.7419,5.8442089093702005,-0.7927361562650833,5.841628681305444,18.7853
7.25,1.59,18.84000015258789,2676.6263,5.698095238095238,-1.2378556948218031,5.897716060414182,18.9082
7.25,1.59,17.969999313354492,2676.6263,5.698095238095238,-1.2378556948218031,5.897716060414182,18.9082
7.25,1.59,16.049999237060547,2676.6263,5.698095238095238,-1.2378556948218031,5.897716060414182,18.6797
7.25,1.59,15.149999618530272,2676.6263,5.698095238095238,-1.2378556948218031,5.897716060414182,18.6245
7.25,1.59,14.960000038146973,2676.6263,5.698095238095238,-1.2378556948218031,5.897716060414182,18.6645
7.25,1.58,15.470000267028809,2676.6263,5.698095238095238,-1.2378556948218031,5.897716060414182,18.7763
7.25,1.58,15.039999961853027,2676.6263,5.698095238095238,-1.2378556948218031,5.897716060414182,18.7653
7.25,1.58,15.18000030517578,2676.6263,5.698095238095238,-1.2378556948218031,5.897716060414182,18.674
7.25,1.58,13.739999771118164,2676.6263,5.698095238095238,-1.2378556948218031,5.897716060414182,18.6308
7.0,1.58,14.149999618530272,2676.6263,5.698095238095238,-1.2378556948218031,5.897716060414182,18.6458
7.0,1.58,13.68000030517578,2676.6263,5.698095238095238,-1.2378556948218031,5.897716060414182,18.5712
7.0,1.58,13.68000030517578,2676.6263,5.698095238095238,-1.2378556948218031,5.897716060414182,18.5715
7.0,1.59,14.829999923706056,2676.6263,5.698095238095238,-1.2378556948218031,5.897716060414182,18.5952
7.0,1.59,14.380000114440918,2676.6263,5.698095238095238,-1.2378556948218031,5.897716060414182,18.591
7.0,1.59,15.56000042,2676.6263,5.698095238095238,-1.2378556948218031,5.897716060414182,18.7992
7.0,1.58,17.079999923706055,2676.6263,5.698095238095238,-1.2378556948218031,5.897716060414182,18.9138
7.0,1.58,25.030000686645508,2676.6263,5.698095238095238,-1.2378556948218031,5.897716060414182,19.1197
7.0,1.58,27.850000381469727,2676.6263,5.698095238095238,-1.2378556948218031,5.897716060414182,19.0878
7.0,1.58,27.559999465942383,2676.6263,5.698095238095238,-1.2378556948218031,5.897716060414182,19.1585
7.0,1.58,39.15999984741211,2676.6263,5.698095238095238,-1.2378556948218031,5.897716060414182,19.3973
7.0,1.58,40.11000061035156,2676.6263,5.698095238095238,-1.2378556948218031,5.897716060414182,19.776
7.0,1.59,33.41999816894531,2676.6263,5.698095238095238,-1.2378556948218031,5.897716060414182,19.6985
7.0,1.59,36.81999969482422,2676.6263,5.698095238095238,-1.2378556948218031,5.897716060414182,19.2837
7.0,1.09,31.989999771118164,2676.6263,5.698095238095238,-1.2378556948218031,5.897716060414182,19.5335
7.0,1.09,39.619998931884766,2676.6263,5.698095238095238,-1.2378556948218031,5.897716060414182,19.8095
7.0,1.09,41.93999862670898,2676.6263,5.698095238095238,-1.2378556948218031,5.897716060414182,20.1623
7.0,1.09,54.459999084472656,2676.6263,5.698095238095238,-1.2378556948218031,5.897716060414182,21.1117
7.0,1.09,47.29999923706055,2676.6263,5.698095238095238,-1.2378556948218031,5.897716060414182,21.0267
7.0,1.09,53.900001525878906,2676.6263,5.698095238095238,-1.2378556948218031,5.897716060414182,21.213
7.0,1.1,75.47000122070312,2676.6263,5.698095238095238,-1.2378556948218031,5.897716060414182,22.1518
7.0,1.1,57.83000183105469,2676.6263,5.698095238095238,-1.2378556948218031,5.897716060414182,21.9288
7.0,0.25,82.69000244140625,2676.6263,5.698095238095238,-1.2378556948218031,5.897716060414182,21.9288
7.0,0.25,75.91000366210938,2676.6263,5.698095238095238,-1.2378556948218031,5.897716060414182,23.0573
7.0,0.25,76.44999694824219,2676.6263,5.698095238095238,-1.2378556948218031,5.897716060414182,23.9008
7.0,0.2,72.0,2676.6263,5.698095238095238,-1.2378556948218031,5.897716060414182,24.0868
6.5,0.15,66.04000091552734,2676.6263,5.698095238095238,-1.2378556948218031,5.897716060414182,24.1113
6.5,0.15,61.59000015258789,2676.6263,5.698095238095238,-1.2378556948218031,5.897716060414182,25.0782
6.5,0.12,61.66999816894531,2676.6263,5.698095238095238,-1.2378556948218031,5.897716060414182,25.1185
6.5,0.1,63.95000076293945,2676.6263,5.698095238095238,-1.2378556948218031,5.897716060414182,24.2948
6.5,0.1,61.0,2676.6263,5.698095238095238,-1.2378556948218031,5.897716060414182,23.097
6.5,0.1,65.54000091552734,2676.6263,5.698095238095238,-1.2378556948218031,5.897716060414182,23.5122
6.5,0.09,57.08000183105469,2676.6263,5.698095238095238,-1.2378556948218031,5.897716060414182,24.2853
6.5,0.08,53.540000915527344,4147.1146,6.174545454545454,0.0181862919255813,36.50345929771552,23.4847
6.5,0.06,57.060001373291016,4147.1146,6.174545454545454,0.0181862919255813,36.50345929771552,24.4918
6.5,0.05,50.90999984741211,4147.1146,6.174545454545454,0.0181862919255813,36.50345929771552,24.1087
6.5,0.05,46.79999923706055,4147.1146,6.174545454545454,0.0181862919255813,36.50345929771552,24.6938
6.5,0.05,45.24000168,4147.1146,6.174545454545454,0.0181862919255813,36.50345929771552,24.6895
6.5,0.05,46.70000076293945,4147.1146,6.174545454545454,0.0181862919255813,36.50345929771552,24.0388
6.5,0.05,43.34999847412109,4147.1146,6.174545454545454,0.0181862919255813,36.50345929771552,24.0925
6.5,0.05,41.66999816894531,4147.1146,6.174545454545454,0.0181862919255813,36.50345929771552,24.0925
6.5,0.05,41.66999816894531,4147.1146,6.174545454545454,0.0181862919255813,36.50345929771552,24.0925
6.5,0.05,41.16999816894531,4147.1146,6.174545454545454,0.0181862919255813,36.50345929771552,23.7427
6.5,0.05,37.75999832,4147.1146,6.174545454545454,0.0181862919255813,36.50345929771552,23.5645
6.5,0.05,40.84000015258789,4147.1146,6.174545454545454,0.0181862919255813,36.50345929771552,24.1155
6.5,0.05,40.11000061035156,4147.1146,6.174545454545454,0.0181862919255813,36.50345929771552,24.2098
6.5,0.05,38.150001525878906,4147.1146,6.174545454545454,0.0181862919255813,36.50345929771552,23.9012
6.5,0.05,43.83000183105469,4147.1146,6.174545454545454,0.0181862919255813,36.50345929771552,24.0077
6.0,0.05,45.40999984741211,4147.1146,6.174545454545454,0.0181862919255813,36.50345929771552,24.4248
6.0,0.05,41.97999954223633,4147.1146,6.174545454545454,0.0181862919255813,36.50345929771552,24.5883
6.0,0.04,41.380001068115234,4147.1146,6.174545454545454,0.0181862919255813,36.50345929771552,24.623
6.0,0.05,35.93000030517578,4147.1146,6.174545454545454,0.0181862919255813,36.50345929771552,24.8583
6.0,0.04,33.290000915527344,4147.1146,6.174545454545454,0.0181862919255813,36.50345929771552,24.8492
6.0,0.04,33.56999969482422,4147.1146,6.174545454545454,0.0181862919255813,36.50345929771552,24.3882
6.0,0.04,31.229999542236328,4147.1146,6.174545454545454,0.0181862919255813,36.50345929771552,24.0002
6.0,0.05,34.150001525878906,2982.6531,6.284696969696969,-0.976457824556569,-1.0688657693987635,23.9283
6.0,0.05,37.18999862670898,2982.6531,6.284696969696969,-0.976457824556569,-1.0688657693987635,23.9283
6.0,0.05,35.970001220703125,2982.6531,6.284696969696969,-0.976457824556569,-1.0688657693987635,24.3812
6.0,0.05,33.61000061035156,2982.6531,6.284696969696969,-0.976457824556569,-1.0688657693987635,23.8343
6.0,0.05,34.119998931884766,2982.6531,6.284696969696969,-0.976457824556569,-1.0688657693987635,24.2942
6.0,0.05,31.440000534057617,2982.6531,6.284696969696969,-0.976457824556569,-1.0688657693987635,24.0563
6.0,0.05,27.979999542236328,2982.6531,6.284696969696969,-0.976457824556569,-1.0688657693987635,23.6805
6.0,0.05,27.56999969482422,2982.6531,6.284696969696969,-0.976457824556569,-1.0688657693987635,23.8693
6.0,0.05,33.040000915527344,2982.6531,6.284696969696969,-0.976457824556569,-1.0688657693987635,24.0487
6.0,0.05,35.279998779296875,2982.6531,6.284696969696969,-0.976457824556569,-1.0688657693987635,24.2113
5.5,0.05,32.61000061035156,2982.6531,6.284696969696969,-0.976457824556569,-1.0688657693987635,24.2708
5.5,0.05,31.88999938964844,2982.6531,6.284696969696969,-0.976457824556569,-1.0688657693987635,23.958
5.5,0.05,29.299999237060547,2982.6531,6.284696969696969,-0.976457824556569,-1.0688657693987635,23.6032
5.5,0.05,30.530000686645508,2982.6531,6.284696969696969,-0.976457824556569,-1.0688657693987635,23.6023
5.5,0.05,27.989999771118164,2982.6531,6.284696969696969,-0.976457824556569,-1.0688657693987635,23.2962
5.5,0.05,29.530000686645508,2982.6531,6.284696969696969,-0.976457824556569,-1.0688657693987635,22.96
5.5,0.05,28.15999984741211,2982.6531,6.284696969696969,-0.976457824556569,-1.0688657693987635,22.7928
5.5,0.05,28.15999984741211,2982.6531,6.284696969696969,-0.976457824556569,-1.0688657693987635,22.563
5.5,0.05,28.01000022888184,2982.6531,6.284696969696969,-0.976457824556569,-1.0688657693987635,22.2932
5.5,0.05,27.62000084,2982.6531,6.284696969696969,-0.976457824556569,-1.0688657693987635,22.3633
5.5,0.05,28.59000015258789,2982.6531,6.284696969696969,-0.976457824556569,-1.0688657693987635,22.204
5.5,0.05,27.51000022888184,2982.6531,6.284696969696969,-0.976457824556569,-1.0688657693987635,22.1778
5.5,0.05,28.229999542236328,2982.6531,6.284696969696969,-0.976457824556569,-1.0688657693987635,22.0168
5.5,0.06,26.84000015258789,2982.6531,6.284696969696969,-0.976457824556569,-1.0688657693987635,21.6827
5.5,0.06,25.65999984741211,2982.6531,6.284696969696969,-0.976457824556569,-1.0688657693987635,21.6043
5.5,0.06,25.809999465942383,2982.6531,6.284696969696969,-0.976457824556569,-1.0688657693987635,21.8388
5.5,0.07,24.520000457763672,2982.6531,6.284696969696969,-0.976457824556569,-1.0688657693987635,21.5837
5.5,0.07,25.809999465942383,2982.6531,6.284696969696969,-0.976457824556569,-1.0688657693987635,21.6552
5.5,0.07,27.56999969482422,2982.6531,6.284696969696969,-0.976457824556569,-1.0688657693987635,21.7252
5.5,0.08,27.56999969482422,2982.6531,6.284696969696969,-0.976457824556569,-1.0688657693987635,21.923
5.5,0.08,40.790000915527344,2982.6531,6.284696969696969,-0.976457824556569,-1.0688657693987635,22.4252
5.5,0.08,36.09000015258789,2982.6531,6.284696969696969,-0.976457824556569,-1.0688657693987635,22.3347
5.5,0.09,34.400001525878906,2982.6531,6.284696969696969,-0.976457824556569,-1.0688657693987635,22.5435
5.5,0.09,33.66999816894531,2982.6531,6.284696969696969,-0.976457824556569,-1.0688657693987635,22.2168
5.5,0.09,33.470001220703125,2982.6531,6.284696969696969,-0.976457824556569,-1.0688657693987635,22.2783
5.5,0.09,32.939998626708984,2982.6531,6.284696969696969,-0.976457824556569,-1.0688657693987635,22.6088
5.5,0.09,35.119998931884766,2982.6531,6.284696969696969,-0.976457824556569,-1.0688657693987635,22.63
5.5,0.08,31.770000457763672,2982.6531,6.284696969696969,-0.976457824556569,-1.0688657693987635,22.4413
5.5,0.08,31.37000084,2982.6531,6.284696969696969,-0.976457824556569,-1.0688657693987635,22.413
5.5,0.08,33.84000015258789,2982.6531,6.284696969696969,-0.976457824556569,-1.0688657693987635,22.6662
5.0,0.08,32.220001220703125,2982.6531,6.284696969696969,-0.976457824556569,-1.0688657693987635,22.7963
5.0,0.08,34.72999954223633,2982.6531,6.284696969696969,-0.976457824556569,-1.0688657693987635,22.9715
5.0,0.08,31.780000686645508,2982.6531,6.284696969696969,-0.976457824556569,-1.0688657693987635,23.1325
5.0,0.08,30.43000030517578,3630.6225,5.323181818181818,-0.4229840073711412,10.244557631043572,23.0893
5.0,0.08,28.62000084,3630.6225,5.323181818181818,-0.4229840073711412,10.244557631043572,22.8078
5.0,0.09,27.68000030517578,3630.6225,5.323181818181818,-0.4229840073711412,10.244557631043572,22.5225
5.0,0.09,27.68000030517578,3630.6225,5.323181818181818,-0.4229840073711412,10.244557631043572,22.4147
5.0,0.09,27.940000534057617,3630.6225,5.323181818181818,-0.4229840073711412,10.244557631043572,22.2808
5.0,0.09,29.43000030517578,3630.6225,5.323181818181818,-0.4229840073711412,10.244557631043572,22.6213
5.0,0.09,28.07999992370605,3630.6225,5.323181818181818,-0.4229840073711412,10.244557631043572,22.8225
5.0,0.09,29.26000022888184,3630.6225,5.323181818181818,-0.4229840073711412,10.244557631043572,22.6945
5.0,0.09,27.290000915527344,3630.6225,5.323181818181818,-0.4229840073711412,10.244557631043572,22.5342
5.0,0.09,32.189998626708984,3630.6225,5.323181818181818,-0.4229840073711412,10.244557631043572,22.4633
5.0,0.09,29.520000457763672,3630.6225,5.323181818181818,-0.4229840073711412,10.244557631043572,22.6173
5.0,0.1,27.76000022888184,3630.6225,5.323181818181818,-0.4229840073711412,10.244557631043572,22.3647
5.0,0.1,28.0,3630.6225,5.323181818181818,-0.4229840073711412,10.244557631043572,22.3032
5.0,0.09,25.68000030517578,3630.6225,5.323181818181818,-0.4229840073711412,10.244557631043572,22.4897
5.0,0.1,24.459999084472656,3630.6225,5.323181818181818,-0.4229840073711412,10.244557631043572,22.6278
5.0,0.1,24.84000015258789,3630.6225,5.323181818181818,-0.4229840073711412,10.244557631043572,22.3597
5.0,0.09,24.31999969482422,3630.6225,5.323181818181818,-0.4229840073711412,10.244557631043572,22.251
5.0,0.09,26.07999992370605,3630.6225,5.323181818181818,-0.4229840073711412,10.244557631043572,22.3627
5.0,0.09,25.84000015258789,3630.6225,5.323181818181818,-0.4229840073711412,10.244557631043572,22.3842
5.0,0.1,24.739999771118164,3630.6225,5.323181818181818,-0.4229840073711412,10.244557631043572,22.0275
5.0,0.1,25.440000534057617,3630.6225,5.323181818181818,-0.4229840073711412,10.244557631043572,21.9615
5.0,0.1,24.100000381469727,3630.6225,5.323181818181818,-0.4229840073711412,10.244557631043572,21.9907
5.0,0.1,24.76000022888184,3630.6225,5.323181818181818,-0.4229840073711412,10.244557631043572,22.1727
5.0,0.1,24.459999084472656,3629.1537,4.906521739130435,-0.4242386072684234,7.648370115788139,22.2012
5.0,0.1,24.280000686645508,3629.1537,4.906521739130435,-0.4242386072684234,7.648370115788139,22.614
5.0,0.1,23.76000022888184,3629.1537,4.906521739130435,-0.4242386072684234,7.648370115788139,22.7845
5.0,0.1,22.989999771118164,3629.1537,4.906521739130435,-0.4242386072684234,7.648370115788139,22.4068
5.0,0.1,22.649999618530277,3629.1537,4.906521739130435,-0.4242386072684234,7.648370115788139,22.3652
5.0,0.1,22.209999084472656,3629.1537,4.906521739130435,-0.4242386072684234,7.648370115788139,22.4892
5.0,0.1,22.12999916,3629.1537,4.906521739130435,-0.4242386072684234,7.648370115788139,22.485
5.0,0.1,24.030000686645508,3629.1537,4.906521739130435,-0.4242386072684234,7.648370115788139,22.349
5.0,0.1,22.280000686645508,3629.1537,4.906521739130435,-0.4242386072684234,7.648370115788139,22.3457
5.0,0.1,22.12999916,3629.1537,4.906521739130435,-0.4242386072684234,7.648370115788139,22.2628
4.5,0.1,22.049999237060547,3629.1537,4.906521739130435,-0.4242386072684234,7.648370115788139,22.0313
4.5,0.1,21.350000381469727,3629.1537,4.906521739130435,-0.4242386072684234,7.648370115788139,22.057
4.5,0.09,21.51000022888184,3629.1537,4.906521739130435,-0.4242386072684234,7.648370115788139,22.1535
4.5,0.09,22.540000915527344,3629.1537,4.906521739130435,-0.4242386072684234,7.648370115788139,22.0527
4.5,0.09,22.71999931335449,3629.1537,4.906521739130435,-0.4242386072684234,7.648370115788139,22.176
4.5,0.09,22.540000915527344,3629.1537,4.906521739130435,-0.4242386072684234,7.648370115788139,22.0362
4.5,0.09,22.37000084,3629.1537,4.906521739130435,-0.4242386072684234,7.648370115788139,21.984
4.5,0.09,22.030000686645508,3629.1537,4.906521739130435,-0.4242386072684234,7.648370115788139,21.9723
4.5,0.09,23.270000457763672,3629.1537,4.906521739130435,-0.4242386072684234,7.648370115788139,21.9202
4.5,0.08,24.46999931335449,3629.1537,4.906521739130435,-0.4242386072684234,7.648370115788139,22.1168
4.5,0.09,22.959999084472656,3629.1537,4.906521739130435,-0.4242386072684234,7.648370115788139,21.8602
4.5,0.09,26.40999984741211,3654.1707,4.621904761904762,-0.402869921517942,4.779268437451067,21.888
4.5,0.09,26.12000084,3654.1707,4.621904761904762,-0.402869921517942,4.779268437451067,21.7445
4.5,0.09,26.56999969482422,3654.1707,4.621904761904762,-0.402869921517942,4.779268437451067,21.8393
4.5,0.09,33.599998474121094,3654.1707,4.621904761904762,-0.402869921517942,4.779268437451067,21.6383
4.5,0.09,30.75,3654.1707,4.621904761904762,-0.402869921517942,4.779268437451067,21.6115
4.5,0.09,30.75,3654.1707,4.621904761904762,-0.402869921517942,4.779268437451067,21.5887
4.5,0.09,31.459999084472656,3654.1707,4.621904761904762,-0.402869921517942,4.779268437451067,21.7138
4.5,0.09,28.809999465942383,3654.1707,4.621904761904762,-0.402869921517942,4.779268437451067,21.5377
4.5,0.09,29.709999084472656,3654.1707,4.621904761904762,-0.402869921517942,4.779268437451067,21.2773
4.5,0.09,26.87000084,3654.1707,4.621904761904762,-0.402869921517942,4.779268437451067,21.321
4.5,0.09,25.850000381469727,3654.1707,4.621904761904762,-0.402869921517942,4.779268437451067,21.0728
4.5,0.09,25.59000015258789,3654.1707,4.621904761904762,-0.402869921517942,4.779268437451067,21.0692
4.5,0.09,26.040000915527344,3654.1707,4.621904761904762,-0.402869921517942,4.779268437451067,21.0692
4.5,0.09,26.459999084472656,3654.1707,4.621904761904762,-0.402869921517942,4.779268437451067,20.985
4.5,0.09,25.82999992370605,3654.1707,4.621904761904762,-0.402869921517942,4.779268437451067,20.9697
4.5,0.09,27.780000686645508,3654.1707,4.621904761904762,-0.402869921517942,4.779268437451067,21.505
4.5,0.09,26.86000061035156,3654.1707,4.621904761904762,-0.402869921517942,4.779268437451067,21.5682
4.5,0.09,28.57999992370605,3654.1707,4.621904761904762,-0.402869921517942,4.779268437451067,22.0897
4.5,0.09,28.51000022888184,3654.1707,4.621904761904762,-0.402869921517942,4.779268437451067,22.3678
4.25,0.09,26.37999916,3654.1707,4.621904761904762,-0.402869921517942,4.779268437451067,22.4402
4.25,0.09,26.190000534057617,3654.1707,4.621904761904762,-0.402869921517942,4.779268437451067,22.4573
4.25,0.09,26.270000457763672,3654.1707,4.621904761904762,-0.402869921517942,4.779268437451067,22.3598
4.25,0.09,26.37000084,3673.8419,4.36,-0.3860674395602788,15.459519592931414,22.1438
4.25,0.09,26.700000762939453,3673.8419,4.36,-0.3860674395602788,15.459519592931414,21.9562
4.25,0.09,27.62999916,3673.8419,4.36,-0.3860674395602788,15.459519592931414,21.7025
4.25,0.09,27.959999084472656,3673.8419,4.36,-0.3860674395602788,15.459519592931414,21.396
4.25,0.09,29.479999542236328,3673.8419,4.36,-0.3860674395602788,15.459519592931414,21.4507
4.25,0.09,28.059999465942383,3673.8419,4.36,-0.3860674395602788,15.459519592931414,21.493
4.25,0.09,26.36000061035156,3673.8419,4.36,-0.3860674395602788,15.459519592931414,21.4318
4.25,0.09,25.0,3673.8419,4.36,-0.3860674395602788,15.459519592931414,21.1822
4.25,0.09,25.06999969482422,3673.8419,4.36,-0.3860674395602788,15.459519592931414,21.2183
4.25,0.09,26.06999969482422,3673.8419,4.36,-0.3860674395602788,15.459519592931414,21.3677
4.25,0.09,26.399999618530277,3673.8419,4.36,-0.3860674395602788,15.459519592931414,21.2998
4.25,0.09,26.96999931335449,3673.8419,4.36,-0.3860674395602788,15.459519592931414,21.3832
4.25,0.09,27.40999984741211,3673.8419,4.36,-0.3860674395602788,15.459519592931414,21.1765
4.25,0.09,29.18000030517578,3673.8419,4.36,-0.3860674395602788,15.459519592931414,21.1342
4.25,0.09,29.350000381469727,3673.8419,4.36,-0.3860674395602788,15.459519592931414,21.0902
4.25,0.09,28.649999618530277,3673.8419,4.36,-0.3860674395602788,15.459519592931414,21.064
4.25,0.09,28.11000061035156,3673.8419,4.36,-0.3860674395602788,15.459519592931414,21.03
4.25,0.09,27.549999237060547,3673.8419,4.36,-0.3860674395602788,15.459519592931414,20.9205
4.25,0.09,32.459999084472656,3673.8419,4.36,-0.3860674395602788,15.459519592931414,20.9818
4.25,0.09,33.349998474121094,3673.8419,4.36,-0.3860674395602788,15.459519592931414,20.8798
4.25,0.09,40.27999877929688,3673.8419,4.36,-0.3860674395602788,15.459519592931414,21.1648
4.25,0.09,37.59000015258789,3673.8419,4.36,-0.3860674395602788,15.459519592931414,21.377
4.25,0.09,38.02000045776367,3673.8419,4.36,-0.3860674395602788,15.459519592931414,21.2508
4.25,0.09,37.130001068115234,3673.8419,4.36,-0.3860674395602788,15.459519592931414,21.2508
4.25,0.09,35.54999923706055,3673.8419,4.36,-0.3860674395602788,15.459519592931414,21.1555
4.25,0.09,29.56999969482422,3673.8419,4.36,-0.3860674395602788,15.459519592931414,21.0345
4.25,0.09,27.57999992370605,3673.8419,4.36,-0.3860674395602788,15.459519592931414,20.7612
4.25,0.09,24.86000061035156,3673.8419,4.36,-0.3860674395602788,15.459519592931414,20.62
4.25,0.09,25.75,3673.8419,4.36,-0.3860674395602788,15.459519592931414,20.36
4.25,0.09,24.799999237060547,3673.8419,4.36,-0.3860674395602788,15.459519592931414,20.4018
4.25,0.09,23.450000762939453,3673.8419,4.36,-0.3860674395602788,15.459519592931414,20.5772
4.25,0.09,25.350000381469727,3673.8419,4.36,-0.3860674395602788,15.459519592931414,20.5303
4.25,0.09,23.100000381469727,3673.8419,4.36,-0.3860674395602788,15.459519592931414,20.4833
4.25,0.09,22.450000762939453,3673.8419,4.36,-0.3860674395602788,15.459519592931414,20.4833
4.25,0.09,22.709999084472656,3673.8419,4.36,-0.3860674395602788,15.459519592931414,20.3212
4.25,0.09,23.84000015258789,3673.8419,4.36,-0.3860674395602788,15.459519592931414,20.2388
4.25,0.08,23.11000061035156,3673.8419,4.36,-0.3860674395602788,15.459519592931414,20.1858
4.25,0.08,23.700000762939453,3673.8419,4.36,-0.3860674395602788,15.459519592931414,20.1172
4.25,0.08,22.65999984741211,3673.8419,4.36,-0.3860674395602788,15.459519592931414,20.1012
4.25,0.08,21.63999938964844,3673.8419,4.36,-0.3860674395602788,15.459519592931414,20.0577
4.25,0.08,21.25,3673.8419,4.36,-0.3860674395602788,15.459519592931414,20.0465
4.25,0.08,21.25,3673.8419,4.36,-0.3860674395602788,15.459519592931414,20.0467
4.25,0.08,20.84000015258789,3673.8419,4.36,-0.3860674395602788,15.459519592931414,20.0777
4.25,0.09,20.56999969482422,3491.9473,4.163157894736842,-0.5414357310064745,16.146051540089278,20.1398
4.25,0.09,20.770000457763672,3491.9473,4.163157894736842,-0.5414357310064745,16.146051540089278,20.0508
4.25,0.09,21.170000076293945,3491.9473,4.163157894736842,-0.5414357310064745,16.146051540089278,20.0497
4.25,0.09,21.280000686645508,3491.9473,4.163157894736842,-0.5414357310064745,16.146051540089278,19.9083
4.25,0.09,20.790000915527344,3491.9473,4.163157894736842,-0.5414357310064745,16.146051540089278,19.7838
4.25,0.09,21.299999237060547,3491.9473,4.163157894736842,-0.5414357310064745,16.146051540089278,19.8213
4.25,0.09,20.68000030517578,3491.9473,4.163157894736842,-0.5414357310064745,16.146051540089278,19.7537
4.25,0.09,22.270000457763672,3491.9473,4.163157894736842,-0.5414357310064745,16.146051540089278,19.8368
4.25,0.09,22.520000457763672,3491.9473,4.163157894736842,-0.5414357310064745,16.146051540089278,19.9572
4.25,0.09,23.309999465942383,3491.9473,4.163157894736842,-0.5414357310064745,16.146051540089278,20.1075
4.25,0.09,24.71999931335449,3491.9473,4.163157894736842,-0.5414357310064745,16.146051540089278,20.1778
4.25,0.09,22.88999938964844,3491.9473,4.163157894736842,-0.5414357310064745,16.146051540089278,20.1113
4.25,0.09,22.5,3491.9473,4.163157894736842,-0.5414357310064745,16.146051540089278,19.9513
4.25,0.09,21.93000030517578,3491.9473,4.163157894736842,-0.5414357310064745,16.146051540089278,19.8173
4.25,0.09,21.56999969482422,3491.9473,4.163157894736842,-0.5414357310064745,16.146051540089278,19.9487
4.25,0.09,25.15999984741211,3491.9473,4.163157894736842,-0.5414357310064745,16.146051540089278,20.0905
4.25,0.09,24.229999542236328,3491.9473,4.163157894736842,-0.5414357310064745,16.146051540089278,20.0562
4.25,0.09,23.309999465942383,3491.9473,4.163157894736842,-0.5414357310064745,16.146051540089278,20.1175
4.25,0.09,21.530000686645508,3491.9473,4.163157894736842,-0.5414357310064745,16.146051540089278,19.8517
4.25,0.09,21.530000686645508,3491.9473,4.163157894736842,-0.5414357310064745,16.146051540089278,19.8517
4.25,0.09,21.700000762939453,3491.9473,4.163157894736842,-0.5414357310064745,16.146051540089278,20.0477
4.25,0.09,23.07999992370605,3491.9473,4.163157894736842,-0.5414357310064745,16.146051540089278,19.9487
4.25,0.09,22.770000457763672,3491.9473,4.163157894736842,-0.5414357310064745,16.146051540089278,19.9352
4.25,0.09,22.75,3757.2255,4.16,-0.3148439537248937,17.496208809097435,19.9087
4.25,0.09,22.75,3757.2255,4.16,-0.3148439537248937,17.496208809097435,19.9087
4.25,0.09,26.96999931335449,3757.2255,4.16,-0.3148439537248937,17.496208809097435,19.8457
4.25,0.09,25.34000015258789,3757.2255,4.16,-0.3148439537248937,17.496208809097435,19.9437
4.25,0.09,25.06999969482422,3757.2255,4.16,-0.3148439537248937,17.496208809097435,19.725
4.25,0.09,22.37000084,3757.2255,4.16,-0.3148439537248937,17.496208809097435,19.91
4.25,0.09,21.559999465942383,3757.2255,4.16,-0.3148439537248937,17.496208809097435,19.9705
4.25,0.09,24.07999992370605,3757.2255,4.16,-0.3148439537248937,17.496208809097435,20.113
4.25,0.09,23.32999992370605,3757.2255,4.16,-0.3148439537248937,17.496208809097435,19.9373
4.25,0.09,22.209999084472656,3757.2255,4.16,-0.3148439537248937,17.496208809097435,19.7935
4.25,0.09,23.25,3757.2255,4.16,-0.3148439537248937,17.496208809097435,19.7793
4.25,0.09,24.34000015258789,3757.2255,4.16,-0.3148439537248937,17.496208809097435,19.7875
4.25,0.09,24.34000015258789,3757.2255,4.16,-0.3148439537248937,17.496208809097435,19.757
4.25,0.09,23.239999771118164,3757.2255,4.16,-0.3148439537248937,17.496208809097435,19.6788
4.25,0.09,21.57999992370605,3757.2255,4.16,-0.3148439537248937,17.496208809097435,19.5793
4.25,0.08,21.31999969482422,3757.2255,4.16,-0.3148439537248937,17.496208809097435,19.7393
4.25,0.08,21.90999984741211,3757.2255,4.16,-0.3148439537248937,17.496208809097435,19.9833
4.25,0.08,23.190000534057617,3757.2255,4.16,-0.3148439537248937,17.496208809097435,20.1598
4.25,0.08,23.020000457763672,3757.2255,4.16,-0.3148439537248937,17.496208809097435,20.0152
4.25,0.08,37.209999084472656,3757.2255,4.16,-0.3148439537248937,17.496208809097435,20.2168
4.25,0.07,30.209999084472656,3757.2255,4.16,-0.3148439537248937,17.496208809097435,20.2697
4.25,0.07,33.09000015258789,3757.2255,4.16,-0.3148439537248937,17.496208809097435,20.2248
4.25,0.08,30.239999771118164,3757.2255,4.16,-0.3148439537248937,17.496208809097435,20.2248
4.25,0.08,25.559999465942383,3757.2255,4.16,-0.3148439537248937,17.496208809097435,20.1722
4.25,0.08,22.90999984741211,3757.2255,4.16,-0.3148439537248937,17.496208809097435,20.1953
4.25,0.08,21.770000457763672,3757.2255,4.16,-0.3148439537248937,17.496208809097435,20.4435
4.25,0.08,20.87000084,3757.2255,4.16,-0.3148439537248937,17.496208809097435,20.1388
4.25,0.07,21.239999771118164,3757.2255,4.16,-0.3148439537248937,17.496208809097435,20.1227
4.25,0.08,21.62999916,3757.2255,4.16,-0.3148439537248937,17.496208809097435,20.0913
4.25,0.08,21.989999771118164,3757.2255,4.16,-0.3148439537248937,17.496208809097435,20.0588
4.25,0.08,21.25,3757.2255,4.16,-0.3148439537248937,17.496208809097435,19.9535
4.0,0.08,19.96999931335449,3757.2255,4.16,-0.3148439537248937,17.496208809097435,19.9622
4.0,0.08,19.96999931335449,3757.2255,4.16,-0.3148439537248937,17.496208809097435,19.9518
4.0,0.08,21.459999084472656,3757.2255,4.16,-0.3148439537248937,17.496208809097435,20.2023
4.0,0.08,21.5,3757.2255,4.16,-0.3148439537248937,17.496208809097435,20.2257
4.0,0.07,22.489999771118164,3757.2255,4.16,-0.3148439537248937,17.496208809097435,20.4165
4.0,0.07,22.049999237060547,3757.2255,4.16,-0.3148439537248937,17.496208809097435,20.4222
4.0,0.07,23.450000762939453,3757.2255,4.16,-0.3148439537248937,17.496208809097435,20.6783
4.0,0.07,23.11000061035156,3757.2255,4.16,-0.3148439537248937,17.496208809097435,20.5833
4.0,0.07,21.34000015258789,3757.2255,4.16,-0.3148439537248937,17.496208809097435,20.4752
4.0,0.07,28.88999938964844,3757.2255,4.16,-0.3148439537248937,17.496208809097435,20.8523
4.0,0.07,27.950000762939453,3757.2255,4.16,-0.3148439537248937,17.496208809097435,20.939
4.0,0.07,23.350000381469727,3757.2255,4.16,-0.3148439537248937,17.496208809097435,20.6123
4.0,0.07,24.100000381469727,3757.2255,4.16,-0.3148439537248937,17.496208809097435,20.6903
4.0,0.07,26.670000076293945,3757.2255,4.16,-0.3148439537248937,17.496208809097435,20.8957
4.0,0.07,28.56999969482422,3757.2255,4.16,-0.3148439537248937,17.496208809097435,20.8498
4.0,0.07,24.65999984741211,3757.2255,4.16,-0.3148439537248937,17.496208809097435,21.2635
4.0,0.07,25.46999931335449,3757.2255,4.16,-0.3148439537248937,17.496208809097435,21.4177
4.0,0.07,24.030000686645508,3757.2255,4.16,-0.3148439537248937,17.496208809097435,21.2575
4.0,0.07,22.559999465942383,3757.2255,4.16,-0.3148439537248937,17.496208809097435,20.9853
4.0,0.07,21.90999984741211,3757.2255,4.16,-0.3148439537248937,17.496208809097435,20.7133
4.0,0.07,20.690000534057617,3757.2255,4.16,-0.3148439537248937,17.496208809097435,20.7637
4.0,0.07,20.030000686645508,3757.2255,4.16,-0.3148439537248937,17.496208809097435,20.7637
4.0,0.07,19.790000915527344,3757.2255,4.16,-0.3148439537248937,17.496208809097435,20.5753
4.0,0.07,19.229999542236328,3757.2255,4.16,-0.3148439537248937,17.496208809097435,20.6828
4.0,0.07,21.57999992370605,3757.2255,4.16,-0.3148439537248937,17.496208809097435,20.4415
4.0,0.07,20.950000762939453,3757.2255,4.16,-0.3148439537248937,17.496208809097435,20.4823
4.0,0.07,18.87999916,3757.2255,4.16,-0.3148439537248937,17.496208809097435,20.5788
4.0,0.07,20.299999237060547,3757.2255,4.16,-0.3148439537248937,17.496208809097435,20.6408
4.0,0.07,21.200000762939453,3757.2255,4.16,-0.3148439537248937,17.496208809097435,20.7882
4.0,0.07,19.809999465942383,3757.2255,4.16,-0.3148439537248937,17.496208809097435,20.7662
4.0,0.07,18.86000061035156,3757.2255,4.16,-0.3148439537248937,17.496208809097435,20.5677
4.0,0.07,20.739999771118164,3757.2255,4.16,-0.3148439537248937,17.496208809097435,20.6047
4.0,0.07,19.61000061035156,3757.2255,4.16,-0.3148439537248937,17.496208809097435,20.6025
4.0,0.06,19.399999618530277,4275.0937,3.930434782608696,0.127501764225594,3.0859793457359563,20.44
4.0,0.07,17.329999923706055,4275.0937,3.930434782608696,0.127501764225594,3.0859793457359563,20.44
4.0,0.07,17.329999923706055,4275.0937,3.930434782608696,0.127501764225594,3.0859793457359563,20.44
4.0,0.07,17.90999984741211,4275.0937,3.930434782608696,0.127501764225594,3.0859793457359563,20.2483
4.0,0.07,18.12000084,4275.0937,3.930434782608696,0.127501764225594,3.0859793457359563,20.1612
4.0,0.07,17.15999984741211,4275.0937,3.930434782608696,0.127501764225594,3.0859793457359563,20.1765
4.0,0.07,16.950000762939453,4275.0937,3.930434782608696,0.127501764225594,3.0859793457359563,20.089
4.0,0.07,16.690000534057617,4275.0937,3.930434782608696,0.127501764225594,3.0859793457359563,20.163
4.0,0.07,16.90999984741211,4275.0937,3.930434782608696,0.127501764225594,3.0859793457359563,20.095
4.0,0.07,16.649999618530273,4275.0937,3.930434782608696,0.127501764225594,3.0859793457359563,20.0735
4.0,0.07,16.989999771118164,4275.0937,3.930434782608696,0.127501764225594,3.0859793457359563,20.0583
4.0,0.07,16.56999969482422,4275.0937,3.930434782608696,0.127501764225594,3.0859793457359563,19.927
4.0,0.07,16.25,4275.0937,3.930434782608696,0.127501764225594,3.0859793457359563,19.9158
4.0,0.07,17.290000915527344,4275.0937,3.930434782608696,0.127501764225594,3.0859793457359563,19.8145
4.0,0.07,18.68000030517578,4275.0937,3.930434782608696,0.127501764225594,3.0859793457359563,19.8877
4.0,0.07,17.5,4275.0937,3.930434782608696,0.127501764225594,3.0859793457359563,19.874
4.0,0.07,18.709999084472656,4275.0937,3.930434782608696,0.127501764225594,3.0859793457359563,19.8865
4.0,0.07,17.329999923706055,4275.0937,3.930434782608696,0.127501764225594,3.0859793457359563,19.8695
4.0,0.07,17.639999389648438,4275.0937,3.930434782608696,0.127501764225594,3.0859793457359563,19.8362
4.0,0.07,17.559999465942383,4275.0937,3.930434782608696,0.127501764225594,3.0859793457359563,19.9785
4.0,0.07,17.280000686645508,4275.0937,3.930434782608696,0.127501764225594,3.0859793457359563,19.9712
4.0,0.06,17.610000610351562,4275.0937,3.930434782608696,0.127501764225594,3.0859793457359563,20.0978
4.0,0.05,18.61000061035156,4167.7596,3.931363636363636,0.0358205613151441,39.7332998597792,20.1822
4.0,0.06,18.309999465942383,4167.7596,3.931363636363636,0.0358205613151441,39.7332998597792,20.1902
4.0,0.06,19.479999542236328,4167.7596,3.931363636363636,0.0358205613151441,39.7332998597792,20.2235
4.0,0.06,19.149999618530277,4167.7596,3.931363636363636,0.0358205613151441,39.7332998597792,20.2077
4.0,0.06,18.38999938964844,4167.7596,3.931363636363636,0.0358205613151441,39.7332998597792,20.1838
4.0,0.06,16.690000534057617,4167.7596,3.931363636363636,0.0358205613151441,39.7332998597792,19.9223
4.0,0.06,19.65999984741211,4167.7596,3.931363636363636,0.0358205613151441,39.7332998597792,19.886
4.0,0.06,21.84000015258789,4167.7596,3.931363636363636,0.0358205613151441,39.7332998597792,19.8848
4.0,0.06,27.59000015258789,4167.7596,3.931363636363636,0.0358205613151441,39.7332998597792,20.094
4.0,0.06,23.12999916,4167.7596,3.931363636363636,0.0358205613151441,39.7332998597792,20.0495
4.0,0.06,18.809999465942383,4167.7596,3.931363636363636,0.0358205613151441,39.7332998597792,19.8487
4.0,0.06,19.71999931335449,4167.7596,3.931363636363636,0.0358205613151441,39.7332998597792,19.8028
4.0,0.06,21.34000015258789,4167.7596,3.931363636363636,0.0358205613151441,39.7332998597792,19.8313
4.0,0.06,22.18000030517578,4167.7596,3.931363636363636,0.0358205613151441,39.7332998597792,19.8143
4.0,0.06,20.670000076293945,4167.7596,3.931363636363636,0.0358205613151441,39.7332998597792,19.881
4.0,0.06,20.149999618530277,4167.7596,3.931363636363636,0.0358205613151441,39.7332998597792,19.951
4.0,0.06,18.399999618530277,4167.7596,3.931363636363636,0.0358205613151441,39.7332998597792,19.872
4.0,0.06,18.84000015258789,4167.7596,3.931363636363636,0.0358205613151441,39.7332998597792,19.8903
4.0,0.06,17.360000610351562,4167.7596,3.931363636363636,0.0358205613151441,39.7332998597792,19.8783
4.0,0.06,16.739999771118164,4167.7596,3.931363636363636,0.0358205613151441,39.7332998597792,19.9487
4.0,0.05,16.760000228881836,4167.7596,3.931363636363636,0.0358205613151441,39.7332998597792,19.9442
4.0,0.05,16.760000228881836,4677.3251,3.9405,0.4710743902629324,32.05969756337288,19.9213
4.0,0.06,17.899999618530273,4677.3251,3.9405,0.4710743902629324,32.05969756337288,19.8927
4.0,0.06,17.479999542236328,4677.3251,3.9405,0.4710743902629324,32.05969756337288,19.9277
4.0,0.06,18.040000915527344,4677.3251,3.9405,0.4710743902629324,32.05969756337288,20.0605
4.0,0.06,16.420000076293945,4677.3251,3.9405,0.4710743902629324,32.05969756337288,19.9328
4.0,0.06,16.420000076293945,4677.3251,3.9405,0.4710743902629324,32.05969756337288,19.797
4.0,0.06,17.06999969482422,4677.3251,3.9405,0.4710743902629324,32.05969756337288,19.7728
4.0,0.06,17.889999389648438,4677.3251,3.9405,0.4710743902629324,32.05969756337288,19.6897
4.0,0.06,16.100000381469727,4677.3251,3.9405,0.4710743902629324,32.05969756337288,19.7002
4.0,0.06,15.649999618530272,4677.3251,3.9405,0.4710743902629324,32.05969756337288,19.8823
4.0,0.06,16.389999389648438,4677.3251,3.9405,0.4710743902629324,32.05969756337288,19.9065
4.0,0.06,17.020000457763672,4677.3251,3.9405,0.4710743902629324,32.05969756337288,20.1235
4.0,0.06,18.149999618530277,4677.3251,3.9405,0.4710743902629324,32.05969756337288,20.0588
4.0,0.1,17.75,4677.3251,3.9405,0.4710743902629324,32.05969756337288,20.4292
4.0,0.1,20.700000762939453,4677.3251,3.9405,0.4710743902629324,32.05969756337288,20.7002
4.0,0.1,17.889999389648438,4677.3251,3.9405,0.4710743902629324,32.05969756337288,20.6
4.0,0.1,16.65999984741211,4677.3251,3.9405,0.4710743902629324,32.05969756337288,20.5712
4.0,0.1,16.31999969482422,4677.3251,3.9405,0.4710743902629324,32.05969756337288,20.2505
4.0,0.1,15.970000267028809,4677.3251,3.9405,0.4710743902629324,32.05969756337288,20.0483
4.25,0.1,15.619999885559082,4677.3251,3.9405,0.4710743902629324,32.05969756337288,19.793
4.25,0.1,15.760000228881836,4677.3251,3.9405,0.4710743902629324,32.05969756337288,19.8027
4.25,0.1,16.020000457763672,4677.3251,3.9405,0.4710743902629324,32.05969756337288,19.8157
4.25,0.08,15.829999923706056,4605.3268,3.9727272727272727,0.4095758473813369,26.846754241180392,19.9062
4.25,0.1,15.479999542236328,4605.3268,3.9727272727272727,0.4095758473813369,26.846754241180392,20.0368
4.25,0.1,15.06999969482422,4605.3268,3.9727272727272727,0.4095758473813369,26.846754241180392,19.8817
4.25,0.1,15.06999969482422,4605.3268,3.9727272727272727,0.4095758473813369,26.846754241180392,19.8532
4.25,0.1,16.440000534057617,4605.3268,3.9727272727272727,0.4095758473813369,26.846754241180392,19.9658
4.25,0.1,16.200000762939453,4605.3268,3.9727272727272727,0.4095758473813369,26.846754241180392,19.9915
4.25,0.1,19.0,4605.3268,3.9727272727272727,0.4095758473813369,26.846754241180392,20.007
4.25,0.1,16.18000030517578,4605.3268,3.9727272727272727,0.4095758473813369,26.846754241180392,19.88
4.25,0.1,16.170000076293945,4605.3268,3.9727272727272727,0.4095758473813369,26.846754241180392,19.8577
4.25,0.1,17.12000084,4605.3268,3.9727272727272727,0.4095758473813369,26.846754241180392,19.9988
4.25,0.1,16.329999923706055,4605.3268,3.9727272727272727,0.4095758473813369,26.846754241180392,19.8992
4.25,0.1,17.010000228881836,4605.3268,3.9727272727272727,0.4095758473813369,26.846754241180392,19.9412
4.25,0.1,18.450000762939453,4605.3268,3.9727272727272727,0.4095758473813369,26.846754241180392,19.8537
4.25,0.1,22.5,4605.3268,3.9727272727272727,0.4095758473813369,26.846754241180392,20.0
4.25,0.1,19.729999542236328,4605.3268,3.9727272727272727,0.4095758473813369,26.846754241180392,20.1348
4.25,0.1,17.90999984741211,4605.3268,3.9727272727272727,0.4095758473813369,26.846754241180392,20.1907
4.25,0.1,17.690000534057617,4605.3268,3.9727272727272727,0.4095758473813369,26.846754241180392,20.1812
4.25,0.1,17.200000762939453,4605.3268,3.9727272727272727,0.4095758473813369,26.846754241180392,20.0238
4.25,0.1,17.579999923706055,4605.3268,3.9727272727272727,0.4095758473813369,26.846754241180392,20.0245
4.25,0.1,19.36000061035156,4605.3268,3.9727272727272727,0.4095758473813369,26.846754241180392,19.977
4.25,0.1,18.309999465942383,4605.3268,3.9727272727272727,0.4095758473813369,26.846754241180392,19.9535
4.25,0.1,17.700000762939453,4605.3268,3.9727272727272727,0.4095758473813369,26.846754241180392,19.8448
4.25,0.07,18.239999771118164,4605.3268,3.9727272727272727,0.4095758473813369,26.846754241180392,19.8455
4.25,0.1,19.459999084472656,4605.3268,3.9727272727272727,0.4095758473813369,26.846754241180392,19.852
4.25,0.1,18.040000915527344,4605.3268,3.9727272727272727,0.4095758473813369,26.846754241180392,19.892
4.25,0.1,17.969999313354492,4605.3268,3.9727272727272727,0.4095758473813369,26.846754241180392,19.9547
4.25,0.1,17.280000686645508,4605.3268,3.9727272727272727,0.4095758473813369,26.846754241180392,19.9293
4.25,0.1,16.149999618530273,4605.3268,3.9727272727272727,0.4095758473813369,26.846754241180392,20.0037
4.25,0.1,16.719999313354492,4605.3268,3.9727272727272727,0.4095758473813369,26.846754241180392,20.0648
4.25,0.1,16.790000915527344,4605.3268,3.9727272727272727,0.4095758473813369,26.846754241180392,20.1038
4.25,0.1,16.170000076293945,4605.3268,3.9727272727272727,0.4095758473813369,26.846754241180392,19.953
4.25,0.1,15.59000015258789,4605.3268,3.9727272727272727,0.4095758473813369,26.846754241180392,19.8907
4.5,0.1,15.449999809265137,4605.3268,3.9727272727272727,0.4095758473813369,26.846754241180392,19.8603
4.5,0.1,16.12000084,4605.3268,3.9727272727272727,0.4095758473813369,26.846754241180392,19.8863
4.5,0.1,17.90999984741211,4605.3268,3.9727272727272727,0.4095758473813369,26.846754241180392,19.9912
4.5,0.09,21.56999969482422,4605.3268,3.9727272727272727,0.4095758473813369,26.846754241180392,20.0107
4.5,0.09,21.670000076293945,4605.3268,3.9727272727272727,0.4095758473813369,26.846754241180392,20.1175
4.5,0.09,18.559999465942383,4605.3268,3.9727272727272727,0.4095758473813369,26.846754241180392,20.402
4.5,0.09,17.149999618530273,4605.3268,3.9727272727272727,0.4095758473813369,26.846754241180392,20.3907
4.5,0.09,17.219999313354492,4605.3268,3.9727272727272727,0.4095758473813369,26.846754241180392,20.2967
4.5,0.09,16.790000915527344,4605.3268,3.9727272727272727,0.4095758473813369,26.846754241180392,20.2933
4.5,0.09,18.84000015258789,4605.3268,3.9727272727272727,0.4095758473813369,26.846754241180392,20.3522
4.5,0.08,16.389999389648438,4605.3268,3.9727272727272727,0.4095758473813369,26.846754241180392,20.2293
4.5,0.08,16.190000534057617,4605.3268,3.9727272727272727,0.4095758473813369,26.846754241180392,20.1403
4.5,0.06,16.479999542236328,4776.7196,4.310043988269795,0.5559738520619575,30.719662329950825,20.0605
4.5,0.08,16.110000610351562,4776.7196,4.310043988269795,0.5559738520619575,30.719662329950825,19.9615
4.5,0.08,16.40999984741211,4776.7196,4.310043988269795,0.5559738520619575,30.719662329950825,19.9703
4.5,0.08,16.40999984741211,4776.7196,4.310043988269795,0.5559738520619575,30.719662329950825,19.8992
4.5,0.08,16.40999984741211,4776.7196,4.310043988269795,0.5559738520619575,30.719662329950825,19.8878
4.5,0.08,18.13999938964844,4776.7196,4.310043988269795,0.5559738520619575,30.719662329950825,19.944
4.5,0.08,17.959999084472656,4776.7196,4.310043988269795,0.5559738520619575,30.719662329950825,19.9383
4.5,0.08,18.799999237060547,4776.7196,4.310043988269795,0.5559738520619575,30.719662329950825,19.9318
4.5,0.08,20.950000762939453,4776.7196,4.310043988269795,0.5559738520619575,30.719662329950825,19.8717
4.5,0.08,19.37000084,4776.7196,4.310043988269795,0.5559738520619575,30.719662329950825,19.8677
4.5,0.08,19.459999084472656,4776.7196,4.310043988269795,0.5559738520619575,30.719662329950825,19.9035
4.5,0.08,18.18000030517578,4776.7196,4.310043988269795,0.5559738520619575,30.719662329950825,19.9003
4.5,0.08,18.690000534057617,4776.7196,4.310043988269795,0.5559738520619575,30.719662329950825,19.9003
4.5,0.08,20.809999465942383,4776.7196,4.310043988269795,0.5559738520619575,30.719662329950825,19.9853
4.5,0.08,25.709999084472656,4776.7196,4.310043988269795,0.5559738520619575,30.719662329950825,20.1735
4.5,0.08,24.36000061035156,4776.7196,4.310043988269795,0.5559738520619575,30.719662329950825,20.1438
4.5,0.08,20.87000084,4776.7196,4.310043988269795,0.5559738520619575,30.719662329950825,20.0328
4.5,0.08,18.62999916,4776.7196,4.310043988269795,0.5559738520619575,30.719662329950825,20.028
4.5,0.08,17.75,4776.7196,4.310043988269795,0.5559738520619575,30.719662329950825,20.1118
4.5,0.08,18.76000022888184,4776.7196,4.310043988269795,0.5559738520619575,30.719662329950825,20.1052
4.5,0.08,23.25,4776.7196,4.310043988269795,0.5559738520619575,30.719662329950825,20.306
4.5,0.08,22.559999465942383,4776.7196,4.310043988269795,0.5559738520619575,30.719662329950825,20.4977
4.5,0.06,23.13999938964844,4436.0128,4.4209523809523805,0.2649534842220069,20.74588185191095,20.5623
4.75,0.08,21.100000381469727,4436.0128,4.4209523809523805,0.2649534842220069,20.74588185191095,20.5103
4.75,0.08,22.959999084472656,4436.0128,4.4209523809523805,0.2649534842220069,20.74588185191095,20.5747
4.75,0.08,21.299999237060547,4436.0128,4.4209523809523805,0.2649534842220069,20.74588185191095,20.5818
4.75,0.08,21.0,4436.0128,4.4209523809523805,0.2649534842220069,20.74588185191095,20.6947
4.75,0.08,19.540000915527344,4436.0128,4.4209523809523805,0.2649534842220069,20.74588185191095,20.604
4.75,0.08,18.770000457763672,4436.0128,4.4209523809523805,0.2649534842220069,20.74588185191095,20.7293
4.75,0.08,20.0,4436.0128,4.4209523809523805,0.2649534842220069,20.74588185191095,20.8017
4.75,0.08,19.850000381469727,4436.0128,4.4209523809523805,0.2649534842220069,20.74588185191095,20.7767
4.75,0.08,18.63999938964844,4436.0128,4.4209523809523805,0.2649534842220069,20.74588185191095,20.6827
4.75,0.08,16.860000610351562,4436.0128,4.4209523809523805,0.2649534842220069,20.74588185191095,20.6075
4.75,0.08,16.299999237060547,4436.0128,4.4209523809523805,0.2649534842220069,20.74588185191095,20.4672
4.75,0.08,16.309999465942383,4436.0128,4.4209523809523805,0.2649534842220069,20.74588185191095,20.3587
4.75,0.08,15.699999809265137,4436.0128,4.4209523809523805,0.2649534842220069,20.74588185191095,20.2647
4.75,0.08,15.489999771118164,4436.0128,4.4209523809523805,0.2649534842220069,20.74588185191095,20.185
4.75,0.08,15.010000228881836,4436.0128,4.4209523809523805,0.2649534842220069,20.74588185191095,20.2643
4.75,0.08,15.43000030517578,4436.0128,4.4209523809523805,0.2649534842220069,20.74588185191095,20.1837
4.75,0.08,15.239999771118164,4436.0128,4.4209523809523805,0.2649534842220069,20.74588185191095,20.1897
4.75,0.08,15.979999542236328,4436.0128,4.4209523809523805,0.2649534842220069,20.74588185191095,20.1888
4.75,0.08,16.979999542236328,4436.0128,4.4209523809523805,0.2649534842220069,20.74588185191095,20.193
4.75,0.08,16.530000686645508,4436.0128,4.4209523809523805,0.2649534842220069,20.74588185191095,20.3255
4.75,0.07,16.260000228881836,4436.0128,4.4209523809523805,0.2649534842220069,20.74588185191095,20.5297
4.75,0.08,16.40999984741211,4436.0128,4.4209523809523805,0.2649534842220069,20.74588185191095,20.8598
4.75,0.08,16.030000686645508,4436.0128,4.4209523809523805,0.2649534842220069,20.74588185191095,20.8598
4.75,0.08,15.100000381469728,4436.0128,4.4209523809523805,0.2649534842220069,20.74588185191095,20.8352
4.75,0.08,15.43999958,4436.0128,4.4209523809523805,0.2649534842220069,20.74588185191095,20.6242
4.75,0.08,16.479999542236328,4436.0128,4.4209523809523805,0.2649534842220069,20.74588185191095,20.3925
4.75,0.08,17.219999313354492,4436.0128,4.4209523809523805,0.2649534842220069,20.74588185191095,20.3265
4.75,0.08,17.780000686645508,4436.0128,4.4209523809523805,0.2649534842220069,20.74588185191095,20.2833
4.75,0.08,18.729999542236328,4436.0128,4.4209523809523805,0.2649534842220069,20.74588185191095,20.4702
4.75,0.08,17.65999984741211,4436.0128,4.4209523809523805,0.2649534842220069,20.74588185191095,20.4652
5.0,0.08,16.290000915527344,4436.0128,4.4209523809523805,0.2649534842220069,20.74588185191095,20.5072
5.0,0.08,16.489999771118164,4436.0128,4.4209523809523805,0.2649534842220069,20.74588185191095,20.5072
5.0,0.08,16.37000084,4436.0128,4.4209523809523805,0.2649534842220069,20.74588185191095,20.8092
5.0,0.08,17.110000610351562,4436.0128,4.4209523809523805,0.2649534842220069,20.74588185191095,20.6912
5.0,0.08,17.59000015258789,4436.0128,4.4209523809523805,0.2649534842220069,20.74588185191095,20.7628
5.0,0.08,17.90999984741211,4436.0128,4.4209523809523805,0.2649534842220069,20.74588185191095,20.8283
5.0,0.08,19.170000076293945,4436.0128,4.4209523809523805,0.2649534842220069,20.74588185191095,20.9632
5.0,0.08,19.37999916,4436.0128,4.4209523809523805,0.2649534842220069,20.74588185191095,21.2107
5.0,0.08,18.57999992370605,4436.0128,4.4209523809523805,0.2649534842220069,20.74588185191095,21.4357
5.0,0.08,18.57999992370605,4436.0128,4.4209523809523805,0.2649534842220069,20.74588185191095,21.5462
5.0,0.08,28.62000084,4436.0128,4.4209523809523805,0.2649534842220069,20.74588185191095,21.8185
5.0,0.08,22.959999084472656,4436.0128,4.4209523809523805,0.2649534842220069,20.74588185191095,21.7333
5.0,0.07,27.190000534057617,4689.3135,4.828833333333333,0.4813144810912121,34.28935482502844,21.4453
5.0,0.08,31.12000084,4689.3135,4.828833333333333,0.4813144810912121,34.28935482502844,21.271
5.0,0.08,27.950000762939453,4689.3135,4.828833333333333,0.4813144810912121,34.28935482502844,21.3033
5.0,0.08,30.670000076293945,4689.3135,4.828833333333333,0.4813144810912121,34.28935482502844,21.4177
5.0,0.08,27.18000030517578,4689.3135,4.828833333333333,0.4813144810912121,34.28935482502844,21.2047
5.0,0.08,21.88999938964844,4689.3135,4.828833333333333,0.4813144810912121,34.28935482502844,21.0907
5.0,0.08,19.899999618530277,4689.3135,4.828833333333333,0.4813144810912121,34.28935482502844,20.933
5.0,0.08,21.57999992370605,4689.3135,4.828833333333333,0.4813144810912121,34.28935482502844,21.0328
5.0,0.08,18.690000534057617,4689.3135,4.828833333333333,0.4813144810912121,34.28935482502844,20.8922
5.0,0.08,20.309999465942383,4689.3135,4.828833333333333,0.4813144810912121,34.28935482502844,20.9383
5.0,0.08,21.88999938964844,4689.3135,4.828833333333333,0.4813144810912121,34.28935482502844,21.165
5.0,0.08,19.290000915527344,4689.3135,4.828833333333333,0.4813144810912121,34.28935482502844,21.2393
5.0,0.08,20.56999969482422,4689.3135,4.828833333333333,0.4813144810912121,34.28935482502844,20.9238
5.5,0.08,21.56999969482422,4689.3135,4.828833333333333,0.4813144810912121,34.28935482502844,20.7337
5.5,0.08,22.87000084,4689.3135,4.828833333333333,0.4813144810912121,34.28935482502844,20.7363
5.5,0.08,21.01000022888184,4689.3135,4.828833333333333,0.4813144810912121,34.28935482502844,20.7823
5.5,0.08,18.62999916,4689.3135,4.828833333333333,0.4813144810912121,34.28935482502844,20.7527
5.5,0.08,17.959999084472656,4689.3135,4.828833333333333,0.4813144810912121,34.28935482502844,20.6582
5.5,0.08,17.959999084472656,4689.3135,4.828833333333333,0.4813144810912121,34.28935482502844,20.6112
5.5,0.08,17.68000030517578,4689.3135,4.828833333333333,0.4813144810912121,34.28935482502844,20.6828
5.5,0.08,17.540000915527344,4689.3135,4.828833333333333,0.4813144810912121,34.28935482502844,20.577
5.5,0.08,16.950000762939453,4689.3135,4.828833333333333,0.4813144810912121,34.28935482502844,20.5835
5.5,0.08,17.329999923706055,4689.3135,4.828833333333333,0.4813144810912121,34.28935482502844,20.5157
5.5,0.07,17.219999313354492,4767.7923,5.162370266479663,0.5483484506029386,26.89662358567513,20.4672
5.5,0.08,16.600000381469727,4767.7923,5.162370266479663,0.5483484506029386,26.89662358567513,20.589
5.5,0.08,16.90999984741211,4767.7923,5.162370266479663,0.5483484506029386,26.89662358567513,20.4742
5.5,0.08,19.729999542236328,4767.7923,5.162370266479663,0.5483484506029386,26.89662358567513,20.3977
5.5,0.08,19.61000061035156,4767.7923,5.162370266479663,0.5483484506029386,26.89662358567513,20.4588
5.5,0.08,18.76000022888184,4767.7923,5.162370266479663,0.5483484506029386,26.89662358567513,20.4237
5.5,0.08,19.399999618530277,4767.7923,5.162370266479663,0.5483484506029386,26.89662358567513,20.4453
5.5,0.08,18.40999984741211,4767.7923,5.162370266479663,0.5483484506029386,26.89662358567513,20.3785
5.5,0.08,17.62000084,4767.7923,5.162370266479663,0.5483484506029386,26.89662358567513,20.366
5.5,0.08,20.309999465942383,4767.7923,5.162370266479663,0.5483484506029386,26.89662358567513,20.3607
5.5,0.08,19.190000534057617,4767.7923,5.162370266479663,0.5483484506029386,26.89662358567513,20.3118
5.5,0.08,19.190000534057617,4767.7923,5.162370266479663,0.5483484506029386,26.89662358567513,20.3002
5.5,0.08,22.790000915527344,4767.7923,5.162370266479663,0.5483484506029386,26.89662358567513,20.403
5.5,0.08,23.850000381469727,4767.7923,5.162370266479663,0.5483484506029386,26.89662358567513,20.46
5.5,0.08,25.59000015258789,4767.7923,5.162370266479663,0.5483484506029386,26.89662358567513,20.4507
5.5,0.08,28.850000381469727,4767.7923,5.162370266479663,0.5483484506029386,26.89662358567513,20.4598
5.5,0.08,29.899999618530277,4767.7923,5.162370266479663,0.5483484506029386,26.89662358567513,20.6308
5.5,0.08,31.15999984741211,4767.7923,5.162370266479663,0.5483484506029386,26.89662358567513,20.6683
5.5,0.08,31.959999084472656,4767.7923,5.162370266479663,0.5483484506029386,26.89662358567513,20.6415
5.5,0.08,30.489999771118164,4767.7923,5.162370266479663,0.5483484506029386,26.89662358567513,20.7383
5.5,0.08,27.65999984741211,4767.7923,5.162370266479663,0.5483484506029386,26.89662358567513,20.8597
5.5,0.08,24.82999992370605,3935.0868,5.42,-0.1629207724133032,15.983168516584412,20.6352
5.5,0.08,21.959999084472656,3935.0868,5.42,-0.1629207724133032,15.983168516584412,20.58
5.5,0.08,22.09000015258789,3935.0868,5.42,-0.1629207724133032,15.983168516584412,20.6003
5.5,0.08,24.350000381469727,3935.0868,5.42,-0.1629207724133032,15.983168516584412,20.5562
5.5,0.08,23.21999931335449,3935.0868,5.42,-0.1629207724133032,15.983168516584412,20.7325
5.5,0.08,22.86000061035156,3935.0868,5.42,-0.1629207724133032,15.983168516584412,20.7325
5.5,0.08,21.440000534057617,3935.0868,5.42,-0.1629207724133032,15.983168516584412,20.6413
5.5,0.08,19.959999084472656,3935.0868,5.42,-0.1629207724133032,15.983168516584412,20.5008
5.5,0.08,23.90999984741211,3935.0868,5.42,-0.1629207724133032,15.983168516584412,20.4148
6.0,0.08,27.36000061035156,3935.0868,5.42,-0.1629207724133032,15.983168516584412,20.4188
6.0,0.08,28.32999992370605,3935.0868,5.42,-0.1629207724133032,15.983168516584412,20.411
6.0,0.08,25.700000762939453,3935.0868,5.42,-0.1629207724133032,15.983168516584412,20.3992
6.0,0.08,24.290000915527344,3935.0868,5.42,-0.1629207724133032,15.983168516584412,20.3335
6.0,0.08,28.11000061035156,3935.0868,5.42,-0.1629207724133032,15.983168516584412,20.2978
6.0,0.08,27.75,3935.0868,5.42,-0.1629207724133032,15.983168516584412,20.3063
6.0,0.08,27.75,3935.0868,5.42,-0.1629207724133032,15.983168516584412,20.2825
6.0,0.08,28.809999465942383,3935.0868,5.42,-0.1629207724133032,15.983168516584412,20.2977
6.0,0.08,31.020000457763672,3935.0868,5.42,-0.1629207724133032,15.983168516584412,20.2435
6.0,0.08,30.31999969482422,3935.0868,5.42,-0.1629207724133032,15.983168516584412,20.6525
6.0,0.08,27.59000015258789,3935.0868,5.42,-0.1629207724133032,15.983168516584412,20.4465
6.0,0.08,30.149999618530277,3928.4852,5.741428571428571,-0.1685596386182988,20.35425981698178,20.4257
6.0,0.08,33.31999969482422,3928.4852,5.741428571428571,-0.1685596386182988,20.35425981698178,20.5272
6.0,0.08,30.739999771118164,3928.4852,5.741428571428571,-0.1685596386182988,20.35425981698178,20.7193
6.0,0.08,30.479999542236328,3928.4852,5.741428571428571,-0.1685596386182988,20.35425981698178,20.7033
6.0,0.08,31.979999542236328,3928.4852,5.741428571428571,-0.1685596386182988,20.35425981698178,20.9262
6.0,0.08,36.45000076293945,3928.4852,5.741428571428571,-0.1685596386182988,20.35425981698178,21.1947
6.0,0.08,35.130001068115234,3928.4852,5.741428571428571,-0.1685596386182988,20.35425981698178,21.3775
6.0,0.08,32.45000076293945,3928.4852,5.741428571428571,-0.1685596386182988,20.35425981698178,20.9677
6.0,0.08,30.229999542236328,3928.4852,5.741428571428571,-0.1685596386182988,20.35425981698178,20.9743
6.0,0.08,30.75,3928.4852,5.741428571428571,-0.1685596386182988,20.35425981698178,20.9695
6.0,0.08,31.770000457763672,3928.4852,5.741428571428571,-0.1685596386182988,20.35425981698178,20.8908
6.0,0.08,29.82999992370605,3928.4852,5.741428571428571,-0.1685596386182988,20.35425981698178,20.8743
6.0,0.08,26.670000076293945,3928.4852,5.741428571428571,-0.1685596386182988,20.35425981698178,20.7035
6.0,0.33,25.670000076293945,3928.4852,5.741428571428571,-0.1685596386182988,20.35425981698178,20.5585
6.0,0.33,23.87000084,3928.4852,5.741428571428571,-0.1685596386182988,20.35425981698178,20.4145
6.0,0.33,23.530000686645508,3928.4852,5.741428571428571,-0.1685596386182988,20.35425981698178,20.4145
6.0,0.33,22.940000534057617,3928.4852,5.741428571428571,-0.1685596386182988,20.35425981698178,20.2782
6.0,0.33,23.56999969482422,3928.4852,5.741428571428571,-0.1685596386182988,20.35425981698178,20.18
6.0,0.33,21.670000076293945,3928.4852,5.741428571428571,-0.1685596386182988,20.35425981698178,20.1313
6.5,0.33,20.809999465942383,3928.4852,5.741428571428571,-0.1685596386182988,20.35425981698178,19.9577
6.5,0.33,19.62999916,3928.4852,5.741428571428571,-0.1685596386182988,20.35425981698178,20.1195
6.5,0.33,18.899999618530277,3928.4852,5.741428571428571,-0.1685596386182988,20.35425981698178,19.9942
6.5,0.33,19.32999992370605,3928.4852,5.741428571428571,-0.1685596386182988,20.35425981698178,19.8632
6.5,0.33,20.559999465942383,4712.0937,5.913338008415147,0.50077256699812,10.221998175151104,19.9112
6.5,0.33,19.62999916,4712.0937,5.913338008415147,0.50077256699812,10.221998175151104,19.8432
6.5,0.33,18.56999969482422,4712.0937,5.913338008415147,0.50077256699812,10.221998175151104,19.7443
6.5,0.33,21.030000686645508,4712.0937,5.913338008415147,0.50077256699812,10.221998175151104,19.9012
6.5,0.33,22.100000381469727,4712.0937,5.913338008415147,0.50077256699812,10.221998175151104,20.0665
6.5,0.33,21.549999237060547,4712.0937,5.913338008415147,0.50077256699812,10.221998175151104,20.1605
6.5,0.33,21.15999984741211,4712.0937,5.913338008415147,0.50077256699812,10.221998175151104,20.12
6.5,0.33,24.37000084,4712.0937,5.913338008415147,0.50077256699812,10.221998175151104,20.0093
6.5,0.33,24.26000022888184,4712.0937,5.913338008415147,0.50077256699812,10.221998175151104,19.8407
6.5,0.33,21.81999969482422,4712.0937,5.913338008415147,0.50077256699812,10.221998175151104,19.7967
6.5,0.33,22.700000762939453,4712.0937,5.913338008415147,0.50077256699812,10.221998175151104,19.7967
6.5,0.33,22.700000762939453,4712.0937,5.913338008415147,0.50077256699812,10.221998175151104,19.7967
6.5,0.33,22.170000076293945,4712.0937,5.913338008415147,0.50077256699812,10.221998175151104,19.9377
6.5,0.33,21.37000084,4712.0937,5.913338008415147,0.50077256699812,10.221998175151104,20.0447
6.5,0.33,20.31999969482422,4712.0937,5.913338008415147,0.50077256699812,10.221998175151104,20.0383
6.5,0.33,22.68000030517578,4712.0937,5.913338008415147,0.50077256699812,10.221998175151104,20.1802
6.5,0.33,28.209999084472656,4712.0937,5.913338008415147,0.50077256699812,10.221998175151104,20.3183
6.5,0.33,27.020000457763672,4712.0937,5.913338008415147,0.50077256699812,10.221998175151104,20.2992
6.5,0.33,33.52000045776367,4712.0937,5.913338008415147,0.50077256699812,10.221998175151104,20.356
6.5,0.33,31.600000381469727,4712.0937,5.913338008415147,0.50077256699812,10.221998175151104,20.4707
6.5,0.33,29.989999771118164,4712.0937,5.913338008415147,0.50077256699812,10.221998175151104,20.567
6.5,0.33,33.400001525878906,4712.0937,5.913338008415147,0.50077256699812,10.221998175151104,20.3728
6.5,0.33,32.34000015258789,4712.0937,5.913338008415147,0.50077256699812,10.221998175151104,20.4075
6.5,0.33,29.25,4712.0937,5.913338008415147,0.50077256699812,10.221998175151104,20.335
6.5,0.33,25.420000076293945,4712.0937,5.913338008415147,0.50077256699812,10.221998175151104,20.2535
6.5,0.83,31.200000762939453,4712.0937,5.913338008415147,0.50077256699812,10.221998175151104,20.2218
6.5,0.83,30.190000534057617,4712.0937,5.913338008415147,0.50077256699812,10.221998175151104,20.1085
6.5,0.83,34.75,4712.0937,5.913338008415147,0.50077256699812,10.221998175151104,20.3172
6.5,0.83,32.99000168,4712.0937,5.913338008415147,0.50077256699812,10.221998175151104,20.372
6.5,0.83,32.560001373291016,4712.0937,5.913338008415147,0.50077256699812,10.221998175151104,20.2592
6.5,0.83,31.770000457763672,4712.0937,5.913338008415147,0.50077256699812,10.221998175151104,20.32
7.0,0.83,28.87000084,4712.0937,5.913338008415147,0.50077256699812,10.221998175151104,20.1443
7.0,0.83,27.46999931335449,4712.0937,5.913338008415147,0.50077256699812,10.221998175151104,20.0782
7.0,0.83,26.100000381469727,4712.0937,5.913338008415147,0.50077256699812,10.221998175151104,19.9637
7.0,0.83,30.959999084472656,4712.0937,5.913338008415147,0.50077256699812,10.221998175151104,19.9663
7.0,0.83,29.350000381469727,4712.0937,5.913338008415147,0.50077256699812,10.221998175151104,19.9267
7.0,0.83,29.43000030517578,4712.0937,5.913338008415147,0.50077256699812,10.221998175151104,19.8657
7.0,0.83,28.479999542236328,4712.0937,5.913338008415147,0.50077256699812,10.221998175151104,19.8282
7.0,0.83,29.450000762939453,4712.0937,5.913338008415147,0.50077256699812,10.221998175151104,19.887
7.0,0.83,28.37000084,4712.0937,5.913338008415147,0.50077256699812,10.221998175151104,19.8377
7.0,0.83,27.5,4712.0937,5.913338008415147,0.50077256699812,10.221998175151104,19.7933
7.0,0.83,25.71999931335449,4712.0937,5.913338008415147,0.50077256699812,10.221998175151104,19.5965
7.0,0.83,25.71999931335449,4712.0937,5.913338008415147,0.50077256699812,10.221998175151104,19.4953
7.0,0.83,26.190000534057617,5173.7153,6.047880184331797,0.8950743180487784,10.612693994693668,19.694
7.0,0.83,25.690000534057617,5173.7153,6.047880184331797,0.8950743180487784,10.612693994693668,19.7388
7.0,0.83,24.71999931335449,5173.7153,6.047880184331797,0.8950743180487784,10.612693994693668,19.5585
7.0,0.83,24.790000915527344,5173.7153,6.047880184331797,0.8950743180487784,10.612693994693668,19.5742
7.0,0.83,25.06999969482422,5173.7153,6.047880184331797,0.8950743180487784,10.612693994693668,19.5547
7.0,0.83,24.020000457763672,5173.7153,6.047880184331797,0.8950743180487784,10.612693994693668,19.5998
7.0,0.83,23.959999084472656,5173.7153,6.047880184331797,0.8950743180487784,10.612693994693668,19.59
7.0,0.83,26.09000015258789,5173.7153,6.047880184331797,0.8950743180487784,10.612693994693668,19.6128
7.0,0.83,27.75,5173.7153,6.047880184331797,0.8950743180487784,10.612693994693668,19.9297
7.0,0.83,34.02000045776367,5173.7153,6.047880184331797,0.8950743180487784,10.612693994693668,20.4527
7.0,0.83,32.689998626708984,5173.7153,6.047880184331797,0.8950743180487784,10.612693994693668,20.6583
7.0,0.83,29.62000084,5173.7153,6.047880184331797,0.8950743180487784,10.612693994693668,20.6675
7.0,1.58,32.95000076293945,5173.7153,6.047880184331797,0.8950743180487784,10.612693994693668,20.5728
7.0,1.58,31.12999916,5173.7153,6.047880184331797,0.8950743180487784,10.612693994693668,20.476
7.0,1.58,31.12999916,5173.7153,6.047880184331797,0.8950743180487784,10.612693994693668,20.2442
7.0,1.58,30.190000534057617,5173.7153,6.047880184331797,0.8950743180487784,10.612693994693668,20.1963
7.0,1.58,28.950000762939453,5173.7153,6.047880184331797,0.8950743180487784,10.612693994693668,20.0465
7.0,1.58,29.049999237060547,5173.7153,6.047880184331797,0.8950743180487784,10.612693994693668,20.0365
7.75,1.58,27.229999542236328,5173.7153,6.047880184331797,0.8950743180487784,10.612693994693668,19.8707
7.75,1.58,26.950000762939453,5173.7153,6.047880184331797,0.8950743180487784,10.612693994693668,19.8797
7.75,1.58,28.36000061035156,5173.7153,6.047880184331797,0.8950743180487784,10.612693994693668,19.9847
7.75,1.58,28.15999984741211,5173.7153,6.047880184331797,0.8950743180487784,10.612693994693668,20.1443
7.75,1.58,28.709999084472656,5150.2223,5.987857142857143,0.8750073821917194,11.831853061980336,20.1335
7.75,1.58,26.700000762939453,5150.2223,5.987857142857143,0.8750073821917194,11.831853061980336,20.3817
7.75,1.58,26.700000762939453,5150.2223,5.987857142857143,0.8750073821917194,11.831853061980336,20.2877
7.75,1.58,27.540000915527344,5150.2223,5.987857142857143,0.8750073821917194,11.831853061980336,20.5598
7.75,1.58,26.729999542236328,5150.2223,5.987857142857143,0.8750073821917194,11.831853061980336,20.7228
7.75,1.58,26.07999992370605,5150.2223,5.987857142857143,0.8750073821917194,11.831853061980336,20.6022
7.75,1.58,24.63999938964844,5150.2223,5.987857142857143,0.8750073821917194,11.831853061980336,20.4423
7.75,1.58,26.170000076293945,5150.2223,5.987857142857143,0.8750073821917194,11.831853061980336,20.7473
7.75,1.58,27.290000915527344,5150.2223,5.987857142857143,0.8750073821917194,11.831853061980336,20.7882
7.75,1.58,26.81999969482422,5150.2223,5.987857142857143,0.8750073821917194,11.831853061980336,20.7613
7.75,1.58,26.399999618530277,5150.2223,5.987857142857143,0.8750073821917194,11.831853061980336,20.9415
7.75,1.58,24.229999542236328,5150.2223,5.987857142857143,0.8750073821917194,11.831853061980336,20.611
7.75,1.58,25.299999237060547,5150.2223,5.987857142857143,0.8750073821917194,11.831853061980336,20.3957
7.75,1.58,24.5,5150.2223,5.987857142857143,0.8750073821917194,11.831853061980336,20.4407
7.75,1.58,23.87999916,5150.2223,5.987857142857143,0.8750073821917194,11.831853061980336,20.4913
7.75,1.58,23.11000061035156,5150.2223,5.987857142857143,0.8750073821917194,11.831853061980336,20.6562
7.75,1.58,23.030000686645508,5150.2223,5.987857142857143,0.8750073821917194,11.831853061980336,20.515
7.75,1.58,23.36000061035156,5150.2223,5.987857142857143,0.8750073821917194,11.831853061980336,20.4652
7.75,1.58,24.690000534057617,5150.2223,5.987857142857143,0.8750073821917194,11.831853061980336,20.433
7.75,1.58,23.239999771118164,5150.2223,5.987857142857143,0.8750073821917194,11.831853061980336,20.512
7.75,2.33,22.32999992370605,5150.2223,5.987857142857143,0.8750073821917194,11.831853061980336,20.3778
7.75,2.32,21.32999992370605,5150.2223,5.987857142857143,0.8750073821917194,11.831853061980336,20.3485
7.75,2.33,22.84000015258789,5150.2223,5.987857142857143,0.8750073821917194,11.831853061980336,20.2633
7.75,2.33,23.93000030517578,5150.2223,5.987857142857143,0.8750073821917194,11.831853061980336,20.5152
7.75,2.33,21.950000762939453,5150.2223,5.987857142857143,0.8750073821917194,11.831853061980336,20.6305
7.75,2.33,21.440000534057617,5150.2223,5.987857142857143,0.8750073821917194,11.831853061980336,20.3358
7.75,2.33,21.149999618530277,5150.2223,5.987857142857143,0.8750073821917194,11.831853061980336,20.401
7.75,2.33,21.290000915527344,5150.2223,5.987857142857143,0.8750073821917194,11.831853061980336,20.2789
7.75,2.33,21.770000457763672,5150.2223,5.987857142857143,0.8750073821917194,11.831853061980336,20.2715
7.75,2.33,19.739999771118164,5150.2223,5.987857142857143,0.8750073821917194,11.831853061980336,19.9562
7.75,2.33,20.200000762939453,5150.2223,5.987857142857143,0.8750073821917194,11.831853061980336,19.9595
8.5,2.33,19.530000686645508,5150.2223,5.987857142857143,0.8750073821917194,11.831853061980336,19.874
8.5,2.33,19.950000762939453,5150.2223,5.987857142857143,0.8750073821917194,11.831853061980336,19.8618
8.5,2.33,19.690000534057617,5150.2223,5.987857142857143,0.8750073821917194,11.831853061980336,19.9303
8.5,2.33,19.899999618530277,5150.2223,5.987857142857143,0.8750073821917194,11.831853061980336,20.0387
8.5,2.33,19.559999465942383,5150.2223,5.987857142857143,0.8750073821917194,11.831853061980336,20.0835
8.5,2.33,20.600000381469727,5150.2223,5.987857142857143,0.8750073821917194,11.831853061980336,20.1957
8.5,2.33,23.799999237060547,5150.2223,5.987857142857143,0.8750073821917194,11.831853061980336,20.1598
8.5,2.33,24.11000061035156,5150.2223,5.987857142857143,0.8750073821917194,11.831853061980336,19.9982
8.5,2.33,22.81999969482422,5150.2223,5.987857142857143,0.8750073821917194,11.831853061980336,19.9198
8.5,2.33,21.780000686645508,5150.2223,5.987857142857143,0.8750073821917194,11.831853061980336,19.9437
8.5,2.33,25.559999465942383,5150.2223,5.987857142857143,0.8750073821917194,11.831853061980336,19.9268
8.5,2.33,26.209999084472656,5150.2223,5.987857142857143,0.8750073821917194,11.831853061980336,19.9945
8.5,2.33,26.209999084472656,5150.2223,5.987857142857143,0.8750073821917194,11.831853061980336,20.1465
8.5,2.33,25.87000084,5160.1441,5.903870967741936,0.8834822523311896,8.02694175308092,20.0962
8.5,2.33,25.559999465942383,5160.1441,5.903870967741936,0.8834822523311896,8.02694175308092,20.2473
8.5,2.33,25.46999931335449,5160.1441,5.903870967741936,0.8834822523311896,8.02694175308092,19.9753
8.5,2.33,25.46999931335449,5160.1441,5.903870967741936,0.8834822523311896,8.02694175308092,19.962
8.5,2.33,26.90999984741211,5160.1441,5.903870967741936,0.8834822523311896,8.02694175308092,20.138
8.5,2.33,24.63999938964844,5160.1441,5.903870967741936,0.8834822523311896,8.02694175308092,20.0297
8.5,2.33,23.61000061035156,5160.1441,5.903870967741936,0.8834822523311896,8.02694175308092,20.0203
8.5,2.33,22.790000915527344,5160.1441,5.903870967741936,0.8834822523311896,8.02694175308092,19.9027
8.5,2.33,23.87000084,5160.1441,5.903870967741936,0.8834822523311896,8.02694175308092,19.7957
8.5,2.33,27.270000457763672,5160.1441,5.903870967741936,0.8834822523311896,8.02694175308092,20.055
8.5,2.33,26.15999984741211,5160.1441,5.903870967741936,0.8834822523311896,8.02694175308092,19.9768
8.5,2.33,26.270000457763672,5160.1441,5.903870967741936,0.8834822523311896,8.02694175308092,20.0525
8.5,2.33,26.299999237060547,5160.1441,5.903870967741936,0.8834822523311896,8.02694175308092,20.0525
8.5,2.33,25.76000022888184,5160.1441,5.903870967741936,0.8834822523311896,8.02694175308092,19.9943
8.5,2.33,27.15999984741211,5160.1441,5.903870967741936,0.8834822523311896,8.02694175308092,20.0
8.5,2.33,27.989999771118164,5160.1441,5.903870967741936,0.8834822523311896,8.02694175308092,20.0027
8.5,3.08,27.350000381469727,5160.1441,5.903870967741936,0.8834822523311896,8.02694175308092,19.9608
8.5,3.08,29.920000076293945,5160.1441,5.903870967741936,0.8834822523311896,8.02694175308092,20.1627
8.5,3.08,32.25999832,5160.1441,5.903870967741936,0.8834822523311896,8.02694175308092,20.3517
8.5,3.08,32.599998474121094,5160.1441,5.903870967741936,0.8834822523311896,8.02694175308092,20.357
8.5,3.08,30.18000030517578,5160.1441,5.903870967741936,0.8834822523311896,8.02694175308092,20.3058
8.5,3.08,31.84000015258789,5160.1441,5.903870967741936,0.8834822523311896,8.02694175308092,20.1927
9.25,3.08,31.62000084,5078.5862,5.945862068965518,0.8138182184514604,14.485382007914849,20.0925
9.25,3.08,30.100000381469727,5078.5862,5.945862068965518,0.8138182184514604,14.485382007914849,20.0008
9.25,3.08,29.06999969482422,5078.5862,5.945862068965518,0.8138182184514604,14.485382007914849,19.9698
9.25,3.08,28.549999237060547,5078.5862,5.945862068965518,0.8138182184514604,14.485382007914849,20.1267
9.25,3.08,30.520000457763672,5078.5862,5.945862068965518,0.8138182184514604,14.485382007914849,20.1087
9.25,3.08,31.36000061035156,5078.5862,5.945862068965518,0.8138182184514604,14.485382007914849,20.0502
9.25,3.08,32.45000076293945,5078.5862,5.945862068965518,0.8138182184514604,14.485382007914849,19.9752
9.25,3.08,33.630001068115234,5078.5862,5.945862068965518,0.8138182184514604,14.485382007914849,19.9652
9.25,3.08,33.56999969482422,5078.5862,5.945862068965518,0.8138182184514604,14.485382007914849,20.0352
9.25,3.08,31.940000534057617,5078.5862,5.945862068965518,0.8138182184514604,14.485382007914849,20.0398
9.25,3.08,32.02000045776367,5078.5862,5.945862068965518,0.8138182184514604,14.485382007914849,20.0838
9.25,3.08,31.37000084,5078.5862,5.945862068965518,0.8138182184514604,14.485382007914849,19.9913
9.25,3.08,30.5,5078.5862,5.945862068965518,0.8138182184514604,14.485382007914849,20.0207
9.25,3.08,30.76000022888184,5078.5862,5.945862068965518,0.8138182184514604,14.485382007914849,20.1272
9.25,3.08,29.979999542236328,5078.5862,5.945862068965518,0.8138182184514604,14.485382007914849,20.0448
9.25,3.08,29.690000534057617,5078.5862,5.945862068965518,0.8138182184514604,14.485382007914849,19.9647
9.25,3.08,29.850000381469727,5078.5862,5.945862068965518,0.8138182184514604,14.485382007914849,19.9535
9.25,3.08,28.459999084472656,5078.5862,5.945862068965518,0.8138182184514604,14.485382007914849,19.8712
9.25,3.08,27.280000686645508,5078.5862,5.945862068965518,0.8138182184514604,14.485382007914849,19.8553
9.25,3.08,27.38999938964844,5078.5862,5.945862068965518,0.8138182184514604,14.485382007914849,19.8365
9.25,3.08,25.75,5078.5862,5.945862068965518,0.8138182184514604,14.485382007914849,19.8303
9.25,3.08,25.87999916,5404.6702,6.17,1.0923482789806969,11.34268185491376,19.8245
9.25,3.08,25.809999465942383,5404.6702,6.17,1.0923482789806969,11.34268185491376,19.7463
9.25,3.08,25.86000061035156,5404.6702,6.17,1.0923482789806969,11.34268185491376,19.7463
9.25,3.83,25.299999237060547,5404.6702,6.17,1.0923482789806969,11.34268185491376,19.6673
9.25,3.83,24.549999237060547,5404.6702,6.17,1.0923482789806969,11.34268185491376,19.5202
9.25,3.83,24.350000381469727,5404.6702,6.17,1.0923482789806969,11.34268185491376,19.4647
9.25,3.83,25.540000915527344,5404.6702,6.17,1.0923482789806969,11.34268185491376,19.4775
9.25,3.83,26.09000015258789,5404.6702,6.17,1.0923482789806969,11.34268185491376,19.5887
9.25,3.83,23.530000686645508,5404.6702,6.17,1.0923482789806969,11.34268185491376,19.394
10.0,3.83,22.520000457763672,5404.6702,6.17,1.0923482789806969,11.34268185491376,19.5353
10.0,3.83,23.729999542236328,5404.6702,6.17,1.0923482789806969,11.34268185491376,19.4015
10.0,3.83,24.540000915527344,5404.6702,6.17,1.0923482789806969,11.34268185491376,19.3818
10.0,3.83,24.11000061035156,5404.6702,6.17,1.0923482789806969,11.34268185491376,19.3137
10.0,3.83,23.93000030517578,5404.6702,6.17,1.0923482789806969,11.34268185491376,19.4333
10.0,3.83,23.12000084,5404.6702,6.17,1.0923482789806969,11.34268185491376,19.493
10.0,3.83,22.36000061035156,5404.6702,6.17,1.0923482789806969,11.34268185491376,19.493
10.0,3.83,21.290000915527344,5404.6702,6.17,1.0923482789806969,11.34268185491376,19.4667
10.0,3.83,20.350000381469727,5404.6702,6.17,1.0923482789806969,11.34268185491376,19.3683
10.0,3.83,20.350000381469727,5404.6702,6.17,1.0923482789806969,11.34268185491376,19.3692
10.0,3.83,20.5,5404.6702,6.17,1.0923482789806969,11.34268185491376,19.3393
10.0,3.83,22.209999084472656,5404.6702,6.17,1.0923482789806969,11.34268185491376,19.325
10.0,3.83,21.88999938964844,5404.6702,6.17,1.0923482789806969,11.34268185491376,19.216
10.0,3.83,20.57999992370605,4853.746,5.995,0.6217672300085881,3.506536724405396,19.3965
10.0,3.83,19.84000015258789,4853.746,5.995,0.6217672300085881,3.506536724405396,19.1433
10.0,3.83,19.059999465942383,4853.746,5.995,0.6217672300085881,3.506536724405396,19.3422
10.0,3.83,20.75,4853.746,5.995,0.6217672300085881,3.506536724405396,19.7567
10.0,3.83,22.170000076293945,4853.746,5.995,0.6217672300085881,3.506536724405396,19.803
10.0,3.83,22.68000030517578,4853.746,5.995,0.6217672300085881,3.506536724405396,19.6977
10.0,3.83,22.290000915527344,4853.746,5.995,0.6217672300085881,3.506536724405396,19.6732
10.0,3.83,22.82999992370605,4853.746,5.995,0.6217672300085881,3.506536724405396,19.8192
10.0,3.83,25.0,4853.746,5.995,0.6217672300085881,3.506536724405396,19.8192
10.0,3.83,22.549999237060547,4853.746,5.995,0.6217672300085881,3.506536724405396,19.6458
10.0,3.83,21.13999938964844,4853.746,5.995,0.6217672300085881,3.506536724405396,19.6955
10.0,4.33,22.82999992370605,4853.746,5.995,0.6217672300085881,3.506536724405396,19.7963
10.5,4.33,22.62000084,4853.746,5.995,0.6217672300085881,3.506536724405396,19.7932
10.5,4.33,22.420000076293945,4853.746,5.995,0.6217672300085881,3.506536724405396,19.7557
10.5,4.33,21.479999542236328,4853.746,5.995,0.6217672300085881,3.506536724405396,19.7482
10.5,4.33,20.06999969482422,4853.746,5.995,0.6217672300085881,3.506536724405396,19.6932
10.5,4.33,21.96999931335449,4853.746,5.995,0.6217672300085881,3.506536724405396,19.574
10.5,4.33,20.87000084,4853.746,5.995,0.6217672300085881,3.506536724405396,19.4287
10.5,4.33,20.87000084,4853.746,5.995,0.6217672300085881,3.506536724405396,19.3983
10.5,4.33,21.649999618530277,4853.746,5.995,0.6217672300085881,3.506536724405396,19.4407
10.5,4.33,22.13999938964844,4853.746,5.995,0.6217672300085881,3.506536724405396,19.4143
10.5,4.33,21.440000534057617,4853.746,5.995,0.6217672300085881,3.506536724405396,19.3615
10.5,4.33,21.670000076293945,4853.746,5.995,0.6217672300085881,3.506536724405396,19.4715
10.5,4.33,21.670000076293945,4853.746,5.995,0.6217672300085881,3.506536724405396,19.4883
10.5,4.33,22.899999618530277,4853.746,5.995,0.6217672300085881,3.506536724405396,19.422
10.5,4.33,22.01000022888184,4853.746,5.995,0.6217672300085881,3.506536724405396,19.3568
10.5,4.33,22.459999084472656,4853.746,5.995,0.6217672300085881,3.506536724405396,19.3672
10.5,4.33,21.12999916,4853.746,5.995,0.6217672300085881,3.506536724405396,19.1753
10.5,4.33,21.96999931335449,4853.746,5.995,0.6217672300085881,3.506536724405396,19.1648
10.5,4.33,20.57999992370605,4853.746,5.995,0.6217672300085881,3.506536724405396,19.1108
10.5,4.33,21.09000015258789,4853.746,5.995,0.6217672300085881,3.506536724405396,19.026
10.5,4.33,18.82999992370605,4853.746,5.995,0.6217672300085881,3.506536724405396,18.8735
10.5,4.33,18.350000381469727,4853.746,5.995,0.6217672300085881,3.506536724405396,18.7922
10.5,4.33,18.350000381469727,4853.746,5.995,0.6217672300085881,3.506536724405396,18.7913
10.5,4.33,19.36000061035156,4853.746,5.995,0.6217672300085881,3.506536724405396,18.7493
10.5,4.33,20.34000015258789,4853.746,5.995,0.6217672300085881,3.506536724405396,18.7493
10.5,4.33,20.520000457763672,4853.746,5.995,0.6217672300085881,3.506536724405396,19.0327
10.5,4.33,19.850000381469727,4853.746,5.995,0.6217672300085881,3.506536724405396,18.9257
10.5,4.33,19.809999465942383,4853.746,5.995,0.6217672300085881,3.506536724405396,18.8267
10.5,4.33,19.200000762939453,4853.746,5.995,0.6217672300085881,3.506536724405396,18.8318
10.5,4.33,19.07999992370605,4853.746,5.995,0.6217672300085881,3.506536724405396,18.82
10.5,4.33,18.729999542236328,4853.746,5.995,0.6217672300085881,3.506536724405396,18.8355
10.5,4.33,18.51000022888184,4853.746,5.995,0.6217672300085881,3.506536724405396,18.7872
10.5,4.33,19.940000534057617,4853.746,5.995,0.6217672300085881,3.506536724405396,18.7793
10.5,4.33,19.399999618530277,4434.7719,6.17,0.2638935488921197,12.698197661103672,18.7937
10.5,4.33,17.87000084,4434.7719,6.17,0.2638935488921197,12.698197661103672,18.739
10.5,4.58,18.729999542236328,4434.7719,6.17,0.2638935488921197,12.698197661103672,18.6232
10.5,4.58,18.32999992370605,4434.7719,6.17,0.2638935488921197,12.698197661103672,18.8895
10.5,4.58,19.43000030517578,4434.7719,6.17,0.2638935488921197,12.698197661103672,18.8895
10.5,4.58,18.65999984741211,4434.7719,6.17,0.2638935488921197,12.698197661103672,19.0517
10.5,4.58,19.62999916,4434.7719,6.17,0.2638935488921197,12.698197661103672,18.9435
10.5,4.57,20.709999084472656,4434.7719,6.17,0.2638935488921197,12.698197661103672,18.9543
11.0,4.58,20.530000686645508,4434.7719,6.17,0.2638935488921197,12.698197661103672,18.6893
11.0,4.58,20.34000015258789,4434.7719,6.17,0.2638935488921197,12.698197661103672,18.6327
11.0,4.58,18.90999984741211,4434.7719,6.17,0.2638935488921197,12.698197661103672,18.5383
11.0,4.58,18.229999542236328,4434.7719,6.17,0.2638935488921197,12.698197661103672,18.6428
11.0,4.58,20.170000076293945,4434.7719,6.17,0.2638935488921197,12.698197661103672,18.5497
11.0,4.58,20.020000457763672,4434.7719,6.17,0.2638935488921197,12.698197661103672,18.4142
11.0,4.58,20.020000457763672,4434.7719,6.17,0.2638935488921197,12.698197661103672,18.397
11.0,4.58,22.87000084,4434.7719,6.17,0.2638935488921197,12.698197661103672,18.3938
11.0,4.58,22.290000915527344,4434.7719,6.17,0.2638935488921197,12.698197661103672,18.3483
11.0,4.58,21.13999938964844,4434.7719,6.17,0.2638935488921197,12.698197661103672,18.4107
11.0,4.58,21.670000076293945,4434.7719,6.17,0.2638935488921197,12.698197661103672,18.4023
11.0,4.57,20.950000762939453,4434.7719,6.17,0.2638935488921197,12.698197661103672,18.4077
11.0,4.57,20.700000762939453,4346.1517,6.274022556390976,0.1881971342562808,10.63174426621234,18.3448
11.0,4.58,20.57999992370605,4346.1517,6.274022556390976,0.1881971342562808,10.63174426621234,18.17
11.0,4.57,19.59000015258789,4346.1517,6.274022556390976,0.1881971342562808,10.63174426621234,18.126
11.0,4.57,18.489999771118164,4346.1517,6.274022556390976,0.1881971342562808,10.63174426621234,18.0123
11.0,4.57,18.61000061035156,4346.1517,6.274022556390976,0.1881971342562808,10.63174426621234,18.0122
11.0,4.57,19.59000015258789,4346.1517,6.274022556390976,0.1881971342562808,10.63174426621234,18.1155
11.0,4.57,19.11000061035156,4346.1517,6.274022556390976,0.1881971342562808,10.63174426621234,17.9662
11.0,4.57,22.61000061035156,4346.1517,6.274022556390976,0.1881971342562808,10.63174426621234,18.0577
11.0,4.57,24.799999237060547,4346.1517,6.274022556390976,0.1881971342562808,10.63174426621234,18.4083
11.0,4.58,26.520000457763672,4346.1517,6.274022556390976,0.1881971342562808,10.63174426621234,18.8302
11.0,4.58,23.729999542236328,4346.1517,6.274022556390976,0.1881971342562808,10.63174426621234,18.6427
11.0,4.58,26.13999938964844,4346.1517,6.274022556390976,0.1881971342562808,10.63174426621234,18.9972
11.0,4.58,22.989999771118164,4346.1517,6.274022556390976,0.1881971342562808,10.63174426621234,18.9095
11.0,4.58,25.51000022888184,4346.1517,6.274022556390976,0.1881971342562808,10.63174426621234,18.8977
11.0,4.58,24.149999618530277,4346.1517,6.274022556390976,0.1881971342562808,10.63174426621234,18.8977
11.0,4.58,21.37999916,4346.1517,6.274022556390976,0.1881971342562808,10.63174426621234,18.6755
11.0,4.58,22.26000022888184,4346.1517,6.274022556390976,0.1881971342562808,10.63174426621234,18.5437
11.0,4.83,22.61000061035156,4346.1517,6.274022556390976,0.1881971342562808,10.63174426621234,18.4902
11.0,4.83,21.739999771118164,4346.1517,6.274022556390976,0.1881971342562808,10.63174426621234,18.5178
11.0,4.83,20.600000381469727,4346.1517,6.274022556390976,0.1881971342562808,10.63174426621234,18.383
11.0,4.83,19.96999931335449,4346.1517,6.274022556390976,0.1881971342562808,10.63174426621234,18.2523
11.0,4.83,19.12000084,4346.1517,6.274022556390976,0.1881971342562808,10.63174426621234,18.1052
11.0,4.83,19.020000457763672,4346.1517,6.274022556390976,0.1881971342562808,10.63174426621234,18.0932
11.25,4.83,18.700000762939453,5189.392,6.355021037868162,0.90846483153579,10.129219204618089,18.0415
11.25,4.83,18.549999237060547,5189.392,6.355021037868162,0.90846483153579,10.129219204618089,18.107
11.25,4.83,19.0,5189.392,6.355021037868162,0.90846483153579,10.129219204618089,18.1185
11.25,4.83,19.07999992370605,5189.392,6.355021037868162,0.90846483153579,10.129219204618089,18.3323
11.25,4.83,18.399999618530277,5189.392,6.355021037868162,0.90846483153579,10.129219204618089,18.3323
11.25,4.83,18.399999618530277,5189.392,6.355021037868162,0.90846483153579,10.129219204618089,18.3323
11.25,4.83,18.96999931335449,5189.392,6.355021037868162,0.90846483153579,10.129219204618089,18.1765
11.25,4.83,19.100000381469727,5189.392,6.355021037868162,0.90846483153579,10.129219204618089,18.187
11.25,4.83,19.09000015258789,5189.392,6.355021037868162,0.90846483153579,10.129219204618089,18.066
11.25,4.83,17.799999237060547,5189.392,6.355021037868162,0.90846483153579,10.129219204618089,18.0152
11.25,4.83,17.06999969482422,5189.392,6.355021037868162,0.90846483153579,10.129219204618089,18.0638
11.25,4.83,16.950000762939453,5189.392,6.355021037868162,0.90846483153579,10.129219204618089,18.0868
11.25,4.83,16.829999923706055,5189.392,6.355021037868162,0.90846483153579,10.129219204618089,18.063
11.25,4.83,16.459999084472656,5189.392,6.355021037868162,0.90846483153579,10.129219204618089,18.0448
11.25,4.83,17.170000076293945,5189.392,6.355021037868162,0.90846483153579,10.129219204618089,18.009
11.25,4.83,16.770000457763672,5189.392,6.355021037868162,0.90846483153579,10.129219204618089,17.9988
11.25,4.83,16.889999389648438,5189.392,6.355021037868162,0.90846483153579,10.129219204618089,18.0082
11.25,4.83,18.76000022888184,5189.392,6.355021037868162,0.90846483153579,10.129219204618089,18.0892
11.25,4.83,18.84000015258789,5189.392,6.355021037868162,0.90846483153579,10.129219204618089,18.103
11.25,4.83,17.030000686645508,5189.392,6.355021037868162,0.90846483153579,10.129219204618089,18.0723
11.25,4.83,15.779999732971191,5189.392,6.355021037868162,0.90846483153579,10.129219204618089,17.9975
11.25,4.83,16.079999923706055,5189.392,6.355021037868162,0.90846483153579,10.129219204618089,17.9975
11.25,4.83,17.780000686645508,5189.392,6.355021037868162,0.90846483153579,10.129219204618089,18.0325
11.25,4.83,18.34000015258789,5189.392,6.355021037868162,0.90846483153579,10.129219204618089,17.906
11.25,5.08,20.09000015258789,5189.392,6.355021037868162,0.90846483153579,10.129219204618089,17.9575
11.25,5.08,17.190000534057617,5189.392,6.355021037868162,0.90846483153579,10.129219204618089,17.7863
11.25,5.08,16.979999542236328,5189.392,6.355021037868162,0.90846483153579,10.129219204618089,17.8213
11.25,5.08,17.709999084472656,5189.392,6.355021037868162,0.90846483153579,10.129219204618089,17.7608
11.25,5.08,16.940000534057617,5189.392,6.355021037868162,0.90846483153579,10.129219204618089,17.5845
11.25,5.08,16.93000030517578,5189.392,6.355021037868162,0.90846483153579,10.129219204618089,17.6287
11.25,5.08,17.030000686645508,5189.392,6.355021037868162,0.90846483153579,10.129219204618089,17.6142
11.25,5.08,17.12000084,5189.392,6.355021037868162,0.90846483153579,10.129219204618089,17.538
11.25,5.08,17.989999771118164,5189.392,6.355021037868162,0.90846483153579,10.129219204618089,17.4672
11.25,5.08,16.87000084,5189.392,6.355021037868162,0.90846483153579,10.129219204618089,17.5872
11.25,5.08,16.049999237060547,5189.392,6.355021037868162,0.90846483153579,10.129219204618089,17.7342
11.25,5.08,16.809999465942383,5189.392,6.355021037868162,0.90846483153579,10.129219204618089,17.693
11.25,5.08,17.209999084472656,5189.392,6.355021037868162,0.90846483153579,10.129219204618089,17.868
11.25,5.08,18.530000686645508,5189.392,6.355021037868162,0.90846483153579,10.129219204618089,17.9687
11.25,5.08,20.030000686645508,5189.392,6.355021037868162,0.90846483153579,10.129219204618089,17.8195
11.25,5.08,19.13999938964844,5189.392,6.355021037868162,0.90846483153579,10.129219204618089,17.8252
11.25,5.08,17.950000762939453,5189.392,6.355021037868162,0.90846483153579,10.129219204618089,17.6723
11.25,5.08,17.950000762939453,5189.392,6.355021037868162,0.90846483153579,10.129219204618089,17.5605
11.25,5.08,17.459999084472656,5189.392,6.355021037868162,0.90846483153579,10.129219204618089,17.6532
11.25,5.08,17.940000534057617,5675.8614,6.204090909090909,1.3239907433487623,9.705715735846532,17.7418
11.25,5.08,15.649999618530272,5675.8614,6.204090909090909,1.3239907433487623,9.705715735846532,17.5673
11.25,5.08,14.600000381469728,5675.8614,6.204090909090909,1.3239907433487623,9.705715735846532,17.5063
11.25,5.08,14.729999542236328,5675.8614,6.204090909090909,1.3239907433487623,9.705715735846532,17.4732
11.25,5.08,13.960000038146973,5675.8614,6.204090909090909,1.3239907433487623,9.705715735846532,17.4192
11.25,5.08,13.93999958,5675.8614,6.204090909090909,1.3239907433487623,9.705715735846532,17.3608
11.25,5.08,13.649999618530272,5675.8614,6.204090909090909,1.3239907433487623,9.705715735846532,17.4085
11.25,5.08,13.829999923706056,5675.8614,6.204090909090909,1.3239907433487623,9.705715735846532,17.284
11.25,5.08,15.010000228881836,5675.8614,6.204090909090909,1.3239907433487623,9.705715735846532,17.312
11.25,5.08,14.609999656677246,5675.8614,6.204090909090909,1.3239907433487623,9.705715735846532,17.2185
11.25,5.08,13.880000114440918,5675.8614,6.204090909090909,1.3239907433487623,9.705715735846532,17.1247
11.25,5.07,14.5,5675.8614,6.204090909090909,1.3239907433487623,9.705715735846532,17.1762
11.25,5.08,13.539999961853027,5675.8614,6.204090909090909,1.3239907433487623,9.705715735846532,17.0792
11.25,5.08,13.539999961853027,5675.8614,6.204090909090909,1.3239907433487623,9.705715735846532,17.0945
11.25,5.07,13.880000114440918,5675.8614,6.204090909090909,1.3239907433487623,9.705715735846532,17.2043
11.25,5.07,13.199999809265137,5675.8614,6.204090909090909,1.3239907433487623,9.705715735846532,17.1547
11.25,5.07,12.90999984741211,5675.8614,6.204090909090909,1.3239907433487623,9.705715735846532,17.1713
11.25,5.07,13.43999958,5675.8614,6.204090909090909,1.3239907433487623,9.705715735846532,17.1795
11.25,5.07,14.25,5675.8614,6.204090909090909,1.3239907433487623,9.705715735846532,17.1445
11.25,5.07,13.739999771118164,5675.8614,6.204090909090909,1.3239907433487623,9.705715735846532,17.1013
11.25,5.07,13.43000030517578,5675.8614,6.204090909090909,1.3239907433487623,9.705715735846532,17.072
11.25,5.07,13.539999961853027,5675.8614,6.204090909090909,1.3239907433487623,9.705715735846532,17.1187
11.25,5.08,13.59000015258789,5584.4913,6.174285714285714,1.2459454559885657,8.432043797410449,17.1358
11.25,5.08,13.56999969482422,5584.4913,6.174285714285714,1.2459454559885657,8.432043797410449,17.0517
11.25,5.08,13.56999969482422,5584.4913,6.174285714285714,1.2459454559885657,8.432043797410449,17.026
11.25,5.08,14.18000030517578,5584.4913,6.174285714285714,1.2459454559885657,8.432043797410449,17.004
11.25,5.08,15.43999958,5584.4913,6.174285714285714,1.2459454559885657,8.432043797410449,17.2825
11.25,5.08,14.829999923706056,5584.4913,6.174285714285714,1.2459454559885657,8.432043797410449,17.1012
11.25,5.07,15.06999969482422,5584.4913,6.174285714285714,1.2459454559885657,8.432043797410449,17.0605
11.25,5.08,14.84000015258789,5584.4913,6.174285714285714,1.2459454559885657,8.432043797410449,17.0783
11.25,5.08,13.539999961853027,5584.4913,6.174285714285714,1.2459454559885657,8.432043797410449,16.8537
11.25,5.08,13.609999656677246,5584.4913,6.174285714285714,1.2459454559885657,8.432043797410449,16.8905
11.25,5.08,13.34000015258789,5584.4913,6.174285714285714,1.2459454559885657,8.432043797410449,16.7892
11.25,5.08,13.479999542236328,5584.4913,6.174285714285714,1.2459454559885657,8.432043797410449,16.7858
11.25,5.08,13.300000190734863,5584.4913,6.174285714285714,1.2459454559885657,8.432043797410449,16.748
11.25,5.08,13.760000228881836,5584.4913,6.174285714285714,1.2459454559885657,8.432043797410449,16.7667
11.25,5.08,13.989999771118164,5584.4913,6.174285714285714,1.2459454559885657,8.432043797410449,16.846
11.25,5.08,13.600000381469728,5584.4913,6.174285714285714,1.2459454559885657,8.432043797410449,16.9393
11.25,5.08,13.90999984741211,5584.4913,6.174285714285714,1.2459454559885657,8.432043797410449,16.8367
11.25,5.08,13.859999656677246,5584.4913,6.174285714285714,1.2459454559885657,8.432043797410449,16.9075
11.25,5.08,13.18999958,5584.4913,6.174285714285714,1.2459454559885657,8.432043797410449,16.8825
11.25,5.33,14.40999984741211,5584.4913,6.174285714285714,1.2459454559885657,8.432043797410449,16.7338
11.25,5.33,13.329999923706056,5584.4913,6.174285714285714,1.2459454559885657,8.432043797410449,16.6895
11.25,5.33,13.630000114440918,5668.486,6.133,1.3176909230312146,6.095057738051879,16.7303
11.25,5.33,13.93000030517578,5668.486,6.133,1.3176909230312146,6.095057738051879,16.8533
11.25,5.33,16.09000015258789,5668.486,6.133,1.3176909230312146,6.095057738051879,17.0193
11.25,5.33,15.920000076293944,5668.486,6.133,1.3176909230312146,6.095057738051879,17.2892
11.25,5.33,17.100000381469727,5668.486,6.133,1.3176909230312146,6.095057738051879,17.0555
11.25,5.33,15.770000457763672,5668.486,6.133,1.3176909230312146,6.095057738051879,17.0608
11.25,5.33,15.989999771118164,5668.486,6.133,1.3176909230312146,6.095057738051879,17.1122
11.25,5.33,15.960000038146973,5668.486,6.133,1.3176909230312146,6.095057738051879,17.0767
11.25,5.33,15.850000381469728,5668.486,6.133,1.3176909230312146,6.095057738051879,16.9548
11.25,5.33,14.84000015258789,5668.486,6.133,1.3176909230312146,6.095057738051879,17.0045
11.25,5.33,14.81999969482422,5668.486,6.133,1.3176909230312146,6.095057738051879,17.0672
11.25,5.33,16.459999084472656,5668.486,6.133,1.3176909230312146,6.095057738051879,17.1388
11.25,5.33,16.780000686645508,5668.486,6.133,1.3176909230312146,6.095057738051879,17.0768
11.25,5.33,17.889999389648438,5668.486,6.133,1.3176909230312146,6.095057738051879,17.1225
11.25,5.33,17.299999237060547,5668.486,6.133,1.3176909230312146,6.095057738051879,17.0477
11.25,5.33,17.12999916,5668.486,6.133,1.3176909230312146,6.095057738051879,17.0202
11.25,5.33,16.969999313354492,5668.486,6.133,1.3176909230312146,6.095057738051879,16.9267
11.25,5.33,15.979999542236328,5668.486,6.133,1.3176909230312146,6.095057738051879,16.8077
11.25,5.33,17.200000762939453,5668.486,6.133,1.3176909230312146,6.095057738051879,16.809
11.25,5.33,15.68000030517578,5668.486,6.133,1.3176909230312146,6.095057738051879,16.7718
11.25,5.33,15.079999923706056,5668.486,6.133,1.3176909230312146,6.095057738051879,16.7432
11.25,5.33,14.449999809265137,5668.486,6.133,1.3176909230312146,6.095057738051879,16.8402
11.25,5.33,13.880000114440918,5668.486,6.133,1.3176909230312146,6.095057738051879,16.7477
11.25,5.33,13.56999969482422,5568.2516,5.92,1.232074046707593,7.90883921245531,16.917
11.25,5.33,13.09000015258789,5568.2516,5.92,1.232074046707593,7.90883921245531,17.1113
11.25,5.33,13.09000015258789,5568.2516,5.92,1.232074046707593,7.90883921245531,17.175
11.25,5.33,14.010000228881836,5568.2516,5.92,1.232074046707593,7.90883921245531,17.3492
11.25,5.33,14.449999809265137,5568.2516,5.92,1.232074046707593,7.90883921245531,17.5805
11.25,5.33,14.399999618530272,5568.2516,5.92,1.232074046707593,7.90883921245531,17.5543
11.25,5.33,13.84000015258789,5568.2516,5.92,1.232074046707593,7.90883921245531,17.5767
11.25,5.33,13.800000190734863,5568.2516,5.92,1.232074046707593,7.90883921245531,17.3813
11.25,5.33,14.229999542236328,5568.2516,5.92,1.232074046707593,7.90883921245531,17.2553
11.25,5.33,13.479999542236328,5568.2516,5.92,1.232074046707593,7.90883921245531,17.1235
11.25,5.33,12.81999969482422,5568.2516,5.92,1.232074046707593,7.90883921245531,17.1042
11.25,5.33,13.789999961853027,5568.2516,5.92,1.232074046707593,7.90883921245531,17.0807
11.25,5.33,14.0,5568.2516,5.92,1.232074046707593,7.90883921245531,17.1307
11.25,5.33,14.109999656677246,5568.2516,5.92,1.232074046707593,7.90883921245531,17.0805
11.25,5.33,15.140000343322754,5568.2516,5.92,1.232074046707593,7.90883921245531,17.024
11.25,5.33,17.540000915527344,5568.2516,5.92,1.232074046707593,7.90883921245531,17.1675
11.25,5.33,17.200000762939453,5568.2516,5.92,1.232074046707593,7.90883921245531,17.1568
11.25,5.33,16.899999618530273,5568.2516,5.92,1.232074046707593,7.90883921245531,17.3733
11.25,5.33,18.940000534057617,5568.2516,5.92,1.232074046707593,7.90883921245531,17.4758
11.25,5.33,18.21999931335449,5568.2516,5.92,1.232074046707593,7.90883921245531,17.7287
11.25,5.33,17.34000015258789,5568.2516,5.92,1.232074046707593,7.90883921245531,17.6195
11.25,5.33,17.520000457763672,5568.2516,5.92,1.232074046707593,7.90883921245531,17.4127
11.25,5.33,17.610000610351562,5568.2516,5.92,1.232074046707593,7.90883921245531,17.592
11.25,5.33,19.780000686645508,5568.2516,5.92,1.232074046707593,7.90883921245531,17.9025
11.25,5.33,18.57999992370605,5568.2516,5.92,1.232074046707593,7.90883921245531,18.017
11.25,5.33,18.489999771118164,5568.2516,5.92,1.232074046707593,7.90883921245531,18.2407
11.25,5.33,17.450000762939453,5568.2516,5.92,1.232074046707593,7.90883921245531,18.1837
11.25,5.33,17.700000762939453,5568.2516,5.92,1.232074046707593,7.90883921245531,18.3482
11.25,5.33,17.030000686645508,5568.2516,5.92,1.232074046707593,7.90883921245531,17.9917
11.25,5.33,16.09000015258789,5568.2516,5.92,1.232074046707593,7.90883921245531,17.842
11.25,5.33,16.690000534057617,5568.2516,5.92,1.232074046707593,7.90883921245531,17.9132
11.25,5.33,19.31999969482422,5568.2516,5.92,1.232074046707593,7.90883921245531,18.0362
11.25,5.33,17.209999084472656,5568.2516,5.92,1.232074046707593,7.90883921245531,17.9568
11.25,5.33,17.87999916,5568.2516,5.92,1.232074046707593,7.90883921245531,17.9097
11.25,5.33,19.21999931335449,5568.2516,5.92,1.232074046707593,7.90883921245531,18.244
11.25,5.33,21.399999618530277,5568.2516,5.92,1.232074046707593,7.90883921245531,18.2873
11.25,5.33,21.709999084472656,5568.2516,5.92,1.232074046707593,7.90883921245531,18.2343
11.25,5.33,20.37000084,5568.2516,5.92,1.232074046707593,7.90883921245531,18.1218
11.25,5.33,18.96999931335449,5568.2516,5.92,1.232074046707593,7.90883921245531,18.2842
11.25,5.33,20.190000534057617,5568.2516,5.92,1.232074046707593,7.90883921245531,18.3122
11.25,5.33,20.68000030517578,5568.2516,5.92,1.232074046707593,7.90883921245531,18.2178
11.25,5.33,21.270000457763672,5568.2516,5.92,1.232074046707593,7.90883921245531,18.0752
11.25,5.33,19.75,5568.2516,5.92,1.232074046707593,7.90883921245531,18.064
11.25,5.33,18.13999938964844,5817.8255,5.92,1.4452517355040926,7.644412789516752,18.0368
11.25,5.33,16.87000084,5817.8255,5.92,1.4452517355040926,7.644412789516752,17.9305
11.25,5.33,15.65999984741211,5817.8255,5.92,1.4452517355040926,7.644412789516752,17.9305
11.25,5.33,14.90999984741211,5817.8255,5.92,1.4452517355040926,7.644412789516752,17.4117
11.25,5.33,14.890000343322754,5817.8255,5.92,1.4452517355040926,7.644412789516752,17.5308
11.25,5.33,14.81000042,5817.8255,5.92,1.4452517355040926,7.644412789516752,17.5097
11.25,5.33,14.449999809265137,5817.8255,5.92,1.4452517355040926,7.644412789516752,17.5017
11.25,5.33,15.289999961853027,5817.8255,5.92,1.4452517355040926,7.644412789516752,17.4888
11.25,5.33,14.170000076293944,5817.8255,5.92,1.4452517355040926,7.644412789516752,17.748
11.25,5.33,14.760000228881836,5817.8255,5.92,1.4452517355040926,7.644412789516752,17.6138
11.25,5.33,14.15999984741211,5817.8255,5.92,1.4452517355040926,7.644412789516752,17.3917
11.25,5.33,14.18000030517578,5817.8255,5.92,1.4452517355040926,7.644412789516752,17.3387
11.25,5.33,14.31999969482422,5817.8255,5.92,1.4452517355040926,7.644412789516752,17.2708
11.25,5.33,13.800000190734863,5817.8255,5.92,1.4452517355040926,7.644412789516752,17.2175
11.25,5.33,13.40999984741211,5817.8255,5.92,1.4452517355040926,7.644412789516752,17.2175
11.25,5.33,13.350000381469728,5817.8255,5.92,1.4452517355040926,7.644412789516752,17.2102
11.25,5.33,12.850000381469728,5817.8255,5.92,1.4452517355040926,7.644412789516752,17.2133
11.25,5.33,12.850000381469728,5817.8255,5.92,1.4452517355040926,7.644412789516752,17.1787
11.25,5.33,12.460000038146973,5817.8255,5.92,1.4452517355040926,7.644412789516752,17.1268
11.25,5.33,12.68999958,5817.8255,5.92,1.4452517355040926,7.644412789516752,17.1555
11.25,5.33,12.68999958,5817.8255,5.92,1.4452517355040926,7.644412789516752,17.1357
11.25,5.33,12.979999542236328,5817.8255,5.92,1.4452517355040926,7.644412789516752,17.187
11.25,5.33,12.920000076293944,4913.0678,5.92,0.6724379300266914,1.222185915785445,17.373
11.25,5.33,12.630000114440918,4913.0678,5.92,0.6724379300266914,1.222185915785445,17.2143
11.25,5.33,13.079999923706056,4913.0678,5.92,0.6724379300266914,1.222185915785445,17.406
11.25,5.33,12.850000381469728,4913.0678,5.92,0.6724379300266914,1.222185915785445,17.4215
11.25,5.33,12.970000267028809,4913.0678,5.92,0.6724379300266914,1.222185915785445,17.2685
11.25,5.33,13.06000042,4913.0678,5.92,0.6724379300266914,1.222185915785445,17.4197
11.25,5.33,12.350000381469728,4913.0678,5.92,0.6724379300266914,1.222185915785445,17.3688
11.25,5.33,12.630000114440918,4913.0678,5.92,0.6724379300266914,1.222185915785445,17.447
11.25,5.33,12.06999969482422,4913.0678,5.92,0.6724379300266914,1.222185915785445,17.447
11.25,5.33,12.18999958,4913.0678,5.92,0.6724379300266914,1.222185915785445,17.398
11.25,5.33,12.479999542236328,4913.0678,5.92,0.6724379300266914,1.222185915785445,17.299
11.25,5.33,12.279999732971191,4913.0678,5.92,0.6724379300266914,1.222185915785445,17.1908
11.25,5.33,12.56000042,4913.0678,5.92,0.6724379300266914,1.222185915785445,17.2277
11.25,5.33,12.529999732971191,4913.0678,5.92,0.6724379300266914,1.222185915785445,17.0652
11.25,5.33,13.670000076293944,4913.0678,5.92,0.6724379300266914,1.222185915785445,17.0673
11.25,5.33,13.649999618530272,4913.0678,5.92,0.6724379300266914,1.222185915785445,17.059
11.25,5.33,13.029999732971191,4913.0678,5.92,0.6724379300266914,1.222185915785445,16.9738
11.25,5.33,13.029999732971191,4913.0678,5.92,0.6724379300266914,1.222185915785445,16.9738
11.25,5.33,12.989999771118164,4913.0678,5.92,0.6724379300266914,1.222185915785445,16.9727
11.25,5.33,12.43000030517578,4913.0678,5.92,0.6724379300266914,1.222185915785445,16.922
11.25,5.33,12.470000267028809,4913.0678,5.92,0.6724379300266914,1.222185915785445,16.8935
11.25,5.33,12.449999809265137,4913.0678,5.92,0.6724379300266914,1.222185915785445,16.919
11.25,5.33,12.449999809265137,4913.0678,5.92,0.6724379300266914,1.222185915785445,16.919
11.25,5.33,13.199999809265137,4913.0678,5.92,0.6724379300266914,1.222185915785445,17.0297
11.25,5.33,14.039999961853027,4913.0678,5.92,0.6724379300266914,1.222185915785445,17.0492
11.25,5.33,14.130000114440918,4913.0678,5.92,0.6724379300266914,1.222185915785445,17.0458
11.25,5.33,13.350000381469728,4913.0678,5.92,0.6724379300266914,1.222185915785445,16.8987
11.25,5.33,13.079999923706056,4913.0678,5.92,0.6724379300266914,1.222185915785445,16.8133
11.25,5.33,12.760000228881836,4913.0678,5.92,0.6724379300266914,1.222185915785445,16.9347
11.25,5.33,12.68999958,4913.0678,5.92,0.6724379300266914,1.222185915785445,16.9912
11.25,5.33,12.43999958,4913.0678,5.92,0.6724379300266914,1.222185915785445,16.9898
11.25,5.33,12.699999809265137,4913.0678,5.92,0.6724379300266914,1.222185915785445,16.858
11.25,5.33,12.699999809265137,4913.0678,5.92,0.6724379300266914,1.222185915785445,16.8983
11.25,5.33,13.84000015258789,4913.0678,5.92,0.6724379300266914,1.222185915785445,17.1598
11.25,5.33,14.789999961853027,4913.0678,5.92,0.6724379300266914,1.222185915785445,17.2957
11.25,5.33,14.130000114440918,4913.0678,5.92,0.6724379300266914,1.222185915785445,17.1995
11.25,5.33,13.300000190734863,4913.0678,5.92,0.6724379300266914,1.222185915785445,17.1325
11.25,5.33,13.18999958,4913.0678,5.92,0.6724379300266914,1.222185915785445,17.1125
11.25,5.33,12.550000190734863,4913.0678,5.92,0.6724379300266914,1.222185915785445,17.352
11.25,5.33,13.140000343322754,4913.0678,5.92,0.6724379300266914,1.222185915785445,17.1673
11.25,5.33,13.449999809265137,4913.0678,5.92,0.6724379300266914,1.222185915785445,17.2375
11.25,5.33,13.260000228881836,4913.0678,5.92,0.6724379300266914,1.222185915785445,17.1657
11.25,5.33,13.600000381469728,4913.0678,5.92,0.6724379300266914,1.222185915785445,17.2333
11.25,5.33,13.31000042,4913.0678,5.92,0.6724379300266914,1.222185915785445,17.1932
11.25,5.33,14.350000381469728,4584.9072,5.92,0.392134107142678,3.385411998303667,17.1633
11.25,5.33,13.880000114440918,4584.9072,5.92,0.392134107142678,3.385411998303667,17.1335
11.25,5.33,13.850000381469728,4584.9072,5.92,0.392134107142678,3.385411998303667,17.1447
11.25,5.33,13.670000076293944,4584.9072,5.92,0.392134107142678,3.385411998303667,17.1447
11.25,5.33,13.06000042,4584.9072,5.92,0.392134107142678,3.385411998303667,17.0357
11.25,5.33,12.829999923706056,4584.9072,5.92,0.392134107142678,3.385411998303667,17.0398
11.25,5.33,12.789999961853027,4584.9072,5.92,0.392134107142678,3.385411998303667,17.1023
11.25,5.33,12.93000030517578,4584.9072,5.92,0.392134107142678,3.385411998303667,17.0855
11.25,5.33,13.93000030517578,4584.9072,5.92,0.392134107142678,3.385411998303667,17.068
11.25,5.33,15.850000381469728,4584.9072,5.92,0.392134107142678,3.385411998303667,17.1982
11.25,5.33,14.380000114440918,4584.9072,5.92,0.392134107142678,3.385411998303667,17.1105
11.25,5.33,14.010000228881836,4584.9072,5.92,0.392134107142678,3.385411998303667,17.068
11.25,5.33,14.239999771118164,4584.9072,5.92,0.392134107142678,3.385411998303667,17.0602
11.25,5.33,14.239999771118164,4584.9072,5.92,0.392134107142678,3.385411998303667,17.05
11.25,5.33,15.420000076293944,4584.9072,5.92,0.392134107142678,3.385411998303667,17.0458
11.25,5.33,15.34000015258789,4584.9072,5.92,0.392134107142678,3.385411998303667,17.0603
11.25,5.33,14.539999961853027,4584.9072,5.92,0.392134107142678,3.385411998303667,17.121
11.25,5.33,13.75,4584.9072,5.92,0.392134107142678,3.385411998303667,17.126
11.25,5.33,13.739999771118164,4584.9072,5.92,0.392134107142678,3.385411998303667,17.126
11.25,5.33,13.43000030517578,4584.9072,5.92,0.392134107142678,3.385411998303667,17.0605
11.25,5.33,13.84000015258789,4584.9072,5.92,0.392134107142678,3.385411998303667,17.0962
11.25,5.33,13.399999618530272,4506.6428,5.92,0.3252832709492911,3.69271739870467,17.0633
11.25,5.33,13.109999656677246,4506.6428,5.92,0.3252832709492911,3.69271739870467,17.0217
11.25,5.33,13.489999771118164,4506.6428,5.92,0.3252832709492911,3.69271739870467,16.9828
11.25,5.33,14.460000038146973,4506.6428,5.92,0.3252832709492911,3.69271739870467,16.9257
11.25,5.33,14.5,4506.6428,5.92,0.3252832709492911,3.69271739870467,16.8728
11.25,5.33,14.43999958,4506.6428,5.92,0.3252832709492911,3.69271739870467,16.877
11.25,5.33,14.739999771118164,4506.6428,5.92,0.3252832709492911,3.69271739870467,16.7985
11.25,5.33,15.220000267028809,4506.6428,5.92,0.3252832709492911,3.69271739870467,16.8083
11.25,5.33,13.84000015258789,4506.6428,5.92,0.3252832709492911,3.69271739870467,16.8272
11.25,5.33,13.75,4506.6428,5.92,0.3252832709492911,3.69271739870467,16.7127
11.25,5.33,14.399999618530272,4506.6428,5.92,0.3252832709492911,3.69271739870467,16.692
11.25,5.33,14.40999984741211,4506.6428,5.92,0.3252832709492911,3.69271739870467,16.71
11.25,5.33,14.329999923706056,4506.6428,5.92,0.3252832709492911,3.69271739870467,16.71
11.25,5.33,13.81999969482422,4506.6428,5.92,0.3252832709492911,3.69271739870467,16.8523
11.25,5.33,13.039999961853027,4506.6428,5.92,0.3252832709492911,3.69271739870467,16.759
11.25,5.33,12.920000076293944,4506.6428,5.92,0.3252832709492911,3.69271739870467,16.762
11.0,5.33,13.06000042,4506.6428,5.92,0.3252832709492911,3.69271739870467,16.7367
11.0,5.33,13.18999958,4506.6428,5.92,0.3252832709492911,3.69271739870467,16.7032
11.0,5.33,13.239999771118164,4506.6428,5.92,0.3252832709492911,3.69271739870467,16.678
11.0,5.33,12.779999732971191,4506.6428,5.92,0.3252832709492911,3.69271739870467,16.5323
11.0,5.33,13.010000228881836,4506.6428,5.92,0.3252832709492911,3.69271739870467,16.5323
11.0,5.33,13.010000228881836,4506.6428,5.92,0.3252832709492911,3.69271739870467,16.5323
11.0,5.33,13.649999618530272,4506.6428,5.92,0.3252832709492911,3.69271739870467,16.6578
11.0,5.33,14.609999656677246,4506.6428,5.92,0.3252832709492911,3.69271739870467,16.5673
11.0,5.33,14.329999923706056,4506.6428,5.92,0.3252832709492911,3.69271739870467,16.5415
11.0,5.33,16.350000381469727,4506.6428,5.92,0.3252832709492911,3.69271739870467,16.5173
11.0,5.33,16.030000686645508,4506.6428,5.92,0.3252832709492911,3.69271739870467,16.4758
11.0,5.33,15.18999958,4506.6428,5.92,0.3252832709492911,3.69271739870467,16.3357
11.0,5.33,14.979999542236328,4506.6428,5.92,0.3252832709492911,3.69271739870467,16.3932
11.0,5.33,15.800000190734863,4506.6428,5.92,0.3252832709492911,3.69271739870467,16.4883
11.0,5.33,14.90999984741211,4506.6428,5.92,0.3252832709492911,3.69271739870467,16.4583
11.0,5.33,17.309999465942383,4506.6428,5.92,0.3252832709492911,3.69271739870467,16.6693
11.0,5.33,19.229999542236328,4506.6428,5.92,0.3252832709492911,3.69271739870467,16.6815
11.0,5.33,18.399999618530277,4506.6428,5.92,0.3252832709492911,3.69271739870467,17.0252
11.0,5.33,18.209999084472656,4506.6428,5.92,0.3252832709492911,3.69271739870467,16.9948
11.0,5.33,18.0,4506.6428,5.92,0.3252832709492911,3.69271739870467,17.1145
11.0,5.33,18.709999084472656,4506.6428,5.92,0.3252832709492911,3.69271739870467,17.212
11.0,5.33,16.940000534057617,4506.6428,5.92,0.3252832709492911,3.69271739870467,17.1243
11.0,5.33,15.68999958,4506.6428,5.92,0.3252832709492911,3.69271739870467,16.9995
11.0,5.33,15.970000267028809,4506.6428,5.92,0.3252832709492911,3.69271739870467,17.1098
11.0,5.33,15.369999885559082,4506.6428,5.92,0.3252832709492911,3.69271739870467,17.1883
11.0,5.33,15.029999732971191,4506.6428,5.92,0.3252832709492911,3.69271739870467,17.1552
11.0,5.33,14.670000076293944,4506.6428,5.92,0.3252832709492911,3.69271739870467,17.0243
11.0,5.33,15.649999618530272,5432.7931,5.67,1.1163699207639728,8.508258216348308,17.0958
11.0,5.33,15.390000343322754,5432.7931,5.67,1.1163699207639728,8.508258216348308,17.0958
11.0,5.33,14.68000030517578,5432.7931,5.67,1.1163699207639728,8.508258216348308,16.9393
11.0,5.33,13.489999771118164,5432.7931,5.67,1.1163699207639728,8.508258216348308,17.0042
11.0,5.33,13.489999771118164,5432.7931,5.67,1.1163699207639728,8.508258216348308,16.8947
11.0,5.33,13.229999542236328,5432.7931,5.67,1.1163699207639728,8.508258216348308,16.9083
11.0,5.33,13.0,5432.7931,5.67,1.1163699207639728,8.508258216348308,16.9087
11.0,5.33,12.68999958,5432.7931,5.67,1.1163699207639728,8.508258216348308,16.866
11.0,5.33,12.550000190734863,5432.7931,5.67,1.1163699207639728,8.508258216348308,16.769
11.0,5.33,13.600000381469728,5432.7931,5.67,1.1163699207639728,8.508258216348308,16.8072
11.0,5.33,13.420000076293944,5432.7931,5.67,1.1163699207639728,8.508258216348308,16.846
11.0,5.33,12.449999809265137,5432.7931,5.67,1.1163699207639728,8.508258216348308,16.6782
11.0,5.33,12.420000076293944,5432.7931,5.67,1.1163699207639728,8.508258216348308,16.6893
11.0,5.33,11.989999771118164,5432.7931,5.67,1.1163699207639728,8.508258216348308,16.6217
11.0,5.33,12.149999618530272,5432.7931,5.67,1.1163699207639728,8.508258216348308,16.5668
11.0,5.33,11.859999656677246,5432.7931,5.67,1.1163699207639728,8.508258216348308,16.6138
11.0,5.33,12.289999961853027,5432.7931,5.67,1.1163699207639728,8.508258216348308,16.6405
11.0,5.33,12.770000457763672,5432.7931,5.67,1.1163699207639728,8.508258216348308,16.6945
11.0,5.33,11.93000030517578,5432.7931,5.67,1.1163699207639728,8.508258216348308,16.7023
11.0,5.33,11.93000030517578,5432.7931,5.67,1.1163699207639728,8.508258216348308,16.6568
11.0,5.33,12.920000076293944,5432.7931,5.67,1.1163699207639728,8.508258216348308,16.7457
11.0,5.33,14.279999732971191,5432.7931,5.67,1.1163699207639728,8.508258216348308,16.95
11.0,5.33,14.470000267028809,5432.7931,5.67,1.1163699207639728,8.508258216348308,16.9377
11.0,5.33,12.920000076293944,5634.772,5.67,1.2888935503889425,-0.7239324061013908,17.0177
11.0,5.33,13.109999656677246,5634.772,5.67,1.2888935503889425,-0.7239324061013908,17.6338
11.0,5.33,13.15999984741211,5634.772,5.67,1.2888935503889425,-0.7239324061013908,17.8607
11.0,5.33,12.630000114440918,5634.772,5.67,1.2888935503889425,-0.7239324061013908,17.5592
11.0,5.33,12.579999923706056,5634.772,5.67,1.2888935503889425,-0.7239324061013908,17.5335
11.0,5.33,12.220000267028809,5634.772,5.67,1.2888935503889425,-0.7239324061013908,18.2622
11.0,5.33,12.739999771118164,5634.772,5.67,1.2888935503889425,-0.7239324061013908,18.3848
11.0,5.33,12.850000381469728,5634.772,5.67,1.2888935503889425,-0.7239324061013908,18.4457
11.0,5.33,12.039999961853027,5634.772,5.67,1.2888935503889425,-0.7239324061013908,18.7832
11.0,5.33,11.93999958,5634.772,5.67,1.2888935503889425,-0.7239324061013908,18.5385
11.0,5.33,12.65999984741211,5634.772,5.67,1.2888935503889425,-0.7239324061013908,18.4512
11.0,5.33,12.75,5634.772,5.67,1.2888935503889425,-0.7239324061013908,18.5248
11.0,5.33,12.300000190734863,5634.772,5.67,1.2888935503889425,-0.7239324061013908,18.4128
11.0,5.33,12.300000190734863,5634.772,5.67,1.2888935503889425,-0.7239324061013908,18.423
11.0,5.33,13.279999732971191,5634.772,5.67,1.2888935503889425,-0.7239324061013908,18.4027
11.0,5.33,13.199999809265137,5634.772,5.67,1.2888935503889425,-0.7239324061013908,18.1848
11.0,5.33,13.329999923706056,5634.772,5.67,1.2888935503889425,-0.7239324061013908,17.9627
11.0,5.33,12.84000015258789,5634.772,5.67,1.2888935503889425,-0.7239324061013908,18.1372
11.0,5.33,12.550000190734863,5634.772,5.67,1.2888935503889425,-0.7239324061013908,18.2215
11.0,5.33,12.239999771118164,5634.772,5.67,1.2888935503889425,-0.7239324061013908,18.3773
11.0,5.33,12.43999958,5634.772,5.67,1.2888935503889425,-0.7239324061013908,18.2478
11.0,5.33,12.220000267028809,5634.772,5.67,1.2888935503889425,-0.7239324061013908,18.3897
11.0,5.33,12.029999732971191,5634.772,5.67,1.2888935503889425,-0.7239324061013908,18.2485
11.0,5.33,12.09000015258789,5634.772,5.67,1.2888935503889425,-0.7239324061013908,18.1355
11.0,5.33,12.09000015258789,5634.772,5.67,1.2888935503889425,-0.7239324061013908,18.0958
11.0,5.33,12.479999542236328,5634.772,5.67,1.2888935503889425,-0.7239324061013908,18.0977
11.0,5.33,12.369999885559082,5634.772,5.67,1.2888935503889425,-0.7239324061013908,18.0095
11.0,5.33,12.510000228881836,5634.772,5.67,1.2888935503889425,-0.7239324061013908,17.9428
11.0,5.33,12.850000381469728,5634.772,5.67,1.2888935503889425,-0.7239324061013908,17.8288
11.0,5.33,12.920000076293944,5634.772,5.67,1.2888935503889425,-0.7239324061013908,17.8192
11.0,5.33,12.460000038146973,5634.772,5.67,1.2888935503889425,-0.7239324061013908,17.6502
11.0,5.33,13.119999885559082,5634.772,5.67,1.2888935503889425,-0.7239324061013908,17.7837
11.0,5.33,13.18999958,5634.772,5.67,1.2888935503889425,-0.7239324061013908,17.6795
11.0,5.33,14.479999542236328,5634.772,5.67,1.2888935503889425,-0.7239324061013908,17.7438
11.0,5.33,15.93000030517578,5634.772,5.67,1.2888935503889425,-0.7239324061013908,17.8907
11.0,5.33,16.520000457763672,5634.772,5.67,1.2888935503889425,-0.7239324061013908,17.997
11.0,5.33,14.90999984741211,5634.772,5.67,1.2888935503889425,-0.7239324061013908,17.9107
11.0,5.33,14.720000267028809,5634.772,5.67,1.2888935503889425,-0.7239324061013908,18.0987
11.0,5.33,18.040000915527344,5634.772,5.67,1.2888935503889425,-0.7239324061013908,18.3458
11.0,5.33,18.459999084472656,5634.772,5.67,1.2888935503889425,-0.7239324061013908,18.385
11.0,5.33,16.389999389648438,5634.772,5.67,1.2888935503889425,-0.7239324061013908,18.4475
11.0,5.33,16.600000381469727,5634.772,5.67,1.2888935503889425,-0.7239324061013908,18.6818
11.0,5.33,17.690000534057617,5634.772,5.67,1.2888935503889425,-0.7239324061013908,18.79
11.0,5.33,16.360000610351562,5612.8909,5.67,1.270203445669158,-0.980775113495902,18.597
11.0,5.33,18.59000015258789,5612.8909,5.67,1.270203445669158,-0.980775113495902,18.706
11.0,5.33,23.38999938964844,5612.8909,5.67,1.270203445669158,-0.980775113495902,19.0442
11.0,5.33,38.56999969482422,5612.8909,5.67,1.270203445669158,-0.980775113495902,19.3905
11.0,5.33,27.709999084472656,5612.8909,5.67,1.270203445669158,-0.980775113495902,19.33
11.0,5.33,27.850000381469727,5612.8909,5.67,1.270203445669158,-0.980775113495902,19.189
11.0,5.33,23.790000915527344,5612.8909,5.67,1.270203445669158,-0.980775113495902,19.09
10.75,5.33,20.37000084,5612.8909,5.67,1.270203445669158,-0.980775113495902,18.8368
10.75,5.33,20.709999084472656,5612.8909,5.67,1.270203445669158,-0.980775113495902,19.032
10.75,5.33,18.12000084,5612.8909,5.67,1.270203445669158,-0.980775113495902,19.0387
10.75,5.33,16.190000534057617,5612.8909,5.67,1.270203445669158,-0.980775113495902,18.8478
10.75,5.33,15.229999542236328,5612.8909,5.67,1.270203445669158,-0.980775113495902,18.6513
10.75,5.33,14.800000190734863,5612.8909,5.67,1.270203445669158,-0.980775113495902,18.6228
10.75,5.33,14.649999618530272,5612.8909,5.67,1.270203445669158,-0.980775113495902,18.7357
10.75,5.33,15.880000114440918,5612.8909,5.67,1.270203445669158,-0.980775113495902,18.9448
10.75,5.33,16.270000457763672,5612.8909,5.67,1.270203445669158,-0.980775113495902,19.2535
10.75,5.33,17.549999237060547,5612.8909,5.67,1.270203445669158,-0.980775113495902,19.4235
10.75,5.33,15.859999656677246,5612.8909,5.67,1.270203445669158,-0.980775113495902,19.0708
10.75,5.33,16.149999618530273,5612.8909,5.67,1.270203445669158,-0.980775113495902,19.382
10.75,5.33,15.43000030517578,5612.8909,5.67,1.270203445669158,-0.980775113495902,19.6692
10.75,5.33,17.110000610351562,5612.8909,5.67,1.270203445669158,-0.980775113495902,19.6037
10.75,5.33,15.649999618530272,5612.8909,5.67,1.270203445669158,-0.980775113495902,19.8168
10.75,5.33,15.0,5612.8909,5.67,1.270203445669158,-0.980775113495902,19.6535
10.75,5.33,15.0,5612.8909,5.67,1.270203445669158,-0.980775113495902,19.798
10.75,5.33,20.71999931335449,5612.8909,5.67,1.270203445669158,-0.980775113495902,19.8335
10.75,5.33,21.31999969482422,5612.8909,5.67,1.270203445669158,-0.980775113495902,19.846
10.75,5.33,19.899999618530277,5612.8909,5.67,1.270203445669158,-0.980775113495902,20.0028
10.75,5.33,22.37999916,5612.8909,5.67,1.270203445669158,-0.980775113495902,20.0172
10.75,5.33,19.450000762939453,5612.8909,5.67,1.270203445669158,-0.980775113495902,19.8798
10.75,5.33,19.07999992370605,5612.8909,5.67,1.270203445669158,-0.980775113495902,20.0583
10.75,5.33,17.690000534057617,5612.8909,5.67,1.270203445669158,-0.980775113495902,19.839
10.75,5.33,17.06999969482422,5612.8909,5.67,1.270203445669158,-0.980775113495902,19.5887
10.75,5.33,16.559999465942383,5612.8909,5.67,1.270203445669158,-0.980775113495902,19.2483
10.75,5.33,17.139999389648438,5612.8909,5.67,1.270203445669158,-0.980775113495902,19.2483
10.75,5.33,17.610000610351562,5612.8909,5.67,1.270203445669158,-0.980775113495902,19.267
10.75,5.33,18.229999542236328,5612.8909,5.67,1.270203445669158,-0.980775113495902,19.3033
10.75,4.83,16.329999923706055,5612.8909,5.67,1.270203445669158,-0.980775113495902,19.2773
10.75,4.83,16.149999618530273,5612.8909,5.67,1.270203445669158,-0.980775113495902,19.3725
10.75,4.83,15.890000343322754,5612.8909,5.67,1.270203445669158,-0.980775113495902,19.415
10.75,4.83,15.390000343322754,5612.8909,5.67,1.270203445669158,-0.980775113495902,19.3562
10.75,4.83,15.40999984741211,5612.8909,5.67,1.270203445669158,-0.980775113495902,19.587
10.75,4.83,15.369999885559082,5612.8909,5.67,1.270203445669158,-0.980775113495902,19.629
10.5,4.83,16.959999084472656,5612.8909,5.67,1.270203445669158,-0.980775113495902,19.6697
10.5,4.83,16.729999542236328,5386.9418,5.586666666666667,1.0772052718871672,-4.088011799563196,19.644
10.5,4.83,19.26000022888184,5386.9418,5.586666666666667,1.0772052718871672,-4.088011799563196,19.644
10.5,4.83,18.899999618530277,5386.9418,5.586666666666667,1.0772052718871672,-4.088011799563196,19.3885
10.5,4.83,20.489999771118164,5386.9418,5.586666666666667,1.0772052718871672,-4.088011799563196,19.4678
10.5,4.83,19.209999084472656,5386.9418,5.586666666666667,1.0772052718871672,-4.088011799563196,19.2127
10.5,4.83,22.63999938964844,5386.9418,5.586666666666667,1.0772052718871672,-4.088011799563196,19.3388
10.5,4.83,21.420000076293945,5386.9418,5.586666666666667,1.0772052718871672,-4.088011799563196,19.3532
10.5,4.83,20.86000061035156,5386.9418,5.586666666666667,1.0772052718871672,-4.088011799563196,19.4175
10.5,4.83,20.93000030517578,5386.9418,5.586666666666667,1.0772052718871672,-4.088011799563196,19.5113
10.5,4.83,20.459999084472656,5386.9418,5.586666666666667,1.0772052718871672,-4.088011799563196,19.3983
10.5,4.83,19.700000762939453,5386.9418,5.586666666666667,1.0772052718871672,-4.088011799563196,19.342
10.5,4.83,20.63999938964844,5386.9418,5.586666666666667,1.0772052718871672,-4.088011799563196,19.62
10.5,4.83,19.57999992370605,5386.9418,5.586666666666667,1.0772052718871672,-4.088011799563196,19.8925
10.5,4.83,19.11000061035156,5386.9418,5.586666666666667,1.0772052718871672,-4.088011799563196,19.9313
10.5,4.83,18.030000686645508,5386.9418,5.586666666666667,1.0772052718871672,-4.088011799563196,19.8325
10.5,4.83,18.37000084,5386.9418,5.586666666666667,1.0772052718871672,-4.088011799563196,20.0075
10.5,4.83,18.200000762939453,5386.9418,5.586666666666667,1.0772052718871672,-4.088011799563196,19.8985
10.5,4.83,19.239999771118164,5386.9418,5.586666666666667,1.0772052718871672,-4.088011799563196,19.9338
10.5,4.83,19.07999992370605,5386.9418,5.586666666666667,1.0772052718871672,-4.088011799563196,19.8385
10.5,4.83,20.32999992370605,5386.9418,5.586666666666667,1.0772052718871672,-4.088011799563196,19.9303
10.5,4.83,19.799999237060547,5386.9418,5.586666666666667,1.0772052718871672,-4.088011799563196,20.0007
10.5,4.83,19.34000015258789,5386.9418,5.586666666666667,1.0772052718871672,-4.088011799563196,20.0208
10.5,4.83,20.350000381469727,5386.9418,5.586666666666667,1.0772052718871672,-4.088011799563196,20.1617
10.5,4.83,23.15999984741211,5765.4959,5.67,1.4005535391636688,-0.8994700855156301,20.0378
10.5,4.83,21.87999916,5765.4959,5.67,1.4005535391636688,-0.8994700855156301,20.0908
10.5,4.83,21.979999542236328,5765.4959,5.67,1.4005535391636688,-0.8994700855156301,20.0367
10.5,4.83,20.489999771118164,5765.4959,5.67,1.4005535391636688,-0.8994700855156301,20.2695
10.5,4.83,16.270000457763672,5765.4959,5.67,1.4005535391636688,-0.8994700855156301,20.3093
10.5,4.83,15.199999809265137,5765.4959,5.67,1.4005535391636688,-0.8994700855156301,19.8277
10.5,4.58,14.93999958,5765.4959,5.67,1.4005535391636688,-0.8994700855156301,20.1332
10.5,4.58,14.970000267028809,5765.4959,5.67,1.4005535391636688,-0.8994700855156301,20.4502
10.5,4.58,14.710000038146973,5765.4959,5.67,1.4005535391636688,-0.8994700855156301,20.5693
10.5,4.58,14.020000457763672,5765.4959,5.67,1.4005535391636688,-0.8994700855156301,20.6025
10.5,4.58,14.31000042,5765.4959,5.67,1.4005535391636688,-0.8994700855156301,20.494
10.25,4.58,16.139999389648438,5765.4959,5.67,1.4005535391636688,-0.8994700855156301,20.3887
10.25,4.58,15.579999923706056,5765.4959,5.67,1.4005535391636688,-0.8994700855156301,20.3887
10.25,4.58,16.350000381469727,5765.4959,5.67,1.4005535391636688,-0.8994700855156301,20.1848
10.25,4.58,17.15999984741211,5765.4959,5.67,1.4005535391636688,-0.8994700855156301,20.2903
10.25,4.58,16.87000084,5765.4959,5.67,1.4005535391636688,-0.8994700855156301,20.3775
10.25,4.58,15.239999771118164,5765.4959,5.67,1.4005535391636688,-0.8994700855156301,20.4872
10.25,4.58,14.600000381469728,5765.4959,5.67,1.4005535391636688,-0.8994700855156301,20.2993
10.25,4.58,14.100000381469728,5765.4959,5.67,1.4005535391636688,-0.8994700855156301,20.7185
10.25,4.58,14.100000381469728,5765.4959,5.67,1.4005535391636688,-0.8994700855156301,20.6418
10.25,4.58,14.100000381469728,5765.4959,5.67,1.4005535391636688,-0.8994700855156301,20.4173
10.25,4.58,13.510000228881836,5765.4959,5.67,1.4005535391636688,-0.8994700855156301,20.3212
10.25,4.58,13.34000015258789,5765.4959,5.67,1.4005535391636688,-0.8994700855156301,20.4357
10.25,4.58,13.300000190734863,5765.4959,5.67,1.4005535391636688,-0.8994700855156301,20.3233
10.25,4.58,13.449999809265137,5765.4959,5.67,1.4005535391636688,-0.8994700855156301,20.283
10.25,4.58,13.539999961853027,5765.4959,5.67,1.4005535391636688,-0.8994700855156301,20.1963
10.25,4.58,12.770000457763672,5765.4959,5.67,1.4005535391636688,-0.8994700855156301,20.2275
10.25,4.58,14.18999958,5765.4959,5.67,1.4005535391636688,-0.8994700855156301,20.1547
10.25,4.58,14.18000030517578,5765.4959,5.67,1.4005535391636688,-0.8994700855156301,20.2485
10.25,4.58,13.579999923706056,5765.4959,5.67,1.4005535391636688,-0.8994700855156301,20.1647
10.25,4.58,13.920000076293944,5765.4959,5.67,1.4005535391636688,-0.8994700855156301,20.1647
10.25,4.58,13.81000042,5765.4959,5.67,1.4005535391636688,-0.8994700855156301,20.142
10.25,4.58,14.68999958,5765.4959,5.67,1.4005535391636688,-0.8994700855156301,20.1448
10.25,4.58,15.869999885559082,5765.4959,5.67,1.4005535391636688,-0.8994700855156301,20.2363
10.25,4.58,27.62000084,5765.4959,5.67,1.4005535391636688,-0.8994700855156301,20.1395
10.25,4.33,24.09000015258789,5765.4959,5.67,1.4005535391636688,-0.8994700855156301,20.4402
10.0,4.33,18.36000061035156,5765.4959,5.67,1.4005535391636688,-0.8994700855156301,20.1035
10.0,4.33,16.780000686645508,5765.4959,5.67,1.4005535391636688,-0.8994700855156301,20.1948
10.0,4.33,14.270000457763672,5765.4959,5.67,1.4005535391636688,-0.8994700855156301,20.1558
10.0,4.33,14.270000457763672,5765.4959,5.67,1.4005535391636688,-0.8994700855156301,20.1558
10.0,4.33,14.729999542236328,5765.4959,5.67,1.4005535391636688,-0.8994700855156301,20.1657
10.0,4.33,15.949999809265137,5765.4959,5.67,1.4005535391636688,-0.8994700855156301,20.2683
10.0,4.33,17.399999618530273,5765.4959,5.67,1.4005535391636688,-0.8994700855156301,20.5103
10.0,4.33,17.350000381469727,5258.9907,5.668463901689707,0.967913716251864,-4.330231667509721,20.7862
10.0,4.33,17.350000381469727,5258.9907,5.668463901689707,0.967913716251864,-4.330231667509721,20.7862
10.0,4.33,17.93000030517578,5258.9907,5.668463901689707,0.967913716251864,-4.330231667509721,20.6917
10.0,4.33,16.12999916,5258.9907,5.668463901689707,0.967913716251864,-4.330231667509721,20.6708
10.0,4.33,16.040000915527344,5258.9907,5.668463901689707,0.967913716251864,-4.330231667509721,20.3195
10.0,4.33,17.81999969482422,5258.9907,5.668463901689707,0.967913716251864,-4.330231667509721,20.344
10.0,4.33,17.700000762939453,5258.9907,5.668463901689707,0.967913716251864,-4.330231667509721,20.3823
10.0,4.33,17.700000762939453,5258.9907,5.668463901689707,0.967913716251864,-4.330231667509721,20.4742
10.0,4.33,19.540000915527344,5258.9907,5.668463901689707,0.967913716251864,-4.330231667509721,20.7045
10.0,4.33,19.190000534057617,5258.9907,5.668463901689707,0.967913716251864,-4.330231667509721,20.8012
10.0,4.33,18.709999084472656,5258.9907,5.668463901689707,0.967913716251864,-4.330231667509721,20.482
10.0,4.33,16.12000084,5258.9907,5.668463901689707,0.967913716251864,-4.330231667509721,20.4875
10.0,4.33,16.600000381469727,5258.9907,5.668463901689707,0.967913716251864,-4.330231667509721,20.7732
10.0,4.33,15.970000267028809,5258.9907,5.668463901689707,0.967913716251864,-4.330231667509721,20.718
10.0,4.33,15.970000267028809,5258.9907,5.668463901689707,0.967913716251864,-4.330231667509721,20.543
10.0,4.33,15.06000042,5258.9907,5.668463901689707,0.967913716251864,-4.330231667509721,20.6358
10.0,4.33,15.100000381469728,5258.9907,5.668463901689707,0.967913716251864,-4.330231667509721,20.5397
10.0,4.33,15.020000457763672,5258.9907,5.668463901689707,0.967913716251864,-4.330231667509721,20.3943
10.0,4.33,14.850000381469728,5258.9907,5.668463901689707,0.967913716251864,-4.330231667509721,20.2255
10.0,4.33,17.899999618530273,5258.9907,5.668463901689707,0.967913716251864,-4.330231667509721,20.7002
10.0,4.33,16.40999984741211,5258.9907,5.668463901689707,0.967913716251864,-4.330231667509721,20.5668
10.0,4.33,16.559999465942383,5258.9907,5.668463901689707,0.967913716251864,-4.330231667509721,20.5677
10.0,4.33,15.84000015258789,5258.9907,5.668463901689707,0.967913716251864,-4.330231667509721,20.4497
10.0,4.33,16.43000030517578,4697.8759,5.67,0.4886281971590825,2.4639255512085567,20.6068
10.0,4.33,18.62000084,4697.8759,5.67,0.4886281971590825,2.4639255512085567,20.6068
10.0,4.33,17.209999084472656,4697.8759,5.67,0.4886281971590825,2.4639255512085567,20.4268
10.0,4.33,15.770000457763672,4697.8759,5.67,0.4886281971590825,2.4639255512085567,20.6363
10.0,4.33,15.5,4697.8759,5.67,0.4886281971590825,2.4639255512085567,20.5125
9.5,4.33,16.540000915527344,4697.8759,5.67,0.4886281971590825,2.4639255512085567,20.5512
9.5,4.33,15.81000042,4697.8759,5.67,0.4886281971590825,2.4639255512085567,20.6693
9.5,4.33,16.020000457763672,4697.8759,5.67,0.4886281971590825,2.4639255512085567,20.568
9.5,4.33,15.890000343322754,4697.8759,5.67,0.4886281971590825,2.4639255512085567,20.4917
9.5,4.33,15.100000381469728,4697.8759,5.67,0.4886281971590825,2.4639255512085567,20.4978
9.5,4.33,14.770000457763672,4697.8759,5.67,0.4886281971590825,2.4639255512085567,20.3082
9.5,4.33,14.770000457763672,4697.8759,5.67,0.4886281971590825,2.4639255512085567,20.283
9.5,4.33,15.350000381469728,4697.8759,5.67,0.4886281971590825,2.4639255512085567,20.2617
9.5,4.33,15.270000457763672,4697.8759,5.67,0.4886281971590825,2.4639255512085567,20.4208
9.5,4.33,15.65999984741211,4697.8759,5.67,0.4886281971590825,2.4639255512085567,20.3733
9.5,4.33,18.209999084472656,4697.8759,5.67,0.4886281971590825,2.4639255512085567,20.3448
9.5,4.33,18.979999542236328,4697.8759,5.67,0.4886281971590825,2.4639255512085567,20.464
9.5,4.33,19.43000030517578,4697.8759,5.67,0.4886281971590825,2.4639255512085567,20.4683
9.5,4.33,19.100000381469727,4697.8759,5.67,0.4886281971590825,2.4639255512085567,20.4277
9.5,4.33,21.12999916,4697.8759,5.67,0.4886281971590825,2.4639255512085567,20.4722
9.5,4.33,19.62999916,4490.8995,5.277142857142858,0.3118358699669378,-0.3493354299124673,20.508
9.5,4.33,22.780000686645508,4490.8995,5.277142857142858,0.3118358699669378,-0.3493354299124673,20.4333
9.5,4.33,23.51000022888184,4490.8995,5.277142857142858,0.3118358699669378,-0.3493354299124673,20.8518
9.5,4.33,21.93000030517578,4490.8995,5.277142857142858,0.3118358699669378,-0.3493354299124673,20.3893
9.5,4.33,24.87000084,4490.8995,5.277142857142858,0.3118358699669378,-0.3493354299124673,20.2777
9.5,4.33,23.37000084,4490.8995,5.277142857142858,0.3118358699669378,-0.3493354299124673,20.283
9.5,4.33,27.86000061035156,4490.8995,5.277142857142858,0.3118358699669378,-0.3493354299124673,20.2922
9.5,4.33,26.920000076293945,4490.8995,5.277142857142858,0.3118358699669378,-0.3493354299124673,20.3388
9.5,4.33,24.229999542236328,4490.8995,5.277142857142858,0.3118358699669378,-0.3493354299124673,20.1828
9.5,4.33,24.65999984741211,4490.8995,5.277142857142858,0.3118358699669378,-0.3493354299124673,20.0848
9.5,4.33,21.770000457763672,4490.8995,5.277142857142858,0.3118358699669378,-0.3493354299124673,19.8693
9.5,4.33,20.51000022888184,4490.8995,5.277142857142858,0.3118358699669378,-0.3493354299124673,19.8693
9.5,4.33,21.700000762939453,4490.8995,5.277142857142858,0.3118358699669378,-0.3493354299124673,19.9845
9.5,4.33,19.899999618530277,4490.8995,5.277142857142858,0.3118358699669378,-0.3493354299124673,20.0553
9.5,4.33,19.799999237060547,4490.8995,5.277142857142858,0.3118358699669378,-0.3493354299124673,20.1345
9.5,4.33,19.280000686645508,4490.8995,5.277142857142858,0.3118358699669378,-0.3493354299124673,20.2163
9.5,4.33,17.479999542236328,4490.8995,5.277142857142858,0.3118358699669378,-0.3493354299124673,20.1123
9.5,4.33,17.149999618530273,4490.8995,5.277142857142858,0.3118358699669378,-0.3493354299124673,20.0762
9.5,4.33,18.32999992370605,4490.8995,5.277142857142858,0.3118358699669378,-0.3493354299124673,20.0963
9.5,4.33,18.690000534057617,4490.8995,5.277142857142858,0.3118358699669378,-0.3493354299124673,20.3182
9.0,4.33,21.649999618530277,4490.8995,5.277142857142858,0.3118358699669378,-0.3493354299124673,20.4003
9.0,4.33,22.280000686645508,5190.6785,5.105483870967742,0.9095637168624876,3.2465420559595115,20.438
9.0,4.33,21.770000457763672,5190.6785,5.105483870967742,0.9095637168624876,3.2465420559595115,20.3587
9.0,4.33,21.51000022888184,5190.6785,5.105483870967742,0.9095637168624876,3.2465420559595115,20.4568
9.0,4.33,30.020000457763672,5190.6785,5.105483870967742,0.9095637168624876,3.2465420559595115,19.9708
9.0,4.33,45.310001373291016,5190.6785,5.105483870967742,0.9095637168624876,3.2465420559595115,20.501
9.0,4.33,46.97999954223633,5190.6785,5.105483870967742,0.9095637168624876,3.2465420559595115,20.6947
9.0,4.33,52.33000183105469,5190.6785,5.105483870967742,0.9095637168624876,3.2465420559595115,20.6867
9.0,4.33,33.619998931884766,5190.6785,5.105483870967742,0.9095637168624876,3.2465420559595115,20.7653
9.0,4.33,40.720001220703125,5190.6785,5.105483870967742,0.9095637168624876,3.2465420559595115,20.492
9.0,4.33,37.560001373291016,5190.6785,5.105483870967742,0.9095637168624876,3.2465420559595115,20.3363
9.0,4.33,30.88999938964844,5190.6785,5.105483870967742,0.9095637168624876,3.2465420559595115,20.1025
9.0,4.33,30.12000084,5190.6785,5.105483870967742,0.9095637168624876,3.2465420559595115,20.0213
9.0,4.33,32.63999938964844,5190.6785,5.105483870967742,0.9095637168624876,3.2465420559595115,19.9737
9.0,4.33,29.649999618530277,5190.6785,5.105483870967742,0.9095637168624876,3.2465420559595115,19.9737
9.0,4.33,29.649999618530277,5190.6785,5.105483870967742,0.9095637168624876,3.2465420559595115,19.9737
9.0,4.33,33.81999969482422,5190.6785,5.105483870967742,0.9095637168624876,3.2465420559595115,19.6718
9.0,4.33,30.56999969482422,5190.6785,5.105483870967742,0.9095637168624876,3.2465420559595115,19.5688
9.0,4.33,28.450000762939453,5190.6785,5.105483870967742,0.9095637168624876,3.2465420559595115,19.6278
9.0,4.33,26.46999931335449,5190.6785,5.105483870967742,0.9095637168624876,3.2465420559595115,19.5825
9.0,4.33,24.84000015258789,5190.6785,5.105483870967742,0.9095637168624876,3.2465420559595115,19.5478
9.0,4.33,25.149999618530277,5190.6785,5.105483870967742,0.9095637168624876,3.2465420559595115,19.5723
9.0,4.33,24.170000076293945,5190.6785,5.105483870967742,0.9095637168624876,3.2465420559595115,19.5868
9.0,4.33,24.700000762939453,4801.0968,4.67,0.5767960420238485,-11.627468382699856,19.6095
9.0,4.33,24.600000381469727,4801.0968,4.67,0.5767960420238485,-11.627468382699856,19.6095
9.0,4.33,22.68000030517578,4801.0968,4.67,0.5767960420238485,-11.627468382699856,19.657
9.0,4.33,23.63999938964844,4801.0968,4.67,0.5767960420238485,-11.627468382699856,19.6365
9.0,4.33,24.76000022888184,4801.0968,4.67,0.5767960420238485,-11.627468382699856,19.6785
9.0,4.33,23.549999237060547,4801.0968,4.67,0.5767960420238485,-11.627468382699856,19.588
9.0,4.33,22.479999542236328,4801.0968,4.67,0.5767960420238485,-11.627468382699856,19.5642
9.0,4.33,21.899999618530277,4801.0968,4.67,0.5767960420238485,-11.627468382699856,19.4912
9.0,4.33,18.38999938964844,4801.0968,4.67,0.5767960420238485,-11.627468382699856,19.6162
9.0,4.33,18.21999931335449,4801.0968,4.67,0.5767960420238485,-11.627468382699856,19.4373
9.0,4.33,18.62000084,4801.0968,4.67,0.5767960420238485,-11.627468382699856,19.363
9.0,4.33,17.829999923706055,4801.0968,4.67,0.5767960420238485,-11.627468382699856,19.478
8.5,4.33,17.239999771118164,4801.0968,4.67,0.5767960420238485,-11.627468382699856,19.5147
8.5,4.33,18.13999938964844,4801.0968,4.67,0.5767960420238485,-11.627468382699856,19.3723
8.5,4.33,18.09000015258789,4801.0968,4.67,0.5767960420238485,-11.627468382699856,19.2648
8.5,4.33,20.87000084,4801.0968,4.67,0.5767960420238485,-11.627468382699856,19.3198
8.5,4.33,20.280000686645508,4801.0968,4.67,0.5767960420238485,-11.627468382699856,19.3227
8.5,4.33,22.290000915527344,4801.0968,4.67,0.5767960420238485,-11.627468382699856,19.2748
8.5,4.33,22.290000915527344,4801.0968,4.67,0.5767960420238485,-11.627468382699856,19.2188
8.5,4.33,18.959999084472656,4801.0968,4.67,0.5767960420238485,-11.627468382699856,19.2338
8.5,4.33,19.309999465942383,4801.0968,4.67,0.5767960420238485,-11.627468382699856,19.4
8.5,4.33,19.18000030517578,4801.0968,4.67,0.5767960420238485,-11.627468382699856,19.328
8.5,4.33,18.56999969482422,4801.0968,4.67,0.5767960420238485,-11.627468382699856,19.3858
8.5,4.33,18.36000061035156,4801.0968,4.67,0.5767960420238485,-11.627468382699856,19.2338
8.5,4.33,17.690000534057617,4801.0968,4.67,0.5767960420238485,-11.627468382699856,19.2638
8.5,4.33,17.610000610351562,4801.0968,4.67,0.5767960420238485,-11.627468382699856,19.1932
8.5,4.33,18.479999542236328,4801.0968,4.67,0.5767960420238485,-11.627468382699856,19.17
8.5,4.33,16.770000457763672,4801.0968,4.67,0.5767960420238485,-11.627468382699856,19.1317
8.5,4.33,17.15999984741211,4801.0968,4.67,0.5767960420238485,-11.627468382699856,19.0595
8.5,4.33,16.950000762939453,4801.0968,4.67,0.5767960420238485,-11.627468382699856,19.0518
8.5,4.33,17.260000228881836,4801.0968,4.67,0.5767960420238485,-11.627468382699856,18.879
8.5,4.33,18.020000457763672,4801.0968,4.67,0.5767960420238485,-11.627468382699856,18.9068
8.5,4.33,20.81999969482422,4801.0968,4.67,0.5767960420238485,-11.627468382699856,18.9302
8.5,4.33,19.11000061035156,4801.0968,4.67,0.5767960420238485,-11.627468382699856,18.9083
8.5,4.33,21.600000381469727,4801.0968,4.67,0.5767960420238485,-11.627468382699856,18.9872
8.5,4.33,20.13999938964844,4801.0968,4.67,0.5767960420238485,-11.627468382699856,19.0047
8.5,4.33,20.13999938964844,4801.0968,4.67,0.5767960420238485,-11.627468382699856,19.0898
8.5,4.33,20.62000084,4801.0968,4.67,0.5767960420238485,-11.627468382699856,19.1458
8.5,4.33,19.82999992370605,4801.0968,4.67,0.5767960420238485,-11.627468382699856,19.1527
8.5,4.33,17.479999542236328,4801.0968,4.67,0.5767960420238485,-11.627468382699856,19.0267
8.5,4.33,16.760000228881836,4801.0968,4.67,0.5767960420238485,-11.627468382699856,18.9203
8.5,4.33,16.59000015258789,4801.0968,4.67,0.5767960420238485,-11.627468382699856,18.8928
8.0,4.33,16.31999969482422,4801.0968,4.67,0.5767960420238485,-11.627468382699856,18.8483
8.0,4.33,16.729999542236328,5253.4918,4.1033333333333335,0.9632167395530858,-15.618438624665954,18.8332
8.0,4.33,16.829999923706055,5253.4918,4.1033333333333335,0.9632167395530858,-15.618438624665954,18.765
8.0,4.33,16.639999389648438,5253.4918,4.1033333333333335,0.9632167395530858,-15.618438624665954,18.754
8.0,4.33,16.37999916,5253.4918,4.1033333333333335,0.9632167395530858,-15.618438624665954,18.6652
8.0,4.33,16.37999916,5253.4918,4.1033333333333335,0.9632167395530858,-15.618438624665954,18.6327
8.0,4.33,17.790000915527344,5253.4918,4.1033333333333335,0.9632167395530858,-15.618438624665954,18.6698
8.0,4.33,16.809999465942383,5253.4918,4.1033333333333335,0.9632167395530858,-15.618438624665954,18.714
8.0,4.33,15.93999958,5253.4918,4.1033333333333335,0.9632167395530858,-15.618438624665954,18.5733
8.0,4.33,15.779999732971191,5253.4918,4.1033333333333335,0.9632167395530858,-15.618438624665954,18.6267
8.0,4.33,16.399999618530273,5253.4918,4.1033333333333335,0.9632167395530858,-15.618438624665954,18.6595
8.0,4.33,17.200000762939453,5253.4918,4.1033333333333335,0.9632167395530858,-15.618438624665954,18.751
8.0,4.33,17.37999916,5253.4918,4.1033333333333335,0.9632167395530858,-15.618438624665954,18.8397
8.0,4.33,17.15999984741211,5253.4918,4.1033333333333335,0.9632167395530858,-15.618438624665954,18.7178
8.0,4.33,16.520000457763672,5253.4918,4.1033333333333335,0.9632167395530858,-15.618438624665954,18.7685
8.0,4.33,16.40999984741211,5253.4918,4.1033333333333335,0.9632167395530858,-15.618438624665954,18.72
8.0,4.33,16.649999618530273,5253.4918,4.1033333333333335,0.9632167395530858,-15.618438624665954,18.6455
8.0,4.33,16.5,5253.4918,4.1033333333333335,0.9632167395530858,-15.618438624665954,18.6212
8.0,4.33,15.369999885559082,5253.4918,4.1033333333333335,0.9632167395530858,-15.618438624665954,18.5735
8.0,4.33,15.390000343322754,5253.4918,4.1033333333333335,0.9632167395530858,-15.618438624665954,18.5538
8.0,4.33,14.93000030517578,5253.4918,4.1033333333333335,0.9632167395530858,-15.618438624665954,18.557
8.0,4.33,15.029999732971191,5253.4918,4.1033333333333335,0.9632167395530858,-15.618438624665954,18.7267
8.0,4.33,15.979999542236328,5253.4918,4.1033333333333335,0.9632167395530858,-15.618438624665954,18.7642
8.0,4.33,15.479999542236328,5253.4918,4.1033333333333335,0.9632167395530858,-15.618438624665954,18.796
8.0,4.33,16.719999313354492,5408.2486,3.67,1.095404828730448,-3.6459340408701024,18.7963
8.0,4.33,20.37999916,5408.2486,3.67,1.095404828730448,-3.6459340408701024,18.916
8.0,4.33,17.520000457763672,5408.2486,3.67,1.095404828730448,-3.6459340408701024,18.8783
8.0,4.33,17.850000381469727,5408.2486,3.67,1.095404828730448,-3.6459340408701024,18.762
8.0,4.33,16.770000457763672,5408.2486,3.67,1.095404828730448,-3.6459340408701024,18.6192
8.0,4.33,16.56999969482422,5408.2486,3.67,1.095404828730448,-3.6459340408701024,18.6765
7.75,4.33,15.149999618530272,5408.2486,3.67,1.095404828730448,-3.6459340408701024,18.5518
7.75,4.33,16.25,5408.2486,3.67,1.095404828730448,-3.6459340408701024,18.6683
7.75,4.33,14.729999542236328,5408.2486,3.67,1.095404828730448,-3.6459340408701024,18.5657
7.75,4.33,14.489999771118164,5408.2486,3.67,1.095404828730448,-3.6459340408701024,18.6353
7.75,4.33,14.829999923706056,5408.2486,3.67,1.095404828730448,-3.6459340408701024,18.8137
7.75,4.33,15.09000015258789,5408.2486,3.67,1.095404828730448,-3.6459340408701024,18.7295
7.75,4.33,14.989999771118164,5408.2486,3.67,1.095404828730448,-3.6459340408701024,18.784
7.75,4.33,15.56999969482422,5408.2486,3.67,1.095404828730448,-3.6459340408701024,18.7982
7.75,4.33,15.68999958,5408.2486,3.67,1.095404828730448,-3.6459340408701024,18.7572
7.75,4.33,16.600000381469727,5408.2486,3.67,1.095404828730448,-3.6459340408701024,18.7737
7.75,4.33,14.220000267028809,5408.2486,3.67,1.095404828730448,-3.6459340408701024,18.595
7.75,4.33,14.789999961853027,5408.2486,3.67,1.095404828730448,-3.6459340408701024,18.6368
7.75,4.33,14.619999885559082,5408.2486,3.67,1.095404828730448,-3.6459340408701024,18.6843
7.75,4.33,14.850000381469728,5408.2486,3.67,1.095404828730448,-3.6459340408701024,18.6912
7.75,4.33,14.43000030517578,5408.2486,3.67,1.095404828730448,-3.6459340408701024,18.6522
7.75,4.33,15.359999656677246,5408.2486,3.67,1.095404828730448,-3.6459340408701024,18.644
7.75,4.33,15.359999656677246,5408.2486,3.67,1.095404828730448,-3.6459340408701024,18.646
7.75,4.33,17.170000076293945,5408.2486,3.67,1.095404828730448,-3.6459340408701024,18.7072
7.75,4.33,16.350000381469727,5408.2486,3.67,1.095404828730448,-3.6459340408701024,18.6873
7.75,4.33,15.300000190734863,5408.2486,3.67,1.095404828730448,-3.6459340408701024,18.7577
7.75,4.33,15.18000030517578,5408.2486,3.67,1.095404828730448,-3.6459340408701024,18.6792
7.75,4.33,15.109999656677246,5408.2486,3.67,1.095404828730448,-3.6459340408701024,18.655
7.75,4.33,15.039999961853027,5408.2486,3.67,1.095404828730448,-3.6459340408701024,18.6353
7.75,4.33,15.350000381469728,5408.2486,3.67,1.095404828730448,-3.6459340408701024,18.592
7.75,4.33,14.710000038146973,5408.2486,3.67,1.095404828730448,-3.6459340408701024,18.5287
7.75,4.33,14.760000228881836,5408.2486,3.67,1.095404828730448,-3.6459340408701024,18.4757
7.75,4.33,15.68999958,5408.2486,3.67,1.095404828730448,-3.6459340408701024,18.3635
7.75,4.33,16.360000610351562,5408.2486,3.67,1.095404828730448,-3.6459340408701024,18.3635
7.75,4.33,15.720000267028809,5408.2486,3.67,1.095404828730448,-3.6459340408701024,18.3257
7.75,4.08,15.699999809265137,5408.2486,3.67,1.095404828730448,-3.6459340408701024,18.361
7.75,4.08,15.449999809265137,5408.2486,3.67,1.095404828730448,-3.6459340408701024,18.3892
7.75,4.09,16.100000381469727,5408.2486,3.67,1.095404828730448,-3.6459340408701024,18.4082
7.75,4.09,16.639999389648438,5408.2486,3.67,1.095404828730448,-3.6459340408701024,18.3232
7.75,4.09,16.18000030517578,5408.2486,3.67,1.095404828730448,-3.6459340408701024,18.4312
7.75,4.09,16.739999771118164,5408.2486,3.67,1.095404828730448,-3.6459340408701024,18.4457
7.5,4.09,15.289999961853027,5408.2486,3.67,1.095404828730448,-3.6459340408701024,18.3825
7.5,4.09,16.12000084,5408.2486,3.67,1.095404828730448,-3.6459340408701024,18.3507
7.5,4.09,16.280000686645508,5280.1374,3.4821428571428568,0.985976521023007,-1.982653683022895,18.3342
7.5,4.09,16.290000915527344,5280.1374,3.4821428571428568,0.985976521023007,-1.982653683022895,18.3477
7.5,4.09,16.62999916,5280.1374,3.4821428571428568,0.985976521023007,-1.982653683022895,18.4843
7.5,4.09,16.649999618530273,5280.1374,3.4821428571428568,0.985976521023007,-1.982653683022895,18.3902
7.5,4.09,16.37000084,5280.1374,3.4821428571428568,0.985976521023007,-1.982653683022895,18.3528
7.5,4.09,17.239999771118164,5280.1374,3.4821428571428568,0.985976521023007,-1.982653683022895,18.3762
7.5,4.1,16.299999237060547,5280.1374,3.4821428571428568,0.985976521023007,-1.982653683022895,18.3477
7.5,4.1,16.43000030517578,5280.1374,3.4821428571428568,0.985976521023007,-1.982653683022895,18.383
7.5,4.1,21.65999984741211,5280.1374,3.4821428571428568,0.985976521023007,-1.982653683022895,18.5567
7.5,4.1,19.030000686645508,5280.1374,3.4821428571428568,0.985976521023007,-1.982653683022895,18.44
7.5,4.1,20.809999465942383,5280.1374,3.4821428571428568,0.985976521023007,-1.982653683022895,18.522
7.5,4.1,20.63999938964844,5280.1374,3.4821428571428568,0.985976521023007,-1.982653683022895,18.4808
7.5,4.11,25.309999465942383,5280.1374,3.4821428571428568,0.985976521023007,-1.982653683022895,18.4108
7.5,4.11,20.780000686645508,5280.1374,3.4821428571428568,0.985976521023007,-1.982653683022895,18.407
7.5,4.11,18.229999542236328,5280.1374,3.4821428571428568,0.985976521023007,-1.982653683022895,18.4032
7.5,4.11,17.87000084,5280.1374,3.4821428571428568,0.985976521023007,-1.982653683022895,18.4252
7.5,4.11,18.600000381469727,5280.1374,3.4821428571428568,0.985976521023007,-1.982653683022895,18.4333
7.5,4.11,17.299999237060547,5280.1374,3.4821428571428568,0.985976521023007,-1.982653683022895,18.4033
7.5,4.11,16.37000084,5280.1374,3.4821428571428568,0.985976521023007,-1.982653683022895,18.3948
7.5,4.12,15.789999961853027,5280.1374,3.4821428571428568,0.985976521023007,-1.982653683022895,18.3892
7.5,4.12,16.420000076293945,5280.1374,3.4821428571428568,0.985976521023007,-1.982653683022895,18.4145
7.5,4.12,16.920000076293945,5280.1374,3.4821428571428568,0.985976521023007,-1.982653683022895,18.4072
7.5,3.87,16.90999984741211,5280.1374,3.4821428571428568,0.985976521023007,-1.982653683022895,18.538
7.5,3.86,17.440000534057617,5710.236,3.417727272727273,1.353352378444837,-0.9584587511370924,18.5725
7.5,3.87,17.170000076293945,5710.236,3.417727272727273,1.353352378444837,-0.9584587511370924,18.4835
7.5,3.87,19.0,5710.236,3.417727272727273,1.353352378444837,-0.9584587511370924,18.6133
7.5,3.87,18.010000228881836,5710.236,3.417727272727273,1.353352378444837,-0.9584587511370924,18.5947
7.5,3.87,19.5,5710.236,3.417727272727273,1.353352378444837,-0.9584587511370924,18.6233
7.25,3.87,19.07999992370605,5710.236,3.417727272727273,1.353352378444837,-0.9584587511370924,18.5
7.25,3.87,17.600000381469727,5710.236,3.417727272727273,1.353352378444837,-0.9584587511370924,18.3922
7.25,3.87,17.280000686645508,5710.236,3.417727272727273,1.353352378444837,-0.9584587511370924,18.3333
7.25,3.87,17.510000228881836,5710.236,3.417727272727273,1.353352378444837,-0.9584587511370924,18.2982
7.25,3.88,20.0,5710.236,3.417727272727273,1.353352378444837,-0.9584587511370924,18.2805
7.25,3.88,19.82999992370605,5710.236,3.417727272727273,1.353352378444837,-0.9584587511370924,18.3262
7.25,3.88,22.37999916,5710.236,3.417727272727273,1.353352378444837,-0.9584587511370924,18.3262
7.25,3.88,24.690000534057617,5710.236,3.417727272727273,1.353352378444837,-0.9584587511370924,18.3728
7.25,3.88,23.65999984741211,5710.236,3.417727272727273,1.353352378444837,-0.9584587511370924,18.341
7.25,3.88,26.420000076293945,5710.236,3.417727272727273,1.353352378444837,-0.9584587511370924,18.355
7.25,3.88,23.43000030517578,5710.236,3.417727272727273,1.353352378444837,-0.9584587511370924,18.4965
7.25,3.88,20.520000457763672,5710.236,3.417727272727273,1.353352378444837,-0.9584587511370924,18.4997
7.25,3.88,18.559999465942383,5710.236,3.417727272727273,1.353352378444837,-0.9584587511370924,18.4308
7.25,3.88,17.190000534057617,5710.236,3.417727272727273,1.353352378444837,-0.9584587511370924,18.356
7.25,3.88,17.190000534057617,5710.236,3.417727272727273,1.353352378444837,-0.9584587511370924,18.3467
7.25,3.89,16.350000381469727,5710.236,3.417727272727273,1.353352378444837,-0.9584587511370924,18.3075
7.25,3.89,17.239999771118164,5710.236,3.417727272727273,1.353352378444837,-0.9584587511370924,18.2757
7.25,3.89,16.59000015258789,5710.236,3.417727272727273,1.353352378444837,-0.9584587511370924,18.291
7.25,3.89,16.079999923706055,5710.236,3.417727272727273,1.353352378444837,-0.9584587511370924,18.2642
7.25,3.89,15.779999732971191,5710.236,3.417727272727273,1.353352378444837,-0.9584587511370924,18.2293
7.25,3.89,15.40999984741211,5710.236,3.417727272727273,1.353352378444837,-0.9584587511370924,18.186
7.25,3.89,16.65999984741211,5710.236,3.417727272727273,1.353352378444837,-0.9584587511370924,18.2367
7.25,3.89,16.93000030517578,5710.236,3.417727272727273,1.353352378444837,-0.9584587511370924,18.194
7.25,3.89,15.770000457763672,5710.236,3.417727272727273,1.353352378444837,-0.9584587511370924,18.2085
7.25,3.64,14.850000381469728,5710.236,3.417727272727273,1.353352378444837,-0.9584587511370924,18.0543
7.25,3.64,15.739999771118164,5710.236,3.417727272727273,1.353352378444837,-0.9584587511370924,18.0543
7.25,3.64,16.5,5710.236,3.417727272727273,1.353352378444837,-0.9584587511370924,17.9925
7.25,3.64,16.479999542236328,5710.236,3.417727272727273,1.353352378444837,-0.9584587511370924,17.9525
7.25,3.64,17.62000084,5710.236,3.417727272727273,1.353352378444837,-0.9584587511370924,18.02
7.25,3.64,16.87000084,5710.236,3.417727272727273,1.353352378444837,-0.9584587511370924,17.9792
7.0,3.64,14.90999984741211,5710.236,3.417727272727273,1.353352378444837,-0.9584587511370924,18.0065
7.0,3.64,14.079999923706056,5710.236,3.417727272727273,1.353352378444837,-0.9584587511370924,17.9785
7.0,3.64,14.0,5710.236,3.417727272727273,1.353352378444837,-0.9584587511370924,17.9332
7.0,3.64,13.470000267028809,5710.236,3.417727272727273,1.353352378444837,-0.9584587511370924,17.9248
7.0,3.64,13.470000267028809,5710.236,3.417727272727273,1.353352378444837,-0.9584587511370924,17.9248
7.0,3.64,13.600000381469728,5710.236,3.417727272727273,1.353352378444837,-0.9584587511370924,17.9042
7.0,3.64,14.199999809265137,5710.236,3.417727272727273,1.353352378444837,-0.9584587511370924,17.9667
7.0,3.64,14.329999923706056,5710.236,3.417727272727273,1.353352378444837,-0.9584587511370924,17.9528
7.0,3.64,14.949999809265137,5384.2223,3.41425219941349,1.0748823658273512,2.381285823532653,18.0012
7.0,3.64,14.949999809265137,5384.2223,3.41425219941349,1.0748823658273512,2.381285823532653,18.0012
7.0,3.64,14.510000228881836,5384.2223,3.41425219941349,1.0748823658273512,2.381285823532653,17.8803
7.0,3.64,14.899999618530272,5384.2223,3.41425219941349,1.0748823658273512,2.381285823532653,17.8905
7.0,3.64,14.75,5384.2223,3.41425219941349,1.0748823658273512,2.381285823532653,17.9697
7.0,3.64,15.380000114440918,5384.2223,3.41425219941349,1.0748823658273512,2.381285823532653,17.9587
7.0,3.64,15.449999809265137,5384.2223,3.41425219941349,1.0748823658273512,2.381285823532653,17.9807
7.0,3.64,14.489999771118164,5384.2223,3.41425219941349,1.0748823658273512,2.381285823532653,17.9842
7.0,3.64,15.119999885559082,5384.2223,3.41425219941349,1.0748823658273512,2.381285823532653,17.9075
7.0,3.64,15.979999542236328,5384.2223,3.41425219941349,1.0748823658273512,2.381285823532653,17.854
7.0,3.64,16.75,5384.2223,3.41425219941349,1.0748823658273512,2.381285823532653,17.8167
7.0,3.64,15.84000015258789,5384.2223,3.41425219941349,1.0748823658273512,2.381285823532653,17.6897
7.0,3.64,15.859999656677246,5384.2223,3.41425219941349,1.0748823658273512,2.381285823532653,17.6867
7.0,3.64,15.859999656677246,5384.2223,3.41425219941349,1.0748823658273512,2.381285823532653,17.599
7.0,3.64,20.09000015258789,5384.2223,3.41425219941349,1.0748823658273512,2.381285823532653,17.6008
7.0,3.64,16.899999618530273,5384.2223,3.41425219941349,1.0748823658273512,2.381285823532653,17.452
7.0,3.64,15.640000343322754,5384.2223,3.41425219941349,1.0748823658273512,2.381285823532653,17.4828
7.0,3.64,16.09000015258789,5384.2223,3.41425219941349,1.0748823658273512,2.381285823532653,17.4545
7.0,3.64,16.149999618530273,5384.2223,3.41425219941349,1.0748823658273512,2.381285823532653,17.283
7.0,3.64,16.350000381469727,5384.2223,3.41425219941349,1.0748823658273512,2.381285823532653,17.2357
7.0,3.64,16.350000381469727,5384.2223,3.41425219941349,1.0748823658273512,2.381285823532653,17.2322
7.0,3.64,16.87999916,5384.2223,3.41425219941349,1.0748823658273512,2.381285823532653,17.2532
7.0,3.64,17.440000534057617,5384.2223,3.41425219941349,1.0748823658273512,2.381285823532653,17.331
7.0,3.64,16.34000015258789,5384.2223,3.41425219941349,1.0748823658273512,2.381285823532653,17.331
7.0,3.64,18.0,5384.2223,3.41425219941349,1.0748823658273512,2.381285823532653,17.235
7.0,3.64,18.63999938964844,5384.2223,3.41425219941349,1.0748823658273512,2.381285823532653,17.2925
7.0,3.64,21.770000457763672,5384.2223,3.41425219941349,1.0748823658273512,2.381285823532653,17.407
7.0,3.64,20.37000084,5384.2223,3.41425219941349,1.0748823658273512,2.381285823532653,17.2988
7.0,3.64,17.360000610351562,5384.2223,3.41425219941349,1.0748823658273512,2.381285823532653,17.1907
7.0,3.64,17.790000915527344,5384.2223,3.41425219941349,1.0748823658273512,2.381285823532653,17.2315
7.0,3.64,17.649999618530273,5384.2223,3.41425219941349,1.0748823658273512,2.381285823532653,17.2155
7.0,3.64,20.81999969482422,5384.2223,3.41425219941349,1.0748823658273512,2.381285823532653,17.2
7.0,3.64,20.600000381469727,5384.2223,3.41425219941349,1.0748823658273512,2.381285823532653,17.1798
7.0,3.64,20.600000381469727,5384.2223,3.41425219941349,1.0748823658273512,2.381285823532653,17.1723
7.0,3.64,20.290000915527344,5384.2223,3.41425219941349,1.0748823658273512,2.381285823532653,17.1753
7.0,3.64,19.62000084,5384.2223,3.41425219941349,1.0748823658273512,2.381285823532653,17.1392
7.0,3.64,20.229999542236328,5384.2223,3.41425219941349,1.0748823658273512,2.381285823532653,17.27
7.0,3.64,19.09000015258789,5384.2223,3.41425219941349,1.0748823658273512,2.381285823532653,17.1722
7.0,3.64,21.01000022888184,5384.2223,3.41425219941349,1.0748823658273512,2.381285823532653,17.2162
7.0,3.64,19.549999237060547,5384.2223,3.41425219941349,1.0748823658273512,2.381285823532653,17.191
7.0,3.64,17.93000030517578,5384.2223,3.41425219941349,1.0748823658273512,2.381285823532653,17.17
7.0,3.64,18.62999916,5384.2223,3.41425219941349,1.0748823658273512,2.381285823532653,17.2563
7.0,3.64,19.86000061035156,5384.2223,3.41425219941349,1.0748823658273512,2.381285823532653,17.2193
7.0,3.64,21.440000534057617,5384.2223,3.41425219941349,1.0748823658273512,2.381285823532653,17.3485
7.0,3.64,23.56999969482422,5384.2223,3.41425219941349,1.0748823658273512,2.381285823532653,17.7228
7.0,3.64,21.149999618530277,5384.2223,3.41425219941349,1.0748823658273512,2.381285823532653,17.5445
7.0,3.64,23.75,5384.2223,3.41425219941349,1.0748823658273512,2.381285823532653,17.677
7.0,3.64,29.489999771118164,5384.2223,3.41425219941349,1.0748823658273512,2.381285823532653,17.7962
7.0,3.64,25.5,5384.2223,3.41425219941349,1.0748823658273512,2.381285823532653,17.7687
7.0,3.64,24.93000030517578,5384.2223,3.41425219941349,1.0748823658273512,2.381285823532653,17.5037
7.0,3.64,24.229999542236328,5384.2223,3.41425219941349,1.0748823658273512,2.381285823532653,17.6543
7.0,3.64,27.290000915527344,5384.2223,3.41425219941349,1.0748823658273512,2.381285823532653,17.8368
7.0,3.64,27.190000534057617,5384.2223,3.41425219941349,1.0748823658273512,2.381285823532653,17.9218
7.0,3.64,23.51000022888184,5384.2223,3.41425219941349,1.0748823658273512,2.381285823532653,17.9218
7.0,3.64,22.37000084,5384.2223,3.41425219941349,1.0748823658273512,2.381285823532653,17.6922
7.0,3.64,25.09000015258789,5384.2223,3.41425219941349,1.0748823658273512,2.381285823532653,17.669
7.0,3.64,24.059999465942383,5384.2223,3.41425219941349,1.0748823658273512,2.381285823532653,17.8117
7.0,3.64,26.780000686645508,5384.2223,3.41425219941349,1.0748823658273512,2.381285823532653,17.8998
7.0,3.64,26.149999618530277,5384.2223,3.41425219941349,1.0748823658273512,2.381285823532653,17.778
7.0,3.64,26.950000762939453,5384.2223,3.41425219941349,1.0748823658273512,2.381285823532653,17.8047
7.0,3.64,25.32999992370605,5384.2223,3.41425219941349,1.0748823658273512,2.381285823532653,17.7548
7.0,3.64,27.440000534057617,5384.2223,3.41425219941349,1.0748823658273512,2.381285823532653,17.7957
6.75,3.64,31.049999237060547,5384.2223,3.41425219941349,1.0748823658273512,2.381285823532653,18.0667
6.75,3.64,30.61000061035156,5384.2223,3.41425219941349,1.0748823658273512,2.381285823532653,18.1033
6.75,3.64,25.25,5499.8237,3.319677419354839,1.173625220242975,5.955776301691573,18.0033
6.75,3.64,24.540000915527344,5499.8237,3.319677419354839,1.173625220242975,5.955776301691573,17.8117
6.75,3.64,23.87000084,5499.8237,3.319677419354839,1.173625220242975,5.955776301691573,17.8117
6.75,3.64,23.87000084,5499.8237,3.319677419354839,1.173625220242975,5.955776301691573,17.8117
6.75,3.64,24.170000076293945,5499.8237,3.319677419354839,1.173625220242975,5.955776301691573,17.7932
6.75,3.64,25.780000686645508,5499.8237,3.319677419354839,1.173625220242975,5.955776301691573,17.758
6.75,3.64,21.040000915527344,5499.8237,3.319677419354839,1.173625220242975,5.955776301691573,17.4157
6.75,3.64,19.489999771118164,5499.8237,3.319677419354839,1.173625220242975,5.955776301691573,17.3593
6.75,3.64,19.229999542236328,5499.8237,3.319677419354839,1.173625220242975,5.955776301691573,17.3033
6.75,3.64,19.12000084,5499.8237,3.319677419354839,1.173625220242975,5.955776301691573,17.347
6.75,3.64,18.36000061035156,5499.8237,3.319677419354839,1.173625220242975,5.955776301691573,17.2688
6.75,3.64,18.170000076293945,5499.8237,3.319677419354839,1.173625220242975,5.955776301691573,17.2623
6.75,3.64,17.940000534057617,5499.8237,3.319677419354839,1.173625220242975,5.955776301691573,17.2723
6.75,3.64,17.479999542236328,5499.8237,3.319677419354839,1.173625220242975,5.955776301691573,17.2447
6.75,3.64,18.87000084,5499.8237,3.319677419354839,1.173625220242975,5.955776301691573,17.32
6.75,3.64,19.5,5499.8237,3.319677419354839,1.173625220242975,5.955776301691573,17.3323
6.75,3.64,18.920000076293945,5499.8237,3.319677419354839,1.173625220242975,5.955776301691573,17.3287
6.75,3.64,19.309999465942383,5499.8237,3.319677419354839,1.173625220242975,5.955776301691573,17.3587
6.75,3.64,18.709999084472656,5499.8237,3.319677419354839,1.173625220242975,5.955776301691573,17.4052
6.75,3.64,18.020000457763672,5499.8237,3.319677419354839,1.173625220242975,5.955776301691573,17.3838
6.75,3.64,17.829999923706055,5499.8237,3.319677419354839,1.173625220242975,5.955776301691573,17.403
6.75,3.64,18.809999465942383,5499.8237,3.319677419354839,1.173625220242975,5.955776301691573,17.4948
6.75,3.64,16.889999389648438,4978.0514,3.11,0.7279447504821809,3.6857119814788897,17.5118
6.75,3.64,16.989999771118164,4978.0514,3.11,0.7279447504821809,3.6857119814788897,17.5118
6.75,3.64,18.290000915527344,4978.0514,3.11,0.7279447504821809,3.6857119814788897,17.5157
6.75,3.64,17.37999916,4978.0514,3.11,0.7279447504821809,3.6857119814788897,17.3752
6.75,3.64,17.389999389648438,4978.0514,3.11,0.7279447504821809,3.6857119814788897,17.253
6.75,3.63,17.079999923706055,4978.0514,3.11,0.7279447504821809,3.6857119814788897,17.24
6.5,3.63,17.190000534057617,4978.0514,3.11,0.7279447504821809,3.6857119814788897,17.2105
6.5,3.63,18.37999916,4978.0514,3.11,0.7279447504821809,3.6857119814788897,17.1908
6.5,3.63,17.989999771118164,4978.0514,3.11,0.7279447504821809,3.6857119814788897,17.252
6.5,3.63,17.87000084,4978.0514,3.11,0.7279447504821809,3.6857119814788897,17.1878
6.5,3.63,17.260000228881836,4978.0514,3.11,0.7279447504821809,3.6857119814788897,17.213
6.5,3.63,18.43000030517578,4978.0514,3.11,0.7279447504821809,3.6857119814788897,17.3477
6.5,3.63,17.81999969482422,4978.0514,3.11,0.7279447504821809,3.6857119814788897,17.2928
6.5,3.62,18.059999465942383,4978.0514,3.11,0.7279447504821809,3.6857119814788897,17.3968
6.5,3.62,17.440000534057617,4978.0514,3.11,0.7279447504821809,3.6857119814788897,17.2938
6.5,3.62,16.760000228881836,4978.0514,3.11,0.7279447504821809,3.6857119814788897,17.3305
6.5,3.62,16.700000762939453,4978.0514,3.11,0.7279447504821809,3.6857119814788897,17.3213
6.5,3.62,16.59000015258789,4978.0514,3.11,0.7279447504821809,3.6857119814788897,17.272
6.5,3.62,17.010000228881836,4978.0514,3.11,0.7279447504821809,3.6857119814788897,17.3232
6.5,3.62,16.290000915527344,4978.0514,3.11,0.7279447504821809,3.6857119814788897,17.3793
6.5,3.62,15.739999771118164,4978.0514,3.11,0.7279447504821809,3.6857119814788897,17.3213
6.5,3.62,15.31999969482422,4978.0514,3.11,0.7279447504821809,3.6857119814788897,17.3505
6.5,3.62,16.049999237060547,4978.0514,3.11,0.7279447504821809,3.6857119814788897,17.378
6.5,3.62,15.770000457763672,4978.0514,3.11,0.7279447504821809,3.6857119814788897,17.2945
6.5,3.62,16.059999465942383,4978.0514,3.11,0.7279447504821809,3.6857119814788897,17.3328
6.5,3.62,15.399999618530272,4978.0514,3.11,0.7279447504821809,3.6857119814788897,17.2888
6.5,3.62,21.51000022888184,4978.0514,3.11,0.7279447504821809,3.6857119814788897,17.4755
6.5,3.62,18.920000076293945,4978.0514,3.11,0.7279447504821809,3.6857119814788897,17.4453
6.5,3.62,19.87000084,4978.0514,3.11,0.7279447504821809,3.6857119814788897,17.4312
6.5,3.62,22.21999931335449,4978.0514,3.11,0.7279447504821809,3.6857119814788897,17.3898
6.5,3.62,19.440000534057617,4978.0514,3.11,0.7279447504821809,3.6857119814788897,17.3833
6.5,3.62,17.68000030517578,4978.0514,3.11,0.7279447504821809,3.6857119814788897,17.2067
6.5,3.63,16.200000762939453,4978.0514,3.11,0.7279447504821809,3.6857119814788897,17.2008
6.5,3.63,16.40999984741211,4978.0514,3.11,0.7279447504821809,3.6857119814788897,17.2023
6.5,3.63,18.440000534057617,4978.0514,3.11,0.7279447504821809,3.6857119814788897,17.1892
6.5,3.63,16.399999618530273,4978.0514,3.11,0.7279447504821809,3.6857119814788897,17.3688
6.5,3.63,16.399999618530273,4978.0514,3.11,0.7279447504821809,3.6857119814788897,17.3247
6.5,3.63,17.280000686645508,4978.0514,3.11,0.7279447504821809,3.6857119814788897,17.348
6.5,3.63,19.489999771118164,4978.0514,3.11,0.7279447504821809,3.6857119814788897,17.5505
6.5,3.63,18.62999916,4978.0514,3.11,0.7279447504821809,3.6857119814788897,17.6213
6.5,3.63,18.88999938964844,4978.0514,3.11,0.7279447504821809,3.6857119814788897,17.526
6.5,3.63,18.40999984741211,4978.0514,3.11,0.7279447504821809,3.6857119814788897,17.47
6.5,3.63,17.649999618530273,4978.0514,3.11,0.7279447504821809,3.6857119814788897,17.5053
6.5,3.63,16.450000762939453,5471.7514,2.874761904761905,1.1496467992894943,4.154562494986669,17.4693
6.5,3.63,16.59000015258789,5471.7514,2.874761904761905,1.1496467992894943,4.154562494986669,17.5368
6.5,3.63,16.149999618530273,5471.7514,2.874761904761905,1.1496467992894943,4.154562494986669,17.4725
6.5,3.63,16.149999618530273,5471.7514,2.874761904761905,1.1496467992894943,4.154562494986669,17.4758
6.5,3.63,15.56999969482422,5471.7514,2.874761904761905,1.1496467992894943,4.154562494986669,17.4342
6.5,3.63,16.12999916,5471.7514,2.874761904761905,1.1496467992894943,4.154562494986669,17.4958
6.5,3.62,16.899999618530273,5471.7514,2.874761904761905,1.1496467992894943,4.154562494986669,17.5993
6.5,3.62,15.84000015258789,5471.7514,2.874761904761905,1.1496467992894943,4.154562494986669,17.535
6.5,3.62,15.029999732971191,5471.7514,2.874761904761905,1.1496467992894943,4.154562494986669,17.4842
6.5,3.62,17.15999984741211,5471.7514,2.874761904761905,1.1496467992894943,4.154562494986669,17.5023
6.5,3.63,16.5,5471.7514,2.874761904761905,1.1496467992894943,4.154562494986669,17.4278
6.5,3.63,15.670000076293944,5471.7514,2.874761904761905,1.1496467992894943,4.154562494986669,17.391
6.5,3.63,16.729999542236328,5471.7514,2.874761904761905,1.1496467992894943,4.154562494986669,17.4418
6.5,3.63,18.770000457763672,5471.7514,2.874761904761905,1.1496467992894943,4.154562494986669,17.5242
6.5,3.63,18.649999618530277,5471.7514,2.874761904761905,1.1496467992894943,4.154562494986669,17.4315
6.5,3.63,17.049999237060547,5471.7514,2.874761904761905,1.1496467992894943,4.154562494986669,17.3975
6.5,3.63,16.639999389648438,5471.7514,2.874761904761905,1.1496467992894943,4.154562494986669,17.3973
6.5,3.63,18.700000762939453,5471.7514,2.874761904761905,1.1496467992894943,4.154562494986669,17.513
6.5,3.63,18.57999992370605,5471.7514,2.874761904761905,1.1496467992894943,4.154562494986669,17.4635
6.5,3.63,18.670000076293945,5471.7514,2.874761904761905,1.1496467992894943,4.154562494986669,17.444
6.5,3.63,18.209999084472656,5471.7514,2.874761904761905,1.1496467992894943,4.154562494986669,17.4312
6.5,3.63,20.65999984741211,5471.7514,2.874761904761905,1.1496467992894943,4.154562494986669,17.5133
6.5,3.63,17.09000015258789,5471.7514,2.874761904761905,1.1496467992894943,4.154562494986669,17.3562
6.5,3.63,15.989999771118164,5471.7514,2.8717391304347823,1.1496467992894943,4.154562494986669,17.3288
6.5,3.63,15.859999656677246,5471.7514,2.8717391304347823,1.1496467992894943,4.154562494986669,17.3317
6.5,3.63,16.5,5471.7514,2.8717391304347823,1.1496467992894943,4.154562494986669,17.2717
6.5,3.63,15.81000042,5471.7514,2.8717391304347823,1.1496467992894943,4.154562494986669,17.2317
6.5,3.63,15.149999618530272,5471.7514,2.8717391304347823,1.1496467992894943,4.154562494986669,17.2195
6.5,3.63,14.899999618530272,5471.7514,2.8717391304347823,1.1496467992894943,4.154562494986669,17.1387
6.5,3.63,15.460000038146973,5471.7514,2.8717391304347823,1.1496467992894943,4.154562494986669,17.1408
6.5,3.63,15.279999732971191,5471.7514,2.8717391304347823,1.1496467992894943,4.154562494986669,17.1092
